10-Yard Fight	https://archive.org/download/NESManuals/10-Yard Fight (USA, Europe).pdf
1942	https://archive.org/download/NESManuals/1942 (Japan, USA).pdf
1943 - The Battle of Midway	https://archive.org/download/NESManuals/1943 - The Battle of Midway (USA).pdf
3-D WorldRunner	https://archive.org/download/NESManuals/3-D WorldRunner (USA).pdf
720 Degrees	https://archive.org/download/NESManuals/720 Degrees (USA).pdf
8 Eyes	https://archive.org/download/NESManuals/8 Eyes (USA).pdf
Abadox - The Deadly Inner War	https://archive.org/download/NESManuals/Abadox - The Deadly Inner War (USA).pdf
Action 52	https://archive.org/download/NESManuals/Action 52 (USA) (Unl).pdf
Action in New York	https://archive.org/download/NESManuals/S.C.A.T. - Special Cybernetic Attack Team (USA).pdf
Addams Family, The	https://archive.org/download/NESManuals/Addams Family, The (USA).pdf
Addams Family, The - Pugsley's Scavenger Hunt	https://archive.org/download/NESManuals/Addams Family, The - Pugsley's Scavenger Hunt (USA).pdf
Advanced Dungeons & Dragons - DragonStrike	https://archive.org/download/NESManuals/Advanced Dungeons & Dragons - DragonStrike (USA).pdf
Advanced Dungeons & Dragons - Heroes of the Lance	https://archive.org/download/NESManuals/Advanced Dungeons & Dragons - Heroes of the Lance (USA).pdf
Advanced Dungeons & Dragons - Hillsfar	https://archive.org/download/NESManuals/Advanced Dungeons & Dragons - Hillsfar (USA).pdf
Advanced Dungeons & Dragons - Pool of Radiance	https://archive.org/download/NESManuals/Advanced Dungeons & Dragons - Pool of Radiance (USA).pdf
Adventure Island 3	https://archive.org/download/NESManuals/Adventure Island (USA).pdf
Adventure Island Classic	https://archive.org/download/NESManuals/Adventure Island 3 (USA).pdf
Adventure Island Part II, The	https://archive.org/download/NESManuals/Adventure Island II (USA).pdf
Adventures in the Magic Kingdom	https://archive.org/download/NESManuals/Adventures in the Magic Kingdom (USA).pdf
Adventures of Bayou Billy, The	https://archive.org/download/NESManuals/Adventures of Bayou Billy, The (USA).pdf
Adventures of Dino Riki	https://archive.org/download/NESManuals/Adventures of Dino Riki (USA).pdf
Adventures of Gilligan's Island, The	https://archive.org/download/NESManuals/Adventures of Gilligan's Island, The (USA).pdf
Adventures of Lolo	https://archive.org/download/NESManuals/Adventures of Lolo (USA).pdf
Adventures of Lolo 2	https://archive.org/download/NESManuals/Adventures of Lolo 2 (USA).pdf
Adventures of Lolo 3	https://archive.org/download/NESManuals/Adventures of Lolo 3 (USA).pdf
Adventures of Rad Gravity, The	https://archive.org/download/NESManuals/Adventures of Rad Gravity, The (USA).pdf
Adventures of Rocky and Bullwinkle and Friends, The	https://archive.org/download/NESManuals/Adventures of Rocky and Bullwinkle and Friends, The (USA).pdf
Adventures of Tom Sawyer	https://archive.org/download/NESManuals/Adventures of Tom Sawyer (USA).pdf
After Burner	https://archive.org/download/NESManuals/After Burner (USA) (Unl).pdf
Air Fortress	https://archive.org/download/NESManuals/Air Fortress (USA).pdf
Airwolf	https://archive.org/download/NESManuals/Airwolf (USA).pdf
Alfred Chicken	https://archive.org/download/NESManuals/Alfred Chicken (USA).pdf
Alien 3	https://archive.org/download/NESManuals/Alien 3 (USA).pdf
Alien Syndrome	https://archive.org/download/NESManuals/Alien Syndrome (USA) (Unl).pdf
All-Pro Basketball	https://archive.org/download/NESManuals/All-Pro Basketball (USA).pdf
Alpha Mission	https://archive.org/download/NESManuals/Alpha Mission (USA).pdf
Amagon	https://archive.org/download/NESManuals/Amagon (USA).pdf
American Gladiators	https://archive.org/download/NESManuals/American Gladiators (USA).pdf
Anticipation	https://archive.org/download/NESManuals/Anticipation (USA).pdf
Arch Rivals - A Basketbrawl!	https://archive.org/download/NESManuals/Arch Rivals - A Basketbrawl! (USA).pdf
Archon	https://archive.org/download/NESManuals/Archon (USA).pdf
Arkanoid	https://archive.org/download/NESManuals/Arkanoid (USA).pdf
Arkista's Ring	https://archive.org/download/NESManuals/Arkista's Ring (USA).pdf
Asterix	https://www.dpsimulation.org.uk/sitefiles/19/3/4/193478/ASTERIX_NES_Manual.pdf
Astyanax	https://archive.org/download/NESManuals/Astyanax (USA).pdf
Athena	https://archive.org/download/NESManuals/Athena (USA).pdf
Athletic World	https://archive.org/download/NESManuals/Athletic World (USA).pdf
Attack of the Killer Tomatoes	https://archive.org/download/NESManuals/Attack of the Killer Tomatoes (USA).pdf
Aussie Rules Footy	https://archive.org/download/NESManuals/Aussie Rules Footy (Australia).pdf
Baby Boomer	https://archive.org/download/NESManuals/Baby Boomer (USA) (Unl).pdf
Back to the Future	https://archive.org/download/NESManuals/Back to the Future (USA).pdf
Back to the Future Part II & III	https://archive.org/download/NESManuals/Back to the Future Part II & III (USA).pdf
Bad Dudes vs. Dragon Ninja	https://archive.org/download/NESManuals/Bad Dudes (USA).pdf
Bad News Baseball	https://archive.org/download/NESManuals/Bad News Baseball (USA).pdf
Bad Street Brawler	https://archive.org/download/NESManuals/Bad Street Brawler (USA).pdf
Balloon Fight	https://archive.org/download/NESManuals/Balloon Fight (USA).pdf
Bandai Golf - Challenge Pebble Beach	https://archive.org/download/NESManuals/Bandai Golf - Challenge Pebble Beach (USA).pdf
Bandit Kings of Ancient China	https://archive.org/download/NESManuals/Bandit Kings of Ancient China (USA).pdf
Barbie	https://archive.org/download/NESManuals/Barbie (USA).pdf
Bard's Tale, The	https://archive.org/download/NESManuals/Bard's Tale, The (USA).pdf
Barker Bill's Trick Shooting	https://archive.org/download/NESManuals/Barker Bill's Trick Shooting (USA).pdf
Baseball	https://archive.org/download/NESManuals/Baseball (USA, Europe).pdf
Baseball Simulator 1.000	https://archive.org/download/NESManuals/Baseball Simulator 1.000 (USA).pdf
Baseball Stars	https://archive.org/download/NESManuals/Baseball Stars (USA).pdf
Baseball Stars II	https://archive.org/download/NESManuals/Baseball Stars II (USA).pdf
Bases Loaded	https://archive.org/download/NESManuals/Bases Loaded (USA).pdf
Bases Loaded 3	https://archive.org/download/NESManuals/Bases Loaded 3 (USA).pdf
Bases Loaded 4	https://archive.org/download/NESManuals/Bases Loaded 4 (USA).pdf
Bases Loaded II - Second Season	https://archive.org/download/NESManuals/Bases Loaded II - Second Season (USA).pdf
Batman - Return of the Joker	https://archive.org/download/NESManuals/Batman - Return of the Joker (USA).pdf
Batman - The Video Game	https://archive.org/download/NESManuals/Batman - The Video Game (USA).pdf
Batman Returns	https://archive.org/download/NESManuals/Batman Returns (USA).pdf
Battle Chess	https://archive.org/download/NESManuals/Battle Chess (USA).pdf
Battle of Olympus, The	https://archive.org/download/NESManuals/Battle of Olympus, The (USA).pdf
Battleship	https://archive.org/download/NESManuals/Battleship (USA).pdf
Battletoads	https://archive.org/download/NESManuals/Battletoads (USA).pdf
Battletoads-Double Dragon	https://archive.org/download/NESManuals/Battletoads-Double Dragon (USA).pdf
Bee 52	https://archive.org/download/NESManuals/Bee 52 (USA) (Unl).pdf
Beetlejuice	https://archive.org/download/NESManuals/Beetlejuice (USA).pdf
Best of the Best - Championship Karate	https://archive.org/download/NESManuals/Best of the Best - Championship Karate (USA).pdf
Bible Adventures	https://archive.org/download/NESManuals/Bible Adventures (USA) (Unl).pdf
Bible Buffet	https://archive.org/download/NESManuals/Bible Buffet (USA) (Unl).pdf
Big Nose Freaks Out	https://archive.org/download/NESManuals/Big Nose Freaks Out (USA) (Unl).pdf
Big Nose the Caveman	https://archive.org/download/NESManuals/Big Nose the Caveman (USA) (Unl).pdf
Bigfoot	https://archive.org/download/NESManuals/Bigfoot (USA).pdf
Bill & Ted's Excellent Video Game Adventure	https://archive.org/download/NESManuals/Bill & Ted's Excellent Video Game Adventure (USA).pdf
Bill Elliott's NASCAR Challenge	https://archive.org/download/NESManuals/Bill Elliott's NASCAR Challenge (USA).pdf
Bionic Commando	https://archive.org/download/NESManuals/Bionic Commando (USA).pdf
Black Bass, The	https://archive.org/download/NESManuals/Black Bass, The (USA).pdf
Blackjack	https://archive.org/download/NESManuals/Blackjack (USA) (Unl).pdf
Blades of Steel	https://archive.org/download/NESManuals/Blades of Steel (USA).pdf
Blaster Master	https://archive.org/download/NESManuals/Blaster Master (USA).pdf
Blue Marlin, The	https://archive.org/download/NESManuals/Blue Marlin, The (USA).pdf
Blue Shadow	https://archive.org/download/NESManuals/Shadow of the Ninja (USA).pdf
Blues Brothers, The	https://archive.org/download/NESManuals/Blues Brothers, The (USA).pdf
Bo Jackson Baseball	https://archive.org/download/NESManuals/Bo Jackson Baseball (USA).pdf
Bomberman	https://archive.org/download/NESManuals/Bomberman (USA).pdf
Bonk's Adventure	https://archive.org/download/NESManuals/Bonk's Adventure (USA).pdf
Boulder Dash	https://archive.org/download/NESManuals/Boulder Dash (USA).pdf
Bram Stoker's Dracula	https://archive.org/download/NESManuals/Bram Stoker's Dracula (USA).pdf
Break Time - The National Pool Tour	https://archive.org/download/NESManuals/Break Time - The National Pool Tour (USA).pdf
BreakThru	https://archive.org/download/NESManuals/BreakThru (USA).pdf
Bubble Bobble	https://archive.org/download/NESManuals/Bubble Bobble (USA).pdf
Bubble Bobble Part 2	https://archive.org/download/NESManuals/Bubble Bobble Part 2 (USA).pdf
Bucky O'Hare	https://archive.org/download/NESManuals/Bucky O'Hare (USA).pdf
Bugs Bunny Blowout, The	https://archive.org/download/NESManuals/Bugs Bunny Birthday Blowout, The (USA).pdf
Bugs Bunny Crazy Castle, The	https://archive.org/download/NESManuals/Bugs Bunny Crazy Castle, The (USA).pdf
Bump 'n' Jump	https://archive.org/download/NESManuals/Bump'n'Jump (USA).pdf
Burai Fighter	https://archive.org/download/NESManuals/Burai Fighter (USA).pdf
BurgerTime	https://archive.org/download/NESManuals/BurgerTime (USA).pdf
Cabal	https://archive.org/download/NESManuals/Cabal (USA).pdf
Caesars Palace	https://archive.org/download/NESManuals/Caesars Palace (USA).pdf
California Games	https://archive.org/download/NESManuals/California Games (USA).pdf
Caltron - 6 in 1	https://archive.org/download/NESManuals/Caltron - 6 in 1 (USA) (Unl).pdf
Capcom's Gold Medal Challenge '92	https://archive.org/download/NESManuals/Capcom's Gold Medal Challenge '92 (USA).pdf
Captain America and the Avengers	https://archive.org/download/NESManuals/Captain America and the Avengers (USA).pdf
Captain Comic - The Adventure	https://archive.org/download/NESManuals/Captain Comic - The Adventure (USA) (Unl).pdf
Captain Planet and the Planeteers	https://archive.org/download/NESManuals/Captain Planet and the Planeteers (USA).pdf
Captain Skyhawk	https://archive.org/download/NESManuals/Captain Skyhawk (USA).pdf
Casino Kid	https://archive.org/download/NESManuals/Casino Kid (USA).pdf
Casino Kid II	https://archive.org/download/NESManuals/Casino Kid II (USA).pdf
Castelian	https://archive.org/download/NESManuals/Castelian (USA).pdf
Castle of Deceit	https://archive.org/download/NESManuals/Castle of Deceit (USA) (Unl).pdf
Castle of Dragon	https://archive.org/download/NESManuals/Castle of Dragon (USA).pdf
Castlequest	https://archive.org/download/NESManuals/Castlequest (USA).pdf
Castlevania	https://archive.org/download/NESManuals/Castlevania (USA).pdf
Castlevania II - Simon's Quest	https://archive.org/download/NESManuals/Castlevania II - Simon's Quest (USA).pdf
Castlevania III - Dracula's Curse	https://archive.org/download/NESManuals/Castlevania III - Dracula's Curse (USA).pdf
Caveman Games	https://archive.org/download/NESManuals/Caveman Games (USA).pdf
Challenge of the Dragon	https://archive.org/download/NESManuals/Challenge of the Dragon (USA) (Unl).pdf
Championship Bowling	https://archive.org/download/NESManuals/Championship Bowling (USA).pdf
Championship Pool	https://archive.org/download/NESManuals/Championship Pool (USA).pdf
Championship Rally	https://archive.org/download/NESManuals/Championship Rally (Europe).pdf
Chessmaster, The	https://archive.org/download/NESManuals/Chessmaster, The (USA).pdf
Chiller	https://archive.org/download/NESManuals/Chiller (USA) (Unl).pdf
Chip 'n Dale - Rescue Rangers	https://archive.org/download/NESManuals/Chip 'n Dale - Rescue Rangers (USA).pdf
Chip 'n Dale - Rescue Rangers 2	https://archive.org/download/NESManuals/Chip 'n Dale - Rescue Rangers 2 (USA).pdf
Chubby Cherub	https://archive.org/download/NESManuals/Chubby Cherub (USA).pdf
Circus Caper	https://archive.org/download/NESManuals/Circus Caper (USA).pdf
City Connection	https://archive.org/download/NESManuals/City Connection (USA).pdf
Clash at Demonhead	https://archive.org/download/NESManuals/Clash at Demonhead (USA).pdf
Classic Concentration	https://archive.org/download/NESManuals/Classic Concentration (USA).pdf
Cliffhanger	https://archive.org/download/NESManuals/Cliffhanger (USA).pdf
Clu Clu Land	https://archive.org/download/NESManuals/Clu Clu Land (World).pdf
Cobra Command	https://archive.org/download/NESManuals/Cobra Command (USA).pdf
Cobra Triangle	https://archive.org/download/NESManuals/Cobra Triangle (USA).pdf
Code Name - Viper	https://archive.org/download/NESManuals/Code Name - Viper (USA).pdf
Color a Dinosaur	https://archive.org/download/NESManuals/Color a Dinosaur (USA).pdf
Commando	https://archive.org/download/NESManuals/Commando (USA).pdf
Conan	https://archive.org/download/NESManuals/Conan (USA).pdf
Conflict	https://archive.org/download/NESManuals/Conflict (USA).pdf
Conquest of the Crystal Palace	https://archive.org/download/NESManuals/Conquest of the Crystal Palace (USA).pdf
Contra Force	https://archive.org/download/NESManuals/Contra Force (USA).pdf
Cool World	https://archive.org/download/NESManuals/Cool World (USA).pdf
Corvette ZR-1 Challenge	https://archive.org/download/NESManuals/Race America (USA).pdf
Cosmic Spacehead	https://archive.org/download/NESManuals/Linus Spacehead's Cosmic Crusade (USA) (Unl).pdf
Cowboy Kid	https://archive.org/download/NESManuals/Cowboy Kid (USA).pdf
Crackout	http://www.thegameisafootarcade.com/wp-content/uploads/2017/02/Crackout-Game-Manual.pdf
Crash 'n' the Boys - Street Challenge	https://archive.org/download/NESManuals/Crash 'n' the Boys - Street Challenge (USA).pdf
Crystal Mines	https://archive.org/download/NESManuals/Crystal Mines (USA) (Unl).pdf
Crystalis	https://archive.org/download/NESManuals/Crystalis (USA).pdf
Cyber Stadium Series - Base Wars	https://archive.org/download/NESManuals/Cyber Stadium Series - Base Wars (USA).pdf
Cyberball	https://archive.org/download/NESManuals/Cyberball (USA).pdf
Cybernoid - The Fighting Machine	https://archive.org/download/NESManuals/Cybernoid - The Fighting Machine (USA).pdf
Dance Aerobics	https://archive.org/download/NESManuals/Dance Aerobics (USA).pdf
Danny Sullivan's Indy Heat	https://archive.org/download/NESManuals/Danny Sullivan's Indy Heat (USA).pdf
Darkman	https://archive.org/download/NESManuals/Darkman (USA).pdf
Darkwing Duck	https://archive.org/download/NESManuals/Darkwing Duck (USA).pdf
Dash Galaxy in the Alien Asylum	https://archive.org/download/NESManuals/Dash Galaxy in the Alien Asylum (USA).pdf
David Crane's A Boy and His Blob - Trouble on Blobolonia	https://archive.org/download/NESManuals/Boy and His Blob, A - Trouble on Blobolonia (USA).pdf
Day Dreamin' Davey	https://archive.org/download/NESManuals/Day Dreamin' Davey (USA).pdf
Days of Thunder	https://archive.org/download/NESManuals/Days of Thunder (USA).pdf
Deadly Towers	https://archive.org/download/NESManuals/Deadly Towers (USA).pdf
Death Race	https://archive.org/download/NESManuals/Death Race (USA) (Unl).pdf
Deathbots	https://archive.org/download/NESManuals/Deathbots (USA) (Unl).pdf
Defender II	https://archive.org/download/NESManuals/Defender II (USA).pdf
Defender of the Crown	https://archive.org/download/NESManuals/Defender of the Crown (USA).pdf
Defenders of Dynatron City	https://archive.org/download/NESManuals/Defenders of Dynatron City (USA).pdf
Deja Vu	https://archive.org/download/NESManuals/Deja Vu (USA).pdf
Demon Sword	https://archive.org/download/NESManuals/Demon Sword - Release the Power (USA).pdf
Desert Commander	https://archive.org/download/NESManuals/Desert Commander (USA).pdf
Destination Earthstar	https://archive.org/download/NESManuals/Destination Earthstar (USA).pdf
Destiny of an Emperor	https://archive.org/download/NESManuals/Destiny of an Emperor (USA).pdf
Dick Tracy	https://archive.org/download/NESManuals/Dick Tracy (USA).pdf
Die Hard	https://archive.org/download/NESManuals/Die Hard (USA).pdf
Dig Dug II - Trouble in Paradise	https://archive.org/download/NESManuals/Dig Dug II - Trouble in Paradise (USA).pdf
Digger T. Rock - The Legend of the Lost City	https://archive.org/download/NESManuals/Digger - The Legend of the Lost City (USA).pdf
Dirty Harry	https://archive.org/download/NESManuals/Dirty Harry (USA).pdf
Dizzy the Adventurer	https://archive.org/download/NESManuals/Dizzy the Adventurer (USA) (Unl).pdf
Donkey Kong	http://www.digitpress.com/library/manuals/nes/Donkey%20Kong.pdf
Donkey Kong 3	https://archive.org/download/NESManuals/Donkey Kong 3 (World).pdf
Donkey Kong Classics	https://archive.org/download/NESManuals/Donkey Kong Classics (USA, Europe).pdf
Donkey Kong Jr.	https://archive.org/download/NESManuals/Donkey Kong Jr. (World).pdf
Donkey Kong Jr. Math	https://archive.org/download/NESManuals/Donkey Kong Jr. Math (USA, Europe).pdf
Double Dare	https://archive.org/download/NESManuals/Double Dare (USA).pdf
Double Dragon	https://archive.org/download/NESManuals/Double Dragon (USA).pdf
Double Dragon II - The Revenge	https://archive.org/download/NESManuals/Double Dragon II - The Revenge (USA).pdf
Double Dragon III - The Sacred Stones	https://archive.org/download/NESManuals/Double Dragon III - The Sacred Stones (USA).pdf
Double Dribble	https://archive.org/download/NESManuals/Double Dribble (USA).pdf
Double Strike - Aerial Attack Force	https://archive.org/download/NESManuals/Double Strike - Aerial Attack Force (USA) (Unl).pdf
Dr. Chaos	https://archive.org/download/NESManuals/Dr. Chaos (USA).pdf
Dr. Jekyll and Mr. Hyde	https://archive.org/download/NESManuals/Dr. Jekyll and Mr. Hyde (USA).pdf
Dr. Mario	https://archive.org/download/NESManuals/Dr. Mario (Japan, USA).pdf
Dragon Fighter	https://archive.org/download/NESManuals/Dragon Fighter (USA).pdf
Dragon Power	https://archive.org/download/NESManuals/Dragon Power (USA).pdf
Dragon Spirit - The New Legend	https://archive.org/download/NESManuals/Dragon Spirit - The New Legend (USA).pdf
Dragon Warrior	https://archive.org/download/NESManuals/Dragon Warrior (USA).pdf
Dragon Warrior II	https://archive.org/download/NESManuals/Dragon Warrior II (USA).pdf
Dragon Warrior III	https://archive.org/download/NESManuals/Dragon Warrior III (USA).pdf
Dragon Warrior IV	https://archive.org/download/NESManuals/Dragon Warrior IV (USA).pdf
Dragon's Lair	https://archive.org/download/NESManuals/Dragon's Lair (USA).pdf
Duck Hunt	https://archive.org/download/NESManuals/Duck Hunt (World).pdf
DuckTales	https://archive.org/download/NESManuals/DuckTales (USA).pdf
DuckTales 2	https://archive.org/download/NESManuals/DuckTales 2 (USA).pdf
Dudes with Attitude	https://archive.org/download/NESManuals/Dudes With Attitude (USA) (Unl).pdf
Dungeon Magic - Sword of the Elements	https://archive.org/download/NESManuals/Dungeon Magic - Sword of the Elements (USA).pdf
Dusty Diamond's All-Star Softball	https://archive.org/download/NESManuals/Dusty Diamond's All-Star Softball (USA).pdf
Dynablaster	https://archive.org/download/NESManuals/Bomberman II (USA).pdf
Dynowarz - The Destruction of Spondylus	https://archive.org/download/NESManuals/Dynowarz - Destruction of Spondylus (USA).pdf
Elevator Action	https://archive.org/download/NESManuals/Elevator Action (USA).pdf
Eliminator Boat Duel	https://archive.org/download/NESManuals/Eliminator Boat Duel (USA).pdf
Elite	https://archive.org/download/NESManuals/Elite (Europe).pdf
Empereur, L'	https://archive.org/download/NESManuals/Empereur, L' (USA).pdf
Eric Cantona Football Challenge - Goal! 2	https://archive.org/download/NESManuals/Goal! Two (USA).pdf
Excitebike	https://archive.org/download/NESManuals/Excitebike (Japan, USA).pdf
Exodus - Journey to the Promised Land	https://archive.org/download/NESManuals/Exodus - Journey to the Promised Land (USA) (Unl).pdf
F-117A Stealth Fighter	https://archive.org/download/NESManuals/F-117A - Stealth Fighter (USA).pdf
F-15 City War	https://archive.org/download/NESManuals/F15 City War (USA) (Unl).pdf
F-15 Strike Eagle	https://archive.org/download/NESManuals/F-15 Strike Eagle (USA).pdf
Family Feud	https://archive.org/download/NESManuals/Family Feud (USA).pdf
Fantastic Adventures of Dizzy, The	https://archive.org/download/NESManuals/Fantastic Adventures of Dizzy, The (USA) (Unl).pdf
Fantasy Zone	https://archive.org/download/NESManuals/Fantasy Zone (USA) (Unl).pdf
Faria - A World of Mystery & Danger!	https://archive.org/download/NESManuals/Faria - A World of Mystery & Danger! (USA).pdf
Faxanadu	https://archive.org/download/NESManuals/Faxanadu (USA).pdf
Felix the Cat	https://archive.org/download/NESManuals/Felix the Cat (USA).pdf
Ferrari Grand Prix Challenge	https://archive.org/download/NESManuals/Ferrari Grand Prix Challenge (USA).pdf
Fester's Quest	https://archive.org/download/NESManuals/Fester's Quest (USA).pdf
Final Fantasy	https://archive.org/download/NESManuals/Final Fantasy (USA).pdf
Firehawk	https://archive.org/download/NESManuals/Firehawk (USA) (Unl).pdf
Fisher-Price - Firehouse Rescue	https://archive.org/download/NESManuals/Fisher-Price - Firehouse Rescue (USA).pdf
Fisher-Price - I Can Remember	https://archive.org/download/NESManuals/Fisher-Price - I Can Remember (USA).pdf
Fisher-Price - Perfect Fit	https://archive.org/download/NESManuals/Fisher-Price - Perfect Fit (USA).pdf
Fist of the North Star	https://archive.org/download/NESManuals/Fist of the North Star (USA).pdf
Flintstones, The - The Rescue of Dino & Hoppy	https://archive.org/download/NESManuals/Flintstones, The - The Rescue of Dino & Hoppy (USA).pdf
Flintstones, The - The Surprise at Dinosaur Peak	https://archive.org/download/NESManuals/Flintstones, The - The Surprise at Dinosaur Peak! (USA).pdf
Flying Dragon - The Secret Scroll	https://archive.org/download/NESManuals/Flying Dragon - The Secret Scroll (USA).pdf
Flying Warriors	https://archive.org/download/NESManuals/Flying Warriors (USA).pdf
Formula One - Built to Win	https://archive.org/download/NESManuals/Formula One - Built to Win (USA).pdf
Four Players' Tennis	https://archive.org/download/NESManuals/Top Players' Tennis Featuring Chris Evert & Ivan Lendl (USA).pdf
Fox's Peter Pan & the Pirates - The Revenge of Captain Hook	https://archive.org/download/NESManuals/Fox's Peter Pan & the Pirates - The Revenge of Captain Hook (USA).pdf
Frankenstein - The Monster Returns	https://archive.org/download/NESManuals/Frankenstein - The Monster Returns (USA).pdf
Freedom Force	https://archive.org/download/NESManuals/Freedom Force (USA).pdf
Friday the 13th	https://archive.org/download/NESManuals/Friday the 13th (USA).pdf
Fun House	https://archive.org/download/NESManuals/Fun House (USA).pdf
G.I. Joe - A Real American Hero	https://archive.org/download/NESManuals/G.I. Joe - A Real American Hero (USA).pdf
G.I. Joe - The Atlantis Factor	https://archive.org/download/NESManuals/G.I. Joe - The Atlantis Factor (USA).pdf
Galactic Crusader	https://archive.org/download/NESManuals/Galactic Crusader (USA) (Unl).pdf
Galaga	https://archive.org/download/NESManuals/Galaga - Demons of Death (USA).pdf
Galaxy 5000 - Racing in the 51st Century	https://archive.org/download/NESManuals/Galaxy 5000 (USA).pdf
Gargoyle's Quest II	https://archive.org/download/NESManuals/Gargoyle's Quest II (USA).pdf
Garry Kitchen's Battletank	https://archive.org/download/NESManuals/Battletank (USA).pdf
Gauntlet	https://archive.org/download/NESManuals/Gauntlet (USA).pdf
Gauntlet II	https://archive.org/download/NESManuals/Gauntlet II (USA).pdf
Gemfire	https://archive.org/download/NESManuals/Gemfire (USA).pdf
Genghis Khan	https://archive.org/download/NESManuals/Genghis Khan (USA).pdf
George Foreman's KO Boxing	https://archive.org/download/NESManuals/George Foreman's KO Boxing (USA).pdf
Ghost Lion	https://archive.org/download/NESManuals/Legend of the Ghost Lion (USA).pdf
Ghost'n Goblins	https://archive.org/download/NESManuals/Ghosts'n Goblins (USA).pdf
Ghostbusters	https://archive.org/download/NESManuals/Ghostbusters (USA).pdf
Ghostbusters II	https://archive.org/download/NESManuals/Ghostbusters II (USA).pdf
Ghoul School	https://archive.org/download/NESManuals/Ghoul School (USA).pdf
Goal!	https://archive.org/download/NESManuals/Goal! (USA).pdf
Godzilla - Monster of Monsters!	https://archive.org/download/NESManuals/Godzilla 2 - War of the Monsters (USA).pdf
Godzilla 2 - War of the Monsters	https://archive.org/download/NESManuals/Godzilla - Monster of Monsters! (USA).pdf
Golf	https://archive.org/download/NESManuals/Golf (USA).pdf
Golf Grand Slam	https://archive.org/download/NESManuals/Golf Grand Slam (USA).pdf
Golgo 13 - Top Secret Episode	https://archive.org/download/NESManuals/Golgo 13 - Top Secret Episode (USA).pdf
Goonies II, The	https://archive.org/download/NESManuals/Goonies II, The (USA).pdf
Gotcha! - The Sport!	https://archive.org/download/NESManuals/Gotcha! - The Sport! (USA).pdf
Gradius	https://archive.org/download/NESManuals/Gradius (USA).pdf
Great Waldo Search, The	https://archive.org/download/NESManuals/Great Waldo Search, The (USA).pdf
Greg Norman's Golf Power	https://archive.org/download/NESManuals/Greg Norman's Golf Power (USA).pdf
Gremlins 2 - The New Batch	https://archive.org/download/NESManuals/Gremlins 2 - The New Batch (USA).pdf
Guardian Legend, The	https://archive.org/download/NESManuals/Guardian Legend, The (USA).pdf
Guerrilla War	https://archive.org/download/NESManuals/Guerrilla War (USA).pdf
Gumshoe	https://archive.org/download/NESManuals/Gumshoe (USA, Europe).pdf
Gun Nac	https://archive.org/download/NESManuals/Gun Nac (USA).pdf
Gun.Smoke	https://archive.org/download/NESManuals/Gun.Smoke (USA).pdf
Gyrodine	https://archive.org/download/NESManuals/Gyromite (World).pdf
Gyruss	https://archive.org/download/NESManuals/Gyruss (USA).pdf
Hammerin' Harry	https://archive.org/download/NESManuals/Hammerin' Harry (Europe).pdf
Harlem Globetrotters	https://archive.org/download/NESManuals/Harlem Globetrotters (USA).pdf
Hatris	https://archive.org/download/NESManuals/Hatris (USA).pdf
Heavy Barrel	https://archive.org/download/NESManuals/Heavy Barrel (USA).pdf
High Speed	https://archive.org/download/NESManuals/High Speed (USA).pdf
Hogan's Alley	https://archive.org/download/NESManuals/Hogan's Alley (World).pdf
Hollywood Squares	https://archive.org/download/NESManuals/Hollywood Squares (USA).pdf
Home Alone	https://archive.org/download/NESManuals/Home Alone (USA).pdf
Home Alone 2 - Lost in New York	https://archive.org/download/NESManuals/Home Alone 2 - Lost in New York (USA).pdf
Hook	https://archive.org/download/NESManuals/Hook (USA).pdf
Hoops	https://archive.org/download/NESManuals/Hoops (USA).pdf
Hudson Hawk	https://archive.org/download/NESManuals/Hudson Hawk (USA).pdf
Hunt for Red October, The	https://archive.org/download/NESManuals/Hunt for Red October, The (USA).pdf
Hydlide	https://archive.org/download/NESManuals/Hydlide (USA).pdf
Ice Climber	https://archive.org/download/NESManuals/Ice Climber (USA, Europe).pdf
Ice Hockey	https://archive.org/download/NESManuals/Ice Hockey (USA).pdf
Ikari III - The Rescue	https://archive.org/download/NESManuals/Ikari III - The Rescue (USA).pdf
Ikari Warriors	https://archive.org/download/NESManuals/Ikari Warriors (USA).pdf
Ikari Warriors II - Victory Road	https://archive.org/download/NESManuals/Ikari Warriors II - Victory Road (USA).pdf
Image Fight	https://archive.org/download/NESManuals/Image Fight (USA).pdf
Immortal, The	https://archive.org/download/NESManuals/Immortal, The (USA).pdf
Impossible Mission II	https://archive.org/download/NESManuals/Impossible Mission II (USA) (Unl).pdf
Incredible Crash Dummies, The	https://archive.org/download/NESManuals/Incredible Crash Dummies, The (USA).pdf
Indiana Jones and the Last Crusade	https://archive.org/download/NESManuals/Indiana Jones and the Last Crusade (Taito) (USA).pdf
Indiana Jones and the Temple of Doom	http://www.digitpress.com/library/manuals/nes/Indiana%20Jones%20and%20the%20Temple%20of%20Doom%20(mindscape).pdf
Infiltrator	http://www.digitpress.com/library/manuals/nes/Infiltrator.pdf
Iron Tank - The Invasion of Normandy	https://archive.org/download/NESManuals/Iron Tank - The Invasion of Normandy (USA).pdf
IronSword - Wizards & Warriors II	https://archive.org/download/NESManuals/IronSword - Wizards & Warriors II (USA).pdf
Isolated Warrior	https://archive.org/download/NESManuals/Isolated Warrior (USA).pdf
Ivan 'Ironman' Stewart's Super Off Road	https://archive.org/download/NESManuals/Ivan 'Ironman' Stewart's Super Off Road (USA).pdf
Jack Nicklaus' Greatest 18 Holes of Major Championship Golf	https://archive.org/download/NESManuals/Jack Nicklaus' Greatest 18 Holes of Major Championship Golf (USA).pdf
Jackal	https://archive.org/download/NESManuals/Jackal (USA).pdf
Jackie Chan's Action Kung Fu	https://archive.org/download/NESManuals/Jackie Chan's Action Kung Fu (USA).pdf
James Bond Jr	https://archive.org/download/NESManuals/James Bond Jr (USA).pdf
Jaws	https://archive.org/download/NESManuals/Jaws (USA).pdf
Jeopardy!	https://archive.org/download/NESManuals/Jeopardy! (USA).pdf
Jeopardy! 25th Anniversary Edition	https://archive.org/download/NESManuals/Jeopardy! 25th Anniversary Edition (USA).pdf
Jeopardy! Junior Edition	https://archive.org/download/NESManuals/Jeopardy! Junior Edition (USA).pdf
Jetsons, The - Cogswell's Caper	https://archive.org/download/NESManuals/Jetsons, The - Cogswell's Caper (USA).pdf
Jimmy Connors Tennis	https://archive.org/download/NESManuals/Jimmy Connors Tennis (USA).pdf
Joe & Mac - Caveman Ninja	https://archive.org/download/NESManuals/Joe & Mac (USA).pdf
John Elway's Quarterback	https://archive.org/download/NESManuals/John Elway's Quarterback (USA).pdf
Jordan vs Bird - One on One	https://archive.org/download/NESManuals/Jordan vs Bird - One On One (USA).pdf
Joshua & the Battle of Jericho	https://archive.org/download/NESManuals/Joshua & the Battle of Jericho (USA) (Unl).pdf
Journey to Silius	https://archive.org/download/NESManuals/Journey to Silius (USA).pdf
Joust	https://archive.org/download/NESManuals/Joust (USA).pdf
Jungle Book, The	https://archive.org/download/NESManuals/Jungle Book, The (USA).pdf
Jurassic Boy	https://archive.org/download/NESManuals/Jurassic Park (USA).pdf
Kabuki - Quantum Fighter	https://archive.org/download/NESManuals/Kabuki - Quantum Fighter (USA).pdf
Karate Champ	https://archive.org/download/NESManuals/Karate Champ (USA).pdf
Karate Kid, The	https://archive.org/download/NESManuals/Karate Kid, The (USA).pdf
Karnov	http://www.digitpress.com/library/manuals/nes/Karnov.pdf
Kickle Cubicle	https://archive.org/download/NESManuals/Kickle Cubicle (USA).pdf
KickMaster	https://archive.org/download/NESManuals/Kick Master (USA).pdf
Kid Icarus	https://archive.org/download/NESManuals/Kid Icarus (USA, Europe).pdf
Kid Klown in Night Mayor World	https://archive.org/download/NESManuals/Kid Klown in Night Mayor World (USA).pdf
Kid Kool and the Quest for the Seven Wonder Herbs	https://archive.org/download/NESManuals/Kid Kool and the Quest for the Seven Wonder Herbs (USA).pdf
Kid Niki - Radical Ninja	https://archive.org/download/NESManuals/Kid Niki - Radical Ninja (USA).pdf
King Neptune's Adventure	https://archive.org/download/NESManuals/King Neptune's Adventure (USA) (Unl).pdf
King of Kings	https://archive.org/download/NESManuals/King of Kings, The (USA) (Unl).pdf
King's Knight	https://archive.org/download/NESManuals/King's Knight (USA).pdf
King's Quest V	https://archive.org/download/NESManuals/King's Quest V (USA).pdf
Kings of the Beach - Professional Beach Volleyball	https://archive.org/download/NESManuals/Kings of the Beach - Professional Beach Volleyball (USA).pdf
Kirby's Adventure	https://archive.org/download/NESManuals/Kirby's Adventure (USA).pdf
KlashBall	https://archive.org/download/NESManuals/Klash Ball (USA).pdf
Klax	https://archive.org/download/NESManuals/Klax (USA) (Unl).pdf
Knight Rider	https://archive.org/download/NESManuals/Knight Rider (USA).pdf
Konami Hyper Soccer	https://www.thegameisafootarcade.com/wp-content/uploads/2017/02/Konami-Hyper-Soccer-Game-Manual.pdf
Krazy Kreatures	https://archive.org/download/NESManuals/Krazy Kreatures (USA) (Unl).pdf
Krion Conquest, The	https://archive.org/download/NESManuals/Krion Conquest, The (USA).pdf
Krusty's Fun House	https://archive.org/download/NESManuals/Krusty's Fun House (USA).pdf
Kung Fu	https://archive.org/download/NESManuals/Kung Fu (Japan, USA).pdf
Kung-Fu Heroes	https://archive.org/download/NESManuals/Kung-Fu Heroes (USA).pdf
Laser Invasion	https://archive.org/download/NESManuals/Laser Invasion (USA).pdf
Last Action Hero	https://archive.org/download/NESManuals/Last Action Hero (USA).pdf
Last Ninja, The	https://archive.org/download/NESManuals/Last Ninja, The (USA).pdf
Last Starfighter, The	https://archive.org/download/NESManuals/Last Starfighter, The (USA).pdf
Lee Trevino's Fighting Golf	https://archive.org/download/NESManuals/Lee Trevino's Fighting Golf (USA).pdf
Legacy of the Wizard	https://archive.org/download/NESManuals/Legacy of the Wizard (USA).pdf
Legend of Kage, The	https://archive.org/download/NESManuals/Legend of Kage, The (USA).pdf
Legend of Zelda, The	https://archive.org/download/NESManuals/Legend of Zelda, The (USA).pdf
Legendary Wings	https://archive.org/download/NESManuals/Legendary Wings (USA).pdf
Legends of the Diamond - The Baseball Championship Game	https://archive.org/download/NESManuals/Legends of the Diamond - The Baseball Championship Game (USA).pdf
Lemmings	https://archive.org/download/NESManuals/Lemmings (USA).pdf
Lethal Weapon	https://archive.org/download/NESManuals/Lethal Weapon (USA).pdf
Life Force - Salamander	https://archive.org/download/NESManuals/Life Force (USA).pdf
Lion King, The	https://archive.org/download/NESManuals/Lion King, The (Europe).pdf
Little League Baseball - Championship Series	https://archive.org/download/NESManuals/Little League Baseball - Championship Series (USA).pdf
Little Mermaid, The	https://archive.org/download/NESManuals/Little Mermaid, The (USA).pdf
Little Nemo - The Dream Master	https://archive.org/download/NESManuals/Little Nemo - The Dream Master (USA).pdf
Little Ninja Brothers	https://archive.org/download/NESManuals/Little Ninja Brothers (USA).pdf
Little Samson	https://archive.org/download/NESManuals/Little Samson (USA).pdf
Lode Runner	https://archive.org/download/NESManuals/Lode Runner (USA).pdf
Lone Ranger, The	https://archive.org/download/NESManuals/Lone Ranger, The (USA).pdf
Loopz	https://archive.org/download/NESManuals/Loopz (USA).pdf
Low G Man - The Low Gravity Man	https://archive.org/download/NESManuals/Low G Man - The Low Gravity Man (USA).pdf
Lunar Pool	https://archive.org/download/NESManuals/Lunar Pool (USA).pdf
M.U.L.E.	https://archive.org/download/NESManuals/M.U.L.E. (USA).pdf
M.U.S.C.L.E. - Tag Team Match	https://archive.org/download/NESManuals/M.U.S.C.L.E. - Tag Team Match (USA).pdf
Mach Rider	https://archive.org/download/NESManuals/Mach Rider (Japan, USA).pdf
Mad Max	https://archive.org/download/NESManuals/Mad Max (USA).pdf
Mafat Conspiracy, The	https://archive.org/download/NESManuals/Mafat Conspiracy, The (USA).pdf
Magic Darts	https://archive.org/download/NESManuals/Magic Darts (USA).pdf
Magic Johnson's Fast Break	https://archive.org/download/NESManuals/Magic Johnson's Fast Break (USA).pdf
Magic of Scheherazade, The	https://archive.org/download/NESManuals/Magic of Scheherazade, The (USA).pdf
Magician	https://archive.org/download/NESManuals/Magician (USA).pdf
Magmax	https://archive.org/download/NESManuals/Magmax (USA).pdf
Major League Baseball	https://archive.org/download/NESManuals/Major League Baseball (USA).pdf
Maniac Mansion	https://archive.org/download/NESManuals/Maniac Mansion (USA).pdf
Mappy-Land	https://archive.org/download/NESManuals/Mappy-Land (USA).pdf
Marble Madness	https://archive.org/download/NESManuals/Marble Madness (USA).pdf
Mario & Yoshi	http://www.digitpress.com/library/manuals/nes/Yoshi.pdf
Mario Bros.	https://archive.org/download/NESManuals/Mario Bros. (World).pdf
Mario is Missing!	https://archive.org/download/NESManuals/Mario is Missing! (USA).pdf
Mario's Time Machine	https://archive.org/download/NESManuals/Mario's Time Machine (USA).pdf
Master Chu and the Drunkard Hu	https://archive.org/download/NESManuals/Master Chu and the Drunkard Hu (USA) (Unl).pdf
Maxi 15	https://archive.org/download/NESManuals/Maxi 15 (USA) (Unl).pdf
McDonaldland	https://archive.org/download/NESManuals/M.C. Kids (USA).pdf
Mechanized Attack	https://archive.org/download/NESManuals/Mechanized Attack (USA).pdf
Mega Man	https://archive.org/download/NESManuals/Mega Man (USA).pdf
Mega Man 2	https://archive.org/download/NESManuals/Mega Man 2 (USA).pdf
Mega Man 3	https://archive.org/download/NESManuals/Mega Man 3 (USA).pdf
Mega Man 4	https://archive.org/download/NESManuals/Mega Man 4 (USA).pdf
Mega Man 5	https://archive.org/download/NESManuals/Mega Man 5 (USA).pdf
Mega Man 6	https://archive.org/download/NESManuals/Mega Man 6 (USA).pdf
Menace Beach	https://archive.org/download/NESManuals/Menace Beach (USA) (Unl).pdf
Mendel Palace	https://archive.org/download/NESManuals/Mendel Palace (USA).pdf
Mermaids of Atlantis - The Riddle of the Magic Bubble	https://archive.org/download/NESManuals/Bubble Bath Babes (USA) (Unl).pdf
Metal Fighter	https://archive.org/download/NESManuals/Metal Fighter (USA) (Unl).pdf
Metal Gear	https://archive.org/download/NESManuals/Metal Gear (USA).pdf
Metal Storm	https://archive.org/download/NESManuals/Metal Storm (USA).pdf
MetalMech - Man & Machine	https://archive.org/download/NESManuals/Metal Mech - Man & Machine (USA).pdf
Metroid	https://archive.org/download/NESManuals/Metroid (USA).pdf
Michael Andretti's World GP	https://archive.org/download/NESManuals/Michael Andretti's World GP (USA).pdf
Mickey Mousecapade	https://archive.org/download/NESManuals/Mickey Mousecapade (USA).pdf
Mickey's Adventure in Numberland	https://archive.org/download/NESManuals/Mickey's Adventure in Numberland (USA).pdf
Mickey's Safari in Letterland	https://archive.org/download/NESManuals/Mickey's Safari in Letterland (USA).pdf
Micro Machines	https://archive.org/download/NESManuals/Micro Machines (USA) (Unl).pdf
MiG 29 - Soviet Fighter	https://archive.org/download/NESManuals/MiG 29 - Soviet Fighter (USA) (Unl).pdf
Might & Magic - Secret of the Inner Sanctum	https://archive.org/download/NESManuals/Might & Magic - Secret of the Inner Sanctum (USA).pdf
Mighty Bomb Jack	https://archive.org/download/NESManuals/Mighty Bomb Jack (USA).pdf
Mighty Final Fight	https://archive.org/download/NESManuals/Mighty Final Fight (USA).pdf
Millipede	https://archive.org/download/NESManuals/Millipede (USA).pdf
Milon's Secret Castle	https://archive.org/download/NESManuals/Milon's Secret Castle (USA).pdf
Miracle Piano Teaching System, The	https://archive.org/download/NESManuals/Miracle Piano Teaching System, The (USA).pdf
Mission - Impossible	https://archive.org/download/NESManuals/Mission Impossible (USA).pdf
Mission Cobra	https://archive.org/download/NESManuals/Mission Cobra (USA) (Unl).pdf
Monopoly	https://archive.org/download/NESManuals/Monopoly (USA).pdf
Monster in My Pocket	https://archive.org/download/NESManuals/Monster in My Pocket (USA).pdf
Monster Party	https://archive.org/download/NESManuals/Monster Party (USA).pdf
Monster Truck Rally	https://archive.org/download/NESManuals/Monster Truck Rally (USA).pdf
Moon Ranger	https://archive.org/download/NESManuals/Moon Ranger (USA) (Unl).pdf
Mother	https://archive.org/download/NESManuals/Earth Bound (USA) (Proto).pdf
Motor City Patrol	https://archive.org/download/NESManuals/Motor City Patrol (USA).pdf
Ms. Pac-Man	https://archive.org/download/NESManuals/Ms. Pac-Man (USA).pdf
Muppet Adventure - Chaos at the Carnival	https://archive.org/download/NESManuals/Muppet Adventure - Chaos at the Carnival (USA).pdf
Mutant Virus, The - Crisis in a Computer World	https://archive.org/download/NESManuals/Mutant Virus, The - Crisis in a Computer World (USA).pdf
Mystery Quest	https://archive.org/download/NESManuals/Mystery Quest (USA).pdf
NARC	https://archive.org/download/NESManuals/NARC (USA).pdf
NES Open Tournament Golf	https://archive.org/download/NESManuals/NES Open Tournament Golf (USA).pdf
NES Play Action Football	https://archive.org/download/NESManuals/NES Play Action Football (USA).pdf
NewZealand Story, The	https://archive.org/download/NESManuals/Kiwi Kraze - A Bird-Brained Adventure! (USA).pdf
NFL	https://archive.org/download/NESManuals/NFL (USA).pdf
Nigel Mansell's World Championship	https://archive.org/download/NESManuals/Nigel Mansell's World Championship Challenge (USA).pdf
Nightmare on Elm Street, A	https://archive.org/download/NESManuals/Nightmare on Elm Street, A (USA).pdf
Nightshade	https://archive.org/download/NESManuals/Nightshade (USA).pdf
Ninja Crusaders	https://archive.org/download/NESManuals/Ninja Crusaders (USA).pdf
Ninja Gaiden III - The Ancient Ship of Doom	https://archive.org/download/NESManuals/Ninja Gaiden III - The Ancient Ship of Doom (USA).pdf
Ninja Kid	https://archive.org/download/NESManuals/Ninja Kid (USA).pdf
Nintendo World Championships 1990	https://archive.org/download/NESManuals/Nintendo World Championships 1990 (USA).pdf
Nintendo World Cup	https://archive.org/download/NESManuals/Nintendo World Cup (USA).pdf
Nobunaga's Ambition	https://archive.org/download/NESManuals/Nobunaga's Ambition (USA).pdf
Nobunaga's Ambition II	https://archive.org/download/NESManuals/Nobunaga's Ambition II (USA).pdf
North & South	https://archive.org/download/NESManuals/North and South (USA).pdf
Operation Secret Storm	https://archive.org/download/NESManuals/Operation Secret Storm (USA) (Unl).pdf
Operation Wolf	https://archive.org/download/NESManuals/Operation Wolf (USA).pdf
Orb-3D	https://archive.org/download/NESManuals/Orb 3D (USA).pdf
Othello	https://archive.org/download/NESManuals/Othello (USA).pdf
Overlord	https://archive.org/download/NESManuals/Overlord (USA).pdf
P'Radikus Conflict	https://archive.org/download/NESManuals/P'radikus Conflict, The (USA) (Unl).pdf
P.O.W. - Prisoners of War	https://archive.org/download/NESManuals/P.O.W. - Prisoners of War (USA).pdf
Pac-Man	https://archive.org/download/NESManuals/Pac-Man (USA).pdf
Pac-Man (USA) (Tengen)	https://archive.org/download/NESManuals/Pac-Man (USA) (Tengen).pdf
Pac-Mania	https://archive.org/download/NESManuals/Pac-Mania (USA) (Unl).pdf
Palamedes	https://archive.org/download/NESManuals/Palamedes (USA).pdf
Panic Restaurant	https://archive.org/download/NESManuals/Panic Restaurant (USA).pdf
Paperboy	https://archive.org/download/NESManuals/Paperboy (USA).pdf
Paperboy 2	https://archive.org/download/NESManuals/Paperboy 2 (USA).pdf
Parodius	https://www.thegameisafootarcade.com/wp-content/uploads/2017/02/Parodius-Game-Manual.pdf
Pesterminator - The Western Exterminator	https://archive.org/download/NESManuals/Pesterminator (USA) (Unl).pdf
Phantom Air Mission	https://archive.org/download/NESManuals/Flight of the Intruder (USA).pdf
Phantom Fighter	https://archive.org/download/NESManuals/Phantom Fighter (USA).pdf
Pictionary - The Game of Video Quick Draw	https://archive.org/download/NESManuals/Pictionary - The Game of Video Quick Draw (USA).pdf
Pin Bot	https://archive.org/download/NESManuals/Pin Bot (USA).pdf
Pinball	https://archive.org/download/NESManuals/Pinball (World).pdf
Pinball Quest	https://archive.org/download/NESManuals/Pinball Quest (USA).pdf
Pipe Dream	https://archive.org/download/NESManuals/Pipe Dream (USA).pdf
Pirates!	https://archive.org/download/NESManuals/Pirates! (USA).pdf
Platoon	https://archive.org/download/NESManuals/Platoon (USA).pdf
Popeye	https://archive.org/download/NESManuals/Popeye (World).pdf
Power Blade	https://archive.org/download/NESManuals/Power Blade (USA).pdf
Power Blade 2	https://archive.org/download/NESManuals/Power Blade 2 (USA).pdf
Power Punch II	https://archive.org/download/NESManuals/Power Punch II (USA).pdf
Predator	https://archive.org/download/NESManuals/Predator (USA).pdf
Prince of Persia	https://archive.org/download/NESManuals/Prince of Persia (USA).pdf
Princess Tomato in the Salad Kingdom	https://archive.org/download/NESManuals/Princess Tomato in Salad Kingdom (USA).pdf
Pro Sport Hockey	https://archive.org/download/NESManuals/Pro Sport Hockey (USA).pdf
Pro Wrestling	https://archive.org/download/NESManuals/Pro Wrestling (USA).pdf
Probotector	https://archive.org/download/NESManuals/Contra (USA).pdf
Probotector II - Return of the Evil Forces	https://archive.org/download/NESManuals/Super C (USA).pdf
Punch-Out!!	https://archive.org/download/NESManuals/Mike Tyson's Punch-Out!! (Japan, USA).pdf
Punisher, The	https://archive.org/download/NESManuals/Punisher, The (USA).pdf
Puss 'n Boots - Pero's Great Adventure	https://archive.org/download/NESManuals/Puss n Boots - Pero's Great Adventure (USA).pdf
Puzzle	https://archive.org/download/NESManuals/Puzzle (USA) (Unl).pdf
Puzznic	https://archive.org/download/NESManuals/Puzznic (USA).pdf
Pyramid	https://archive.org/download/NESManuals/Pyramid (USA) (Unl).pdf
Q-bert	https://archive.org/download/NESManuals/Q-bert (USA).pdf
QIX	https://archive.org/download/NESManuals/Qix (USA).pdf
R.B.I. Baseball	https://archive.org/download/NESManuals/R.B.I. Baseball (USA).pdf
R.B.I. Baseball 2	https://archive.org/download/NESManuals/R.B.I. Baseball 2 (USA) (Unl).pdf
R.B.I. Baseball 3	https://archive.org/download/NESManuals/R.B.I. Baseball 3 (USA) (Unl).pdf
R.C. Pro-Am	https://archive.org/download/NESManuals/R.C. Pro-Am (USA).pdf
R.C. Pro-Am II	https://archive.org/download/NESManuals/R.C. Pro-Am II (USA).pdf
Racket Attack	https://archive.org/download/NESManuals/Racket Attack (USA).pdf
Rad Racer	https://archive.org/download/NESManuals/Rad Racer (USA).pdf
Rad Racer II	https://archive.org/download/NESManuals/Rad Racer II (USA).pdf
Rad Racket - Deluxe Tennis II	https://archive.org/download/NESManuals/Rad Racket - Deluxe Tennis II (USA) (Unl).pdf
Raid 2020	https://archive.org/download/NESManuals/Raid 2020 (USA) (Unl).pdf
Raid on Bungeling Bay	https://archive.org/download/NESManuals/Raid on Bungeling Bay (USA).pdf
Rainbow Islands	https://archive.org/download/NESManuals/Rainbow Islands (USA).pdf
Rally Bike	https://archive.org/download/NESManuals/Rally Bike (USA).pdf
Rambo	https://archive.org/download/NESManuals/Rambo (USA).pdf
Rampage	https://archive.org/download/NESManuals/Rampage (USA).pdf
Rampart	https://archive.org/download/NESManuals/Rampart (USA).pdf
Remote Control	https://archive.org/download/NESManuals/Remote Control (USA).pdf
Ren & Stimpy Show, The - Buckeroo$!	https://archive.org/download/NESManuals/Ren & Stimpy Show, The - Buckeroo$! (USA).pdf
Renegade	https://archive.org/download/NESManuals/Renegade (USA).pdf
Rescue - The Embassy Mission	https://archive.org/download/NESManuals/Rescue - The Embassy Mission (USA).pdf
Ring King	https://archive.org/download/NESManuals/Ring King (USA).pdf
Road Runner	https://archive.org/download/NESManuals/Road Runner (USA) (Unl).pdf
RoadBlasters	https://archive.org/download/NESManuals/RoadBlasters (USA).pdf
Robin Hood - Prince of Thieves	https://archive.org/download/NESManuals/Robin Hood - Prince of Thieves (USA).pdf
Robo Warrior	https://www.thegameisafootarcade.com/wp-content/uploads/2017/03/Robo-Warrior-Game-Manual.pdf
Robocco Wars	https://archive.org/download/NESManuals/Robo Warrior (USA).pdf
RoboCop	https://archive.org/download/NESManuals/RoboCop (USA).pdf
RoboCop 2	https://archive.org/download/NESManuals/RoboCop 2 (USA).pdf
RoboCop 3	https://archive.org/download/NESManuals/RoboCop 3 (USA).pdf
Robodemons	https://archive.org/download/NESManuals/Robodemons (USA) (Unl).pdf
Rock 'n' Ball	https://archive.org/download/NESManuals/Rock 'n' Ball (USA).pdf
Rocket Ranger	https://archive.org/download/NESManuals/Rocket Ranger (USA).pdf
Rocketeer, The	https://archive.org/download/NESManuals/Rocketeer, The (USA).pdf
Rockin' Kats	https://archive.org/download/NESManuals/Rockin' Kats (USA).pdf
Roger Clemens' MVP Baseball	https://archive.org/download/NESManuals/Roger Clemens' MVP Baseball (USA).pdf
Rollerball	https://archive.org/download/NESManuals/Rollerball (USA).pdf
Rollerblade Racer	https://archive.org/download/NESManuals/Rollerblade Racer (USA).pdf
Rollergames	https://archive.org/download/NESManuals/Rollergames (USA).pdf
Rolling Thunder	https://archive.org/download/NESManuals/Rolling Thunder (USA) (Unl).pdf
Romance of the Three Kingdoms	https://archive.org/download/NESManuals/Romance of the Three Kingdoms (USA).pdf
Romance of the Three Kingdoms II	https://archive.org/download/NESManuals/Romance of the Three Kingdoms II (USA).pdf
Roundball - 2-on-2 Challenge	https://archive.org/download/NESManuals/Roundball - 2-on-2 Challenge (USA).pdf
Rush'n Attack	https://archive.org/download/NESManuals/Rush'n Attack (USA).pdf
Rygar	https://archive.org/download/NESManuals/Rygar (USA).pdf
Secret Scout in the Temple of Demise	https://archive.org/download/NESManuals/Secret Scout in the Temple of Demise (USA) (Unl).pdf
Section-Z	https://archive.org/download/NESManuals/Section-Z (USA).pdf
Seicross	https://archive.org/download/NESManuals/Seicross (USA).pdf
Sesame Street - 123	https://archive.org/download/NESManuals/Sesame Street 123 (USA).pdf
Sesame Street - ABC	https://archive.org/download/NESManuals/Sesame Street ABC (USA).pdf
Sesame Street - ABC & 123	https://archive.org/download/NESManuals/Sesame Street ABC & 123 (USA).pdf
Sesame Street - Big Bird's Hide & Speak	https://archive.org/download/NESManuals/Sesame Street - Big Bird's Hide & Speak (USA).pdf
Sesame Street - Countdown	https://archive.org/download/NESManuals/Sesame Street Countdown (USA).pdf
Shadow Warriors - Ninja Gaiden	https://archive.org/download/NESManuals/Ninja Gaiden (USA).pdf
Shadow Warriors II - Ninja Gaiden II	https://archive.org/download/NESManuals/Ninja Gaiden II - The Dark Sword of Chaos (USA).pdf
Shadowgate	https://archive.org/download/NESManuals/Shadowgate (USA).pdf
Shatterhand	https://archive.org/download/NESManuals/Shatterhand (USA).pdf
Shingen the Ruler	https://archive.org/download/NESManuals/Shingen the Ruler (USA).pdf
Shinobi	https://archive.org/download/NESManuals/Shinobi (USA) (Unl).pdf
Shockwave	https://archive.org/download/NESManuals/Shockwave (USA) (Unl).pdf
Shooting Range	https://archive.org/download/NESManuals/Shooting Range (USA).pdf
Short Order + Eggsplode!	https://archive.org/download/NESManuals/Short Order + Egg-Splode! (USA).pdf
Side Pocket	https://archive.org/download/NESManuals/Side Pocket (USA).pdf
Silent Assault	https://archive.org/download/NESManuals/Silent Assault (USA) (Unl).pdf
Silent Service	https://archive.org/download/NESManuals/Silent Service (USA).pdf
Silk Worm	https://archive.org/download/NESManuals/Silk Worm (USA).pdf
Silver Surfer	https://archive.org/download/NESManuals/Silver Surfer (USA).pdf
Simpsons, The - Bart vs. the Space Mutants	https://archive.org/download/NESManuals/Simpsons, The - Bart vs. the Space Mutants (USA).pdf
Simpsons, The - Bart vs. the World	https://archive.org/download/NESManuals/Simpsons, The - Bart vs. the World (USA).pdf
Simpsons, The - Bartman Meets Radioactive Man	https://archive.org/download/NESManuals/Simpsons, The - Bartman Meets Radioactive Man (USA).pdf
Skate or Die	https://archive.org/download/NESManuals/Skate or Die (USA).pdf
Skate or Die 2 - The Search for Double Trouble	https://archive.org/download/NESManuals/Skate or Die 2 - The Search for Double Trouble (USA).pdf
Ski or Die	https://archive.org/download/NESManuals/Ski or Die (USA).pdf
Skull & Crossbones	https://archive.org/download/NESManuals/Skull & Crossbones (USA) (Unl).pdf
Sky Kid	https://archive.org/download/NESManuals/Sky Kid (USA).pdf
Sky Shark	https://archive.org/download/NESManuals/Sky Shark (USA).pdf
Slalom	https://archive.org/download/NESManuals/Slalom (USA).pdf
Smash T.V.	https://archive.org/download/NESManuals/Smash T.V. (USA).pdf
Snake Rattle n Roll	https://archive.org/download/NESManuals/Snake Rattle n Roll (USA).pdf
Snake's Revenge	https://archive.org/download/NESManuals/Snake's Revenge (USA).pdf
Snoopy's Silly Sports Spectacular!	https://archive.org/download/NESManuals/Snoopy's Silly Sports Spectacular! (USA).pdf
Snow Brothers	https://archive.org/download/NESManuals/Snow Brothers (USA).pdf
Snowboard Challenge	https://archive.org/download/NESManuals/Heavy Shreddin' (USA).pdf
Soccer	https://archive.org/download/NESManuals/Soccer (World).pdf
Solar Jetman - Hunt for the Golden Warpship	https://archive.org/download/NESManuals/Solar Jetman - Hunt for the Golden Warpship (USA).pdf
Solitaire	https://archive.org/download/NESManuals/Solitaire (USA) (Unl).pdf
Solomon's Key	http://www.digitpress.com/library/manuals/nes/Solomon's%20Key.pdf
Solomon's Key 2	https://archive.org/download/NESManuals/Fire 'n Ice (USA).pdf
Solstice - The Quest for the Staff of Demnos	https://archive.org/download/NESManuals/Solstice - The Quest for the Staff of Demnos (USA).pdf
Space Shuttle Project	https://archive.org/download/NESManuals/Space Shuttle Project (USA).pdf
Spelunker	https://archive.org/download/NESManuals/Spelunker (USA).pdf
Spider-Man - Return of the Sinister Six	https://archive.org/download/NESManuals/Spider-Man - Return of the Sinister Six (USA).pdf
Spiritual Warfare	https://archive.org/download/NESManuals/Spiritual Warfare (USA) (Unl).pdf
Spot - The Video Game	https://archive.org/download/NESManuals/Spot - The Video Game (USA).pdf
Spy Hunter	https://archive.org/download/NESManuals/Spy Hunter (USA).pdf
Spy vs Spy	http://www.digitpress.com/library/manuals/nes/Spy%20Vs%20Spy.pdf
Sqoon	https://archive.org/download/NESManuals/Sqoon (USA).pdf
Stack-Up ~ Block	https://archive.org/download/NESManuals/Stack-Up (World).pdf
Stadium Events	https://archive.org/download/NESManuals/Stadium Events (USA).pdf
Stanley - The Search for Dr. Livingston	https://archive.org/download/NESManuals/Stanley - The Search for Dr. Livingston (USA).pdf
Star Force	https://archive.org/download/NESManuals/Star Force (USA).pdf
Star Soldier	https://archive.org/download/NESManuals/Star Soldier (USA).pdf
Star Trek - 25th Anniversary	https://archive.org/download/NESManuals/Star Trek - 25th Anniversary (USA).pdf
Star Trek - The Next Generation	https://archive.org/download/NESManuals/Star Trek - The Next Generation (USA).pdf
Star Voyager	https://archive.org/download/NESManuals/Star Voyager (USA).pdf
Star Wars	https://archive.org/download/NESManuals/Star Wars (USA).pdf
Star Wars - The Empire Strikes Back	https://archive.org/download/NESManuals/Star Wars - The Empire Strikes Back (USA).pdf
Starship Hector	https://archive.org/download/NESManuals/Starship Hector (USA).pdf
StarTropics	http://www.digitpress.com/library/manuals/nes/Star%20Tropics.pdf
Stealth ATF	https://archive.org/download/NESManuals/Stealth ATF (USA).pdf
Stinger	https://archive.org/download/NESManuals/Stinger (USA).pdf
Street Cop	https://archive.org/download/NESManuals/Street Cop (USA).pdf
Street Fighter 2010 - The Final Fight	https://archive.org/download/NESManuals/Street Fighter 2010 - The Final Fight (USA).pdf
Street Gangs	https://archive.org/download/NESManuals/River City Ransom (USA).pdf
Strider	https://archive.org/download/NESManuals/Strider (USA).pdf
Stunt Kids	https://archive.org/download/NESManuals/Stunt Kids (USA) (Unl).pdf
Sunday Funday - The Ride	https://archive.org/download/NESManuals/Sunday Funday - The Ride (USA) (Unl).pdf
Super Cars	https://archive.org/download/NESManuals/Super Cars (USA).pdf
Super Dodge Ball	https://archive.org/download/NESManuals/Super Dodge Ball (USA).pdf
Super Glove Ball	https://archive.org/download/NESManuals/Super Glove Ball (USA).pdf
Super Jeopardy!	https://archive.org/download/NESManuals/Super Jeopardy! (USA).pdf
Super Mario Bros.	https://archive.org/download/NESManuals/Super Mario Bros. (World).pdf
Super Mario Bros. + Duck Hunt	https://archive.org/download/NESManuals/Super Mario Bros. + Duck Hunt (USA).pdf
Super Mario Bros. + Duck Hunt + World Class Track Meet	https://archive.org/download/NESManuals/Super Mario Bros. + Duck Hunt + World Class Track Meet (USA).pdf
Super Mario Bros. 2	https://archive.org/download/NESManuals/Super Mario Bros. 2 (USA).pdf
Super Mario Bros. 3	https://archive.org/download/NESManuals/Super Mario Bros. 3 (USA).pdf
Super Pitfall	https://archive.org/download/NESManuals/Super Pitfall (USA).pdf
Super Spike V'Ball	https://archive.org/download/NESManuals/Super Spike V'Ball (USA).pdf
Super Spike V'Ball + Nintendo World Cup	https://archive.org/download/NESManuals/Super Spike V'Ball + Nintendo World Cup (USA).pdf
Super Sports Challenge	https://archive.org/download/NESManuals/Quattro Sports (USA) (Unl).pdf
Super Sprint	https://archive.org/download/NESManuals/Super Sprint (USA) (Unl).pdf
Super Spy Hunter	https://archive.org/download/NESManuals/Super Spy Hunter (USA).pdf
Super Team Games	https://archive.org/download/NESManuals/Super Team Games (USA).pdf
Superman	https://archive.org/download/NESManuals/Superman (USA).pdf
Swamp Thing	https://archive.org/download/NESManuals/Swamp Thing (USA).pdf
Sword Master	https://archive.org/download/NESManuals/Sword Master (USA).pdf
Swords and Serpents	https://archive.org/download/NESManuals/Swords and Serpents (USA).pdf
Taboo - The Sixth Sense	https://archive.org/download/NESManuals/Taboo - The Sixth Sense (USA).pdf
Tag Team Wrestling	https://archive.org/download/NESManuals/Tag Team Wrestling (USA).pdf
Tagin' Dragon	https://archive.org/download/NESManuals/Tagin' Dragon (USA) (Unl).pdf
TaleSpin	https://archive.org/download/NESManuals/TaleSpin (USA).pdf
Target - Renegade	https://archive.org/download/NESManuals/Target Renegade (USA).pdf
Tecmo Baseball	https://archive.org/download/NESManuals/Tecmo Baseball (USA).pdf
Tecmo Bowl	https://archive.org/download/NESManuals/Tecmo Bowl (USA).pdf
Tecmo Cup - Football Game	https://archive.org/download/NESManuals/Tecmo Cup - Soccer Game (USA).pdf
Tecmo NBA Basketball	https://archive.org/download/NESManuals/Tecmo NBA Basketball (USA).pdf
Tecmo Super Bowl	https://archive.org/download/NESManuals/Tecmo Super Bowl (USA).pdf
Tecmo World Cup Soccer	https://archive.org/download/NESManuals/Tecmo World Cup Soccer (Europe).pdf
Tecmo World Wrestling	https://archive.org/download/NESManuals/Tecmo World Wrestling (USA).pdf
Teenage Mutant Hero Turtles	https://archive.org/download/NESManuals/Teenage Mutant Ninja Turtles (USA).pdf
Teenage Mutant Hero Turtles - Tournament Fighters	https://archive.org/download/NESManuals/Teenage Mutant Ninja Turtles - Tournament Fighters (USA).pdf
Teenage Mutant Hero Turtles II - The Arcade Game	https://archive.org/download/NESManuals/Teenage Mutant Ninja Turtles II - The Arcade Game (USA).pdf
Teenage Mutant Ninja Turtles III - The Manhattan Project	https://archive.org/download/NESManuals/Teenage Mutant Ninja Turtles III - The Manhattan Project (USA).pdf
Tennis	https://archive.org/download/NESManuals/Tennis (Japan, USA).pdf
Terminator 2 - Judgment Day	http://www.digitpress.com/library/manuals/nes/T2%20-%20Terminator%202%20Judgment%20Day.pdf
Terminator, The	https://archive.org/download/NESManuals/Terminator, The (USA, Europe).pdf
Terra Cresta	https://archive.org/download/NESManuals/Terra Cresta (USA).pdf
Tetris	https://archive.org/download/NESManuals/Tetris (USA).pdf
Tetris (USA) (Tengen) (Unl)	https://archive.org/download/NESManuals/Tetris - The Soviet Mind Game (USA) (Unl).pdf
Tetris 2	https://archive.org/download/NESManuals/Tetris 2 (USA).pdf
Three Stooges, The	https://archive.org/download/NESManuals/Three Stooges, The (USA).pdf
Thunder & Lightning	https://archive.org/download/NESManuals/Thunder & Lightning (USA).pdf
Thunderbirds	https://archive.org/download/NESManuals/Thunderbirds (USA).pdf
Thundercade	https://archive.org/download/NESManuals/Thundercade (USA).pdf
Tiger-Heli	https://archive.org/download/NESManuals/Tiger-Heli (USA).pdf
Tiles of Fate	https://archive.org/download/NESManuals/Tiles of Fate (USA) (Unl).pdf
Time Lord	https://archive.org/download/NESManuals/Time Lord (USA).pdf
Times of Lore	https://archive.org/download/NESManuals/Times of Lore (USA).pdf
Tiny Toon Adventures	https://archive.org/download/NESManuals/Tiny Toon Adventures (USA).pdf
Tiny Toon Adventures 2 - Trouble in Wackyland	https://archive.org/download/NESManuals/Tiny Toon Adventures 2 - Trouble in Wackyland (USA).pdf
Tiny Toon Adventures Cartoon Workshop	https://archive.org/download/NESManuals/Tiny Toon Adventures Cartoon Workshop (USA).pdf
To the Earth	https://archive.org/download/NESManuals/To the Earth (USA).pdf
Toki	https://archive.org/download/NESManuals/Toki (USA).pdf
Tom & Jerry - The Ultimate Game of Cat and Mouse!	https://archive.org/download/NESManuals/Tom & Jerry - The Ultimate Game of Cat and Mouse! (USA).pdf
Tombs & Treasure	https://archive.org/download/NESManuals/Tombs & Treasure (USA).pdf
Toobin'	https://archive.org/download/NESManuals/Toobin' (USA) (Unl).pdf
Top Gun	https://archive.org/download/NESManuals/Top Gun (USA).pdf
Top Gun - The Second Mission	https://archive.org/download/NESManuals/Top Gun - The Second Mission (USA).pdf
Total Funpak	https://archive.org/download/NESManuals/Total Funpak (Australia) (Unl).pdf
Total Recall	https://archive.org/download/NESManuals/Total Recall (USA).pdf
Totally Rad	https://archive.org/download/NESManuals/Totally Rad (USA).pdf
Touchdown Fever	https://archive.org/download/NESManuals/Touch Down Fever (USA).pdf
Town & Country Surf Designs - Thrilla's Surfari	https://archive.org/download/NESManuals/T&C Surf Designs - Thrilla's Surfari (USA).pdf
Town & Country Surf Designs - Wood & Water Rage	https://archive.org/download/NESManuals/T&C Surf Designs - Wood & Water Rage (USA).pdf
Toxic Crusaders	https://archive.org/download/NESManuals/Toxic Crusaders (USA).pdf
Track & Field II	https://archive.org/download/NESManuals/Track & Field II (USA).pdf
Track & Field in Barcelona	https://archive.org/download/NESManuals/Track & Field (USA).pdf
Treasure Master	https://archive.org/download/NESManuals/Treasure Master (USA).pdf
Trog!	https://archive.org/download/NESManuals/Trog! (USA).pdf
Trojan	https://archive.org/download/NESManuals/Trojan (USA).pdf
Trolls on Treasure Island	https://archive.org/download/NESManuals/Trolls on Treasure Island (USA) (Unl).pdf
Turbo Racing	https://archive.org/download/NESManuals/Al Unser Jr. Turbo Racing (USA).pdf
Twin Cobra	https://archive.org/download/NESManuals/Twin Cobra (USA).pdf
Twin Eagle	https://archive.org/download/NESManuals/Twin Eagle (USA).pdf
Ufouria - The Saga	https://archive.org/download/NESManuals/Ufouria-SagaTheusa.pdf
Ultima - Exodus	https://archive.org/download/NESManuals/Ultima - Exodus (USA).pdf
Ultima - Quest of the Avatar	https://archive.org/download/NESManuals/Ultima - Quest of the Avatar (USA).pdf
Ultima - Warriors of Destiny	https://archive.org/download/NESManuals/Ultima - Warriors of Destiny (USA).pdf
Ultimate Air Combat	https://archive.org/download/NESManuals/Ultimate Air Combat (USA).pdf
Ultimate Basketball	https://archive.org/download/NESManuals/Ultimate Basketball (USA).pdf
Ultimate League Soccer	https://archive.org/download/NESManuals/Ultimate League Soccer (USA) (Unl).pdf
Ultimate Stuntman, The	https://archive.org/download/NESManuals/Ultimate Stuntman, The (USA) (Unl).pdf
Uncanny X-Men, The	https://archive.org/download/NESManuals/Uncanny X-Men, The (USA).pdf
Uncharted Waters	https://archive.org/download/NESManuals/Uncharted Waters (USA).pdf
Uninvited	https://archive.org/download/NESManuals/Uninvited (USA).pdf
Untouchables, The	https://archive.org/download/NESManuals/Untouchables, The (USA).pdf
Urban Champion	https://archive.org/download/NESManuals/Urban Champion (World).pdf
Vegas Dream	https://archive.org/download/NESManuals/Vegas Dream (USA).pdf
Venice Beach Volleyball	https://archive.org/download/NESManuals/Venice Beach Volleyball (USA) (Unl).pdf
Vice - Project Doom	https://archive.org/download/NESManuals/Vice - Project Doom (USA).pdf
Videomation	https://archive.org/download/NESManuals/Videomation (USA).pdf
Vindicators	https://archive.org/download/NESManuals/Vindicators (USA) (Unl).pdf
Volleyball	https://archive.org/download/NESManuals/Volleyball (USA, Europe).pdf
Wacky Races	https://archive.org/download/NESManuals/Wacky Races (USA).pdf
Wall Street Kid	https://archive.org/download/NESManuals/Wall Street Kid (USA).pdf
Wally Bear and the No! Gang	https://archive.org/download/NESManuals/Wally Bear and the No! Gang (USA) (Unl).pdf
Wario's Woods	https://archive.org/download/NESManuals/Wario's Woods (USA).pdf
Wayne Gretzky Hockey	https://archive.org/download/NESManuals/Wayne Gretzky Hockey (USA).pdf
Wayne's World	https://archive.org/download/NESManuals/Wayne's World (USA).pdf
WCW World Championship Wrestling	https://archive.org/download/NESManuals/WCW World Championship Wrestling (USA).pdf
Werewolf - The Last Warrior	https://archive.org/download/NESManuals/Werewolf - The Last Warrior (USA).pdf
Wheel of Fortune	https://archive.org/download/NESManuals/Wheel of Fortune (USA).pdf
Wheel of Fortune - Family Edition	https://archive.org/download/NESManuals/Wheel of Fortune - Family Edition (USA).pdf
Wheel of Fortune - Junior Edition	https://archive.org/download/NESManuals/Wheel of Fortune - Junior Edition (USA).pdf
Wheel of Fortune Featuring Vanna White	https://archive.org/download/NESManuals/Wheel of Fortune Starring Vanna White (USA).pdf
Where in Time Is Carmen Sandiego	https://archive.org/download/NESManuals/Where in Time is Carmen Sandiego (USA).pdf
Where's Waldo	https://archive.org/download/NESManuals/Where's Waldo (USA).pdf
Who Framed Roger Rabbit	https://archive.org/download/NESManuals/Who Framed Roger Rabbit (USA).pdf
Whomp 'Em	https://archive.org/download/NESManuals/Whomp 'Em (USA).pdf
Widget	https://archive.org/download/NESManuals/Widget (USA).pdf
Wild Gunman	https://archive.org/download/NESManuals/Wild Gunman (World).pdf
Willow	https://archive.org/download/NESManuals/Willow (USA).pdf
Win, Lose or Draw	https://archive.org/download/NESManuals/Win, Lose or Draw (USA).pdf
Winter Games	https://archive.org/download/NESManuals/Winter Games (USA).pdf
Wizardry - Knight of Diamonds - The Second Scenario	https://archive.org/download/NESManuals/Wizardry - Knight of Diamonds - The Second Scenario (USA).pdf
Wizardry - Proving Grounds of the Mad Overlord	https://archive.org/download/NESManuals/Wizardry - Proving Grounds of the Mad Overlord (USA).pdf
Wizards & Warriors	https://archive.org/download/NESManuals/Wizards & Warriors (USA).pdf
Wizards & Warriors III - Kuros...Visions of Power	https://archive.org/download/NESManuals/Wizards & Warriors III - Kuros...Visions of Power (USA).pdf
Wolverine	https://archive.org/download/NESManuals/Wolverine (USA).pdf
World Champ	https://archive.org/download/NESManuals/World Champ - Super Boxing Great Fight (USA).pdf
World Games	https://archive.org/download/NESManuals/World Games (USA).pdf
Wrath of the Black Manta	https://archive.org/download/NESManuals/Wrath of the Black Manta (USA).pdf
Wrecking Crew	https://archive.org/download/NESManuals/Wrecking Crew (World).pdf
Wurm - Journey to the Center of the Earth!	https://archive.org/download/NESManuals/Wurm - Journey to the Center of the Earth! (USA).pdf
WWF King of the Ring	https://archive.org/download/NESManuals/WWF King of the Ring (USA).pdf
WWF Wrestlemania	https://archive.org/download/NESManuals/WWF Wrestlemania (USA).pdf
WWF Wrestlemania - Steel Cage Challenge	https://archive.org/download/NESManuals/WWF Wrestlemania Steel Cage Challenge (USA).pdf
WWF Wrestlemania Challenge	https://archive.org/download/NESManuals/WWF Wrestlemania Challenge (USA).pdf
Xenophobe	https://archive.org/download/NESManuals/Xenophobe (USA).pdf
Xevious	https://archive.org/download/NESManuals/Xevious - The Avenger (USA).pdf
Xexyz	https://archive.org/download/xexyz-nes-hiresscans/Xexyz%20-%20Manual.pdf
Yo! Noid	https://archive.org/download/NESManuals/Yo! Noid (USA).pdf
Yoshi's Cookie	https://archive.org/download/NESManuals/Yoshi's Cookie (USA).pdf
Young Indiana Jones Chronicles, The	https://archive.org/download/NESManuals/Young Indiana Jones Chronicles, The (USA).pdf
Zanac	https://archive.org/download/NESManuals/Zanac (USA).pdf
Zelda II - The Adventure of Link	https://archive.org/download/NESManuals/Zelda II - The Adventure of Link (USA).pdf
Zen - Intergalactic Ninja	https://archive.org/download/NESManuals/Zen - Intergalactic Ninja (USA).pdf
Zoda's Revenge - StarTropics II	https://archive.org/download/NESManuals/Zoda's Revenge - StarTropics II (USA).pdf
Zombie Nation	https://archive.org/download/NESManuals/Zombie Nation (USA).pdf
