005	lr-mame	5
10yard	lr-fbneo	5
1941	lr-fbneo	5
1942	lr-fbneo	5
1943	lr-fbneo	5
1943kai	lr-fbneo	5
1944	lr-fbneo	5
1945kiii	lr-fbneo	5
19xx	lr-fbneo	5
1on1gov	lr-mame2016	5
2020bb	lr-fbneo	5
20pacgal	lr-fbneo	5
25pacman	lr-fbneo	5
280zzzap	lr-mame	5
3countb	lr-fbneo	5
3in1semi	lr-fbneo	5
3kokushi	lr-fbneo	5
3on3dunk	lr-fbneo	5
3stooges	lr-fbneo	5
3wonders	lr-fbneo	5
3x3puzzl	lr-fbneo	5
40love	lr-mame	5
4dwarrio	lr-fbneo	5
4enraya	lr-fbneo	5
4in1	lr-fbneo	5
4in1boot	lr-fbneo	5
64street	lr-fbneo	5
720	lr-mame	5
7ordi	lr-fbneo	5
88games	lr-fbneo	5
8ball	lr-mame	5
8ballact	lr-mame	5
9ballsht	lr-mame	5
aa	lr-fbneo	5
aafb	lr-mame	5
abaseb	lr-mame	5
abcop	lr-fbneo	5
aburner2	lr-fbneo	5
ace	lr-mame	5
aceattac	lr-fbneo	5
acrobatm	lr-fbneo	5
actfancr	lr-fbneo	5
actionhw	lr-fbneo	5
ad2083	lr-fbneo	5
aerofgt	lr-fbneo	5
aerofgts	lr-mame	5
afighter	lr-fbneo	5
agallet	lr-fbneo	5
agress	lr-fbneo	5
airass	lr-fbneo	5
airattck	lr-fbneo	5
airbustr	lr-fbneo	5
airduel	lr-fbneo	5
airrace	lr-mame	5
airwolf	lr-fbneo	5
ajax	lr-fbneo	5
akatana	lr-fbneo	5
akiss	lr-mame	5
akkaarrh	lr-fbneo	5
alcon	lr-fbneo	5
alexkidd	lr-fbneo	5
alibaba	lr-fbneo	5
alien3	lr-mame	5
alienar	lr-fbneo	5
aliencha	lr-fbneo	5
alienres	lr-fbneo	5
aliens	lr-fbneo	5
aliensec	lr-fbneo	5
aliensyn	lr-fbneo	5
aligator	lr-fbneo	5
alinvade	lr-mame	5
alleymas	lr-mame	5
alpha1v	lr-fbneo	5
alphaho	lr-mame	5
alpham2	lr-fbneo	5
alpine	lr-fbneo	5
altair	lr-mame	5
altbeast	lr-fbneo	5
amazon	lr-fbneo	5
ambush	lr-fbneo	5
amerdart	lr-mame	5
amidar	lr-fbneo	5
amspdwy	lr-fbneo	5
androdun	lr-fbneo	5
androidp	lr-fbneo	5
angelkds	lr-fbneo	5
animaljr	lr-mame	5
animechmp	lr-mame	5
anteater	lr-fbneo	5
aodk	lr-fbneo	5
aof	lr-fbneo	5
aof2	lr-fbneo	5
aof3	lr-fbneo	5
aoh	lr-fbneo	5
apb	lr-mame	5
aplarail	lr-mame	3
apparel	lr-mame	5
appoooh	lr-fbneo	5
aquajack	lr-fbneo	5
aquarium	lr-fbneo	5
aquarush	lr-mame2010	3
ar_airh	lr-mame	5
ar_blast	lr-mame	5
ar_bowl	lr-mame	5
ar_dart	lr-mame	5
ar_dlta	lr-mame	5
ar_fast	lr-mame	5
ar_ldrb	lr-mame	5
ar_ninj	lr-mame	5
ar_pm	lr-mame	5
ar_rdwr	lr-mame	5
ar_sdwr	lr-mame	5
ar_socc	lr-mame	5
ar_spot	lr-mame	5
ar_sprg	lr-mame	5
ar_xeon	lr-mame	5
arabfgt	lr-mame	5
arabian	lr-fbneo	5
arabianm	lr-fbneo	5
arbalest	lr-fbneo	5
arcadecl	lr-fbneo	5
arcadian	lr-fbneo	5
archrivl	lr-mame	5
area51	lr-mame2016	5
area51mx	lr-mame	5
arescue	lr-fbneo	5
argus	lr-fbneo	5
arkanoid	lr-fbneo	5
arkarea	lr-fbneo	5
arkatour	lr-fbneo	5
arknoid2	lr-fbneo	5
arkretrn	lr-fbneo	5
arlingtn	lr-mame	5
armchmp2	lr-mame	5
armedf	lr-fbneo	5
armora	lr-mame	5
armorcar	lr-fbneo	5
armwar	lr-fbneo	5
armwrest	lr-fbneo	5
ashura	lr-fbneo	5
aso	lr-fbneo	5
assault	lr-fbneo	5
astdelux	lr-mame	5
asterix	lr-fbneo	5
asteroid	lr-mame	5
astorm	lr-fbneo	5
astrass	advmame	4
astrob	lr-mame	5
astrof	lr-mame	5
astropal	lr-mame	5
astrowar	lr-mame	5
astyanax	lr-fbneo	5
asuka	lr-fbneo	5
asurabld	lr-fbneo	5
asurabus	lr-fbneo	5
asylum	lr-mame	5
atarifb	lr-mame	5
ataxx	lr-mame	5
atehate	lr-fbneo	5
atetris	lr-fbneo	5
athena	lr-fbneo	5
atlantis	lr-fbneo	5
atomicp	lr-fbneo	5
attckufo	lr-mame	5
aurail	lr-fbneo	5
avalnche	lr-mame	5
avengers	lr-fbneo	5
avengrgs	lr-fbneo	5
avsp	lr-fbneo	5
avspirit	lr-fbneo	5
aztarac	lr-mame	5
azurian	lr-fbneo	5
b2b	lr-fbneo	5
bace	lr-fbneo	5
backfire	lr-fbneo	5
backfirt	lr-fbneo	5
badapple	lr-fbneo	5
baddudes	lr-fbneo	5
badlands	lr-fbneo	5
bagman	lr-fbneo	5
bakatono	lr-fbneo	5
bakubaku	advmame	5
bakutotu	lr-fbneo	5
balcube	lr-fbneo	5
ballbomb	lr-mame	5
ballbros	lr-fbneo	5
balonfgt	lr-mame	5
baluba	lr-fbneo	5
banbam	lr-fbneo	5
bang	lr-mame	5
bangball	lr-fbneo	5
bangbead	lr-fbneo	5
bankp	lr-fbneo	5
barbball	lr-mame	5
barricad	lr-mame	5
barrier	lr-mame	5
baryon	lr-fbneo	5
basebal2	lr-mame	5
batcir	lr-fbneo	5
batman	lr-fbneo	5
batrider	lr-fbneo	5
batsugun	lr-fbneo	5
battlane	lr-fbneo	5
battlcry	lr-mame	5
battlera	lr-mame2016	5
battlex	lr-fbneo	5
battlnts	lr-fbneo	5
battroad	lr-fbneo	5
bayroute	lr-fbneo	5
bbakraid	lr-fbneo	5
bballs	lr-fbneo	5
bbmanw	lr-fbneo	5
bbonk	lr-mame	5
bbusters	lr-mame	5
bchopper	lr-fbneo	5
bcruzm12	lr-fbneo	5
bcstry	lr-fbneo	5
beaminv	lr-mame	4
beastrzr	lr-mame2016	5
beathead	lr-mame	5
beezer	lr-mame	5
benberob	lr-mame	5
berabohm	lr-fbneo	5
berenstn	lr-mame	5
berlwall	lr-fbneo	5
bermudat	lr-fbneo	5
berzerk	lr-fbneo	5
bestbest	lr-fbneo	5
bestri	lr-fbneo	5
bgaregga	lr-fbneo	5
bigbucks	lr-fbneo	5
bigevglf	lr-mame	5
bigfight	lr-mame	5
bigkarnk	lr-fbneo	5
bigprowr	lr-fbneo	5
bigrun	lr-mame	4
bigstrik	lr-fbneo	5
bigtwin	lr-fbneo	5
bijokkog	lr-mame	5
bijokkoy	lr-mame	5
bikkuri	lr-mame	5
bikkuric	lr-mame	5
bilyard	lr-mame	5
bioatack	lr-fbneo	5
biomtoy	lr-fbneo	5
bionicc	lr-fbneo	5
bioship	lr-fbneo	5
birdiy	lr-fbneo	5
birdtry	lr-fbneo	5
bishi	lr-fbneo	5
bjourney	lr-fbneo	5
bjtwin	lr-fbneo	5
bking	lr-mame	5
bking2	lr-mame	5
bking3	lr-mame	5
bkrtmaq	lr-fbneo	5
black	lr-mame	5
blackt96	lr-fbneo	5
bladestl	lr-fbneo	5
blandia	lr-fbneo	5
blasted	lr-mame	5
blaster	lr-fbneo	5
blasto	lr-fbneo	5
blastoff	lr-fbneo	5
blazeon	lr-fbneo	5
blazer	lr-fbneo	5
blazlaz	lr-mame	5
blazstar	lr-fbneo	5
bldyror2	lr-mame2016	3
blkheart	lr-fbneo	5
blkhole	lr-fbneo	5
blkpnthr	lr-fbneo	5
blktiger	lr-fbneo	5
blktouch	lr-mame	5
blmbycar	lr-fbneo	5
block	lr-fbneo	5
blockade	lr-fbneo	5
blockcar	lr-fbneo	5
blocken	lr-fbneo	5
blockgal	lr-fbneo	5
blockhl	lr-fbneo	5
blockout	lr-fbneo	5
bloodbro	lr-fbneo	5
bloodstm	lr-fbneo	5
bloodwar	lr-fbneo	5
bloxeed	lr-fbneo	5
blstroid	lr-fbneo	5
blswhstl	lr-fbneo	5
bluehawk	lr-fbneo	5
blueprnt	lr-fbneo	5
blueshrk	lr-mame	5
blzntrnd	lr-fbneo	5
bmaster	lr-fbneo	5
bmcbowl	lr-mame	5
bnstars1	lr-mame	5
bnzabros	lr-fbneo	5
bodyslam	lr-fbneo	5
bogeyman	lr-fbneo	5
boggy84	lr-fbneo	5
bombbee	lr-fbneo	5
bombjack	lr-fbneo	5
bombkick	lr-fbneo	5
bombsa	lr-mame	5
bongo	lr-fbneo	5
bonkadv	lr-fbneo	5
bonzeadv	lr-fbneo	5
boogwing	lr-fbneo	5
boomrang	lr-fbneo	5
boonggab	lr-fbneo	5
boothill	lr-mame	5
borench	lr-mame2016	5
borntofi	lr-mame	5
bosco	lr-mame	5
botanic	lr-fbneo	5
bottom9	lr-fbneo	5
bouldash	lr-fbneo	5
bounty	lr-fbneo	5
bowl3d	lr-mame	5
bowler	lr-mame	5
bowlrama	lr-mame	5
boxer	lr-mame	5
boxingb	lr-mame	4
boxyboy	lr-fbneo	5
bradley	lr-mame	5
brain	lr-fbneo	5
brapboys	lr-fbneo	5
brdrline	lr-mame	5
breakers	lr-fbneo	5
breakrev	lr-fbneo	5
brickzn	lr-mame	5
brival	lr-mame	5
brixian	lr-mame	5
brkball	lr-mame	5
brkthru	lr-fbneo	5
brod	lr-mame	5
brubber	lr-fbneo	5
brutforc	lr-mame	5
brvblade	lr-mame2016	4
bshark	lr-fbneo	5
bsktball	lr-mame	5
bssoccer	lr-fbneo	5
bstars	lr-fbneo	5
bstars2	lr-fbneo	5
btime	lr-fbneo	5
btlkroad	lr-fbneo	5
btoads	lr-fbneo	5
bubblem	lr-fbneo	5
bubbles	lr-fbneo	5
bubbletr	lr-mame	5
bubl2000	lr-fbneo	5
bublbob2	lr-fbneo	5
bublbobl	lr-fbneo	5
bublbust	lr-fbneo	5
buccanrs	lr-fbneo	5
buckrog	lr-fbneo	5
bucky	lr-fbneo	5
buggyboy	lr-mame	5
buggychl	lr-fbneo	5
bullet	lr-fbneo	5
bullfgt	lr-fbneo	5
bullfgtr	lr-mame	5
bullsdrt	lr-mame	5
burglarx	lr-fbneo	5
burnforc	lr-fbneo	5
burningf	lr-fbneo	5
butasan	lr-fbneo	5
bwidow	lr-fbneo	5
bwings	lr-fbneo	5
bygone	lr-fbneo	5
bzone	lr-mame	5
cabal	lr-fbneo	5
cachat	lr-fbneo	5
cadanglr	lr-fbneo	5
cadash	lr-fbneo	5
cairblad	lr-fbneo	5
calcune	lr-mame	5
calibr50	lr-fbneo	5
calipso	lr-fbneo	5
calorie	lr-fbneo	5
cameltry	lr-fbneo	5
candy	lr-fbneo	5
cannball	lr-fbneo	5
cannonbp	lr-mame	5
canvas	lr-fbneo	5
canyon	lr-mame	5
capbowl	lr-fbneo	5
captaven	lr-fbneo	5
captcomm	lr-fbneo	5
carjmbre	lr-fbneo	5
carket	lr-mame	5
carnival	lr-fbneo	5
carpolo	lr-mame	4
carrera	lr-mame	5
casanova	lr-fbneo	5
cashquiz	lr-fbneo	5
castfant	lr-fbneo	5
catacomb	lr-fbneo	5
catchp	lr-mame0222	5
catnmous	lr-mame	5
cavelon	lr-fbneo	5
cavenger	lr-fbneo	5
cawing	lr-fbneo	5
cbasebal	lr-mame	5
cbdash	lr-fbneo	5
cbombers	lr-fbneo	5
cbuster	lr-fbneo	5
ccastles	lr-fbneo	5
cchasm	lr-mame	5
cclimber	lr-fbneo	5
cclimbr2	lr-fbneo	5
cclownz	lr-mame	5
cdracula	lr-mame	5
cecmatch	lr-mame	5
centiped	lr-fbneo	5
cerberus	lr-mame	5
cexplore	lr-fbneo	5
cfarm	lr-mame	5
cfboy0a1	lr-fbneo	5
cfghtice	lr-fbneo	5
cflyball	lr-fbneo	5
cgangpzl	lr-fbneo	5
cgraplop	lr-fbneo	5
chainrec	lr-fbneo	5
chaknpop	lr-fbneo	5
challeng	lr-mame	5
cham24	lr-mame	5
chameleo	lr-fbneo	5
champbas	lr-mame	5
champbb2	lr-mame	5
champbwl	lr-mame	5
champwr	lr-fbneo	5
chanbara	lr-fbneo	5
changela	lr-mame	5
changes	lr-fbneo	5
charlien	lr-fbneo	5
chasehq	lr-fbneo	5
chboxing	lr-mame	5
checkman	lr-fbneo	5
checkmat	lr-mame	5
cheekyms	lr-fbneo	5
cheesech	lr-fbneo	5
chelnov	lr-fbneo	5
cheyenne	lr-mame	5
chiller	lr-mame	5
chimerab	lr-fbneo	5
chinagat	lr-fbneo	5
chinatwn	lr-fbneo	5
chinhero	lr-fbneo	5
chkun	lr-fbneo	3
chokchok	lr-fbneo	5
choko	lr-fbneo	5
choplift	lr-fbneo	5
chopper	lr-fbneo	5
chqflag	lr-fbneo	5
chukatai	lr-fbneo	5
chwrestl	lr-mame	5
chwy	lr-fbneo	5
circus	lr-mame	5
circusc	lr-fbneo	5
cischeat	lr-fbneo	5
citybomb	lr-fbneo	5
citycon	lr-fbneo	5
citylove	lr-mame	5
ckong	lr-fbneo	5
ckongpt2	lr-fbneo	5
clapapa	lr-fbneo	5
claypign	lr-mame	5
clayshoo	lr-mame	5
cleopatr	lr-fbneo	5
cloak	lr-fbneo	5
cloud9	lr-fbneo	5
clowns	lr-mame	5
clshroad	lr-fbneo	5
cltchitr	lr-fbneo	5
clubpacm	lr-fbneo	5
cluckypo	lr-fbneo	5
cluedo	lr-mame2016	5
cmanhat	lr-fbneo	5
cmissnx	lr-fbneo	5
cnbe	lr-fbneo	5
cnightst	lr-fbneo	5
cninja	lr-fbneo	5
cobracom	lr-fbneo	5
cocoloco	lr-mame	5
colony7	lr-fbneo	5
columns	lr-mame	5
columns2	lr-mame	5
columnsn	lr-fbneo	5
combat	lr-mame	5
combatsc	lr-mame	5
combh	lr-fbneo	5
commando	lr-fbneo	5
commandw	lr-fbneo	5
commsega	lr-fbneo	5
comotion	lr-fbneo	5
compgolf	lr-mame	5
complexx	lr-fbneo	5
congo	lr-fbneo	5
contcirc	lr-fbneo	5
contra	lr-fbneo	5
cookbib	lr-fbneo	5
cookbib2	lr-fbneo	5
cookbib3	lr-fbneo	5
coolmini	lr-fbneo	5
coolpool	lr-mame	5
coozumou	lr-fbneo	5
cop01	lr-fbneo	5
copsnrob	lr-mame	5
coronatn	lr-mame	5
cosmccop	lr-fbneo	5
cosmica	lr-mame	5
cosmicg	lr-mame	5
cosmo	lr-mame	5
cosmogng	lr-fbneo	5
cosmos	lr-mame	5
cotton	lr-fbneo	5
cotton2	advmame	5
cottonbm	advmame	5
countrun	lr-fbneo	5
countryc	lr-mame	5
cphd	lr-fbneo	5
cppicf	lr-fbneo	5
cprobowl	lr-fbneo	5
cprogolf	lr-fbneo	5
cpsoccer	lr-fbneo	5
cptennis	lr-fbneo	5
cracksht	lr-mame	5
crash	lr-mame	5
crashh	lr-fbneo	5
crater	lr-mame	5
crazyfgt	lr-fbneo	5
crazywar	lr-fbneo	5
crbaloon	lr-fbneo	5
crgolf	lr-mame	5
crgolfhi	lr-mame	5
crimec	lr-fbneo	5
crimfght	lr-fbneo	5
crkdown	lr-fbneo	5
croquis	lr-fbneo	5
crospang	lr-fbneo	5
crossbow	lr-mame	5
crshrace	lr-fbneo	5
crswd2bl	lr-fbneo	5
crsword	lr-fbneo	5
crush	lr-fbneo	5
crusherm	lr-fbneo	5
cryptklr	lr-mame2010	5
crysking	lr-mame2016	5
crystal2	lr-mame	5
crystalg	lr-mame	5
crzcross	lr-mame2016	5
crzrally	lr-fbneo	5
csclub	lr-fbneo	5
cscrtry	lr-fbneo	5
csdtenis	lr-fbneo	5
cshift	lr-mame	5
csilver	lr-fbneo	5
cskater	lr-fbneo	5
csprint	lr-mame	5
csuperas	lr-fbneo	5
cterrani	lr-fbneo	5
ctisland	lr-fbneo	5
ctomaday	lr-fbneo	5
ctornado	lr-fbneo	5
ctower	lr-fbneo	5
ctribe	lr-fbneo	5
cubeqst	lr-mame	2
cubybop	lr-fbneo	5
cuebrick	lr-fbneo	5
cultures	lr-fbneo	5
cupfinal	lr-fbneo	5
cupsoc	lr-mame	5
curvebal	lr-mame	5
cutefght	lr-fbneo	5
cutieq	lr-fbneo	5
cworld	lr-fbneo	5
cworld2j	lr-fbneo	5
cybattlr	lr-fbneo	5
cyberbal	lr-mame2016	5
cyberlip	lr-fbneo	5
cybertnk	lr-fbneo	5
cybots	lr-fbneo	5
cybstorm	lr-mame	5
cyclemb	lr-fbneo	5
cyclwarr	lr-mame	3
cyvern	lr-fbneo	5
czeroize	lr-fbneo	5
dacholer	lr-fbneo	5
dai2kaku	lr-mame	5
dai3wksi	lr-mame	5
daikaiju	lr-mame	5
daioh	lr-fbneo	5
daiskiss	lr-mame2016	5
daitorid	lr-fbneo	5
dambustr	lr-fbneo	5
danceyes	lr-mame2003-plus	5
dangar	lr-fbneo	5
dangerz	lr-mame0222	5
dangseed	lr-fbneo	5
dankuga	lr-fbneo	5
daraku	lr-fbneo	5
darius	lr-fbneo	5
darius2	lr-fbneo	5
dariusg	lr-fbneo	5
dariusgx	lr-fbneo	5
darkedge	lr-mame2016	5
darkmist	lr-fbneo	5
darkplnt	lr-mame	5
darkseal	lr-fbneo	5
darktowr	lr-fbneo	5
darkwar	lr-mame	5
darwin	lr-fbneo	5
dazzler	lr-mame	5
dblaxle	lr-fbneo	4
dbldynj	lr-fbneo	5
dblewing	lr-fbneo	5
dblplay	lr-mame	5
dblpoint	lr-fbneo	5
dbreed	lr-fbneo	5
dbz	lr-fbneo	5
dbz2	lr-fbneo	5
dbzvrvs	lr-mame2016	5
dcclub	lr-fbneo	5
dcheese	lr-mame	5
dcon	lr-fbneo	5
dday	lr-fbneo	5
ddayjlc	lr-mame	5
ddboy	lr-mame	5
ddcrew	lr-fbneo	5
ddealer	lr-mame	5
ddenlovj	lr-mame	5
dderby	lr-fbneo	5
ddonpach	lr-fbneo	5
ddp2	lr-fbneo	5
ddp3	lr-fbneo	5
ddpdfk	lr-fbneo	5
ddpsdoj	lr-fbneo	5
ddragon	lr-mame	5
ddragon2	lr-fbneo	5
ddragon3	lr-fbneo	5
ddribble	lr-fbneo	5
ddsom	lr-fbneo	5
ddtod	lr-fbneo	5
ddungeon	lr-mame	5
ddux	lr-fbneo	5
deadang	lr-fbneo	5
deadconx	lr-fbneo	5
deadeye	lr-mame	5
deathsml	lr-fbneo	5
decomult	lr-fbneo	5
deerhunt	lr-mame	5
defender	lr-fbneo	5
deluxe5	lr-fbneo	5
demndrgn	lr-mame	5
demoderb	lr-fbneo	5
demon	lr-mame	5
demoneye	lr-mame	5
demonwld	lr-fbneo	5
denjinmk	lr-fbneo	5
depthch	lr-mame	5
deroon	lr-fbneo	5
desertbr	lr-fbneo	5
desertdn	lr-fbneo	5
desertgu	lr-mame	5
desertwr	lr-mame	3
destroyr	lr-mame	5
destryer	lr-mame	5
devilfsh	lr-fbneo	5
devilw	lr-fbneo	5
devstors	lr-fbneo	5
devzone	lr-mame	4
dfjail	lr-mame	5
dfkbl	lr-fbneo	5
dharma	lr-fbneo	5
diamond	lr-fbneo	5
dicegame	lr-fbneo	5
dietgo	lr-fbneo	5
digdug	lr-fbneo	5
digdug2	lr-fbneo	5
digger	lr-mame	5
diggerma	lr-fbneo	5
dimahoo	lr-fbneo	5
dingo	lr-fbneo	5
dino	lr-fbneo	5
dinorex	lr-fbneo	5
dirtfoxj	lr-fbneo	5
disco	lr-fbneo	5
discoboy	lr-mame	5
divebomb	lr-fbneo	5
diverboy	lr-fbneo	5
djboy	lr-fbneo	5
dkong	lr-fbneo	5
dkong3	lr-fbneo	5
dkongjr	lr-fbneo	5
dleague	lr-fbneo	5
dmnfrnt	lr-fbneo	5
doapp	lr-mame2016	3
docastle	lr-fbneo	5
dockman	lr-fbneo	5
dodgem	lr-mame	5
dodgeman	lr-fbneo	5
dodghero	lr-mame	5
dogfgt	lr-fbneo	5
dogfight	lr-fbneo	5
dogpatch	lr-mame	5
dogyuun	lr-fbneo	5
dokaben	lr-fbneo	5
dokaben2	lr-mame	5
dokidoki	lr-mame	5
dolmen	lr-fbneo	5
domino	lr-fbneo	5
dominob	lr-mame	5
dominos	lr-mame	5
dommy	lr-fbneo	5
dondenmj	lr-mame	5
dondokod	lr-fbneo	5
donight	lr-fbneo	5
donpachi	lr-fbneo	5
dorachan	lr-fbneo	4
dorodon	lr-fbneo	5
dorunrun	lr-fbneo	5
dotrikun	lr-fbneo	4
dotron	lr-fbneo	5
doubledr	lr-fbneo	5
dowild	lr-fbneo	5
downtown	lr-fbneo	5
dplay	lr-mame	5
dquizgo	lr-fbneo	5
dquizgo2	lr-fbneo	5
draco	lr-mame2015	5
dragnblz	lr-fbneo	5
dragngun	lr-fbneo	5
dragonsh	lr-fbneo	4
dragoona	lr-mame2016	3
dragrace	lr-mame	5
drakton	lr-mame	5
dreamwld	lr-fbneo	5
dremshpr	lr-fbneo	5
drgnbowl	lr-fbneo	5
drgnbstr	lr-fbneo	5
drgnmst	lr-fbneo	5
drgnunit	lr-fbneo	5
drgnwrld	lr-mame	5
drgpunch	lr-mame	5
drgw2	lr-fbneo	5
drgw3	lr-fbneo	5
dribling	lr-fbneo	5
drifto94	lr-fbneo	5
driftout	lr-fbneo	5
drivfrcp	lr-mame	5
drmicro	lr-fbneo	5
drtomy	lr-fbneo	5
drtoppel	lr-fbneo	5
dsaber	lr-fbneo	5
dsmbl	lr-fbneo	5
dsoccr94	lr-fbneo	5
dspirit	lr-fbneo	5
dstlk	lr-fbneo	5
dtfamily	lr-fbneo	3
dunkmnia	lr-mame2003-plus	4
dunkshot	lr-fbneo	5
dw2001	lr-fbneo	5
dwpc	lr-fbneo	4
dyger	lr-fbneo	5
dynablst	lr-fbneo	5
dynabomb	lr-fbneo	5
dynagear	lr-fbneo	5
dynamski	lr-fbneo	5
dynashot	lr-mame	5
dynduke	lr-fbneo	5
dynwar	lr-fbneo	5
eaglshot	lr-fbneo	5
earthjkr	lr-fbneo	5
ebases	lr-mame	5
ecofghtr	lr-fbneo	5
edf	lr-fbneo	5
edrandy	lr-fbneo	5
eeekk	lr-fbneo	5
efdt	lr-fbneo	5
egghunt	lr-fbneo	5
eggor	lr-fbneo	5
eggventr	lr-mame	5
eightfrc	lr-fbneo	5
eightman	lr-fbneo	5
einning	lr-mame	5
ejanhs	lr-mame	5
ejihon	advmame	5
elecyoyo	lr-fbneo	5
elevator	lr-fbneo	5
elim2	lr-mame	5
elvactr	lr-fbneo	5
embargo	lr-mame	4
emeralda	lr-fbneo	5
empcity	lr-fbneo	5
enduror	lr-fbneo	5
enforce	lr-fbneo	5
enigma2	lr-mame	5
enmadaio	lr-mame	5
eprom	lr-fbneo	5
equites	lr-mame	5
ertictac	lr-mame	5
esb	lr-mame	5
esckids	lr-fbneo	5
escounts	lr-mame	5
espgal	lr-fbneo	5
espgal2	lr-fbneo	5
espial	lr-fbneo	5
esprade	lr-fbneo	5
eswat	lr-fbneo	5
eto	lr-fbneo	5
euroch92	lr-fbneo	5
evilston	lr-fbneo	5
evosocc	lr-mame0222	5
excelsr	lr-fbneo	5
exctleag	lr-fbneo	4
exctscc2	lr-mame	5
exctsccr	lr-mame	5
exedexes	lr-fbneo	5
exerion	lr-fbneo	5
explbrkr	lr-fbneo	5
exprraid	lr-fbneo	5
extdwnhl	lr-fbneo	5
exterm	lr-fbneo	5
extrmatn	lr-fbneo	5
exvania	lr-fbneo	5
exzisus	lr-fbneo	5
eyes	lr-fbneo	5
f15se	lr-mame	2
f1dream	lr-mame	5
f1en	lr-fbneo	5
f1gp	lr-fbneo	5
f1gp2	lr-fbneo	5
f1gpstar	lr-fbneo	5
f1gpstr2	lr-mame	5
f1lap	lr-mame	5
faceoff	lr-fbneo	5
fantasia	lr-fbneo	5
fantastc	lr-mame	5
fantasyu	lr-fbneo	5
fantjour	lr-mame2016	5
fantland	lr-fbneo	5
fantsia2	lr-fbneo	5
fantzn2	lr-fbneo	5
fantzn2x	lr-fbneo	5
fantzone	lr-fbneo	5
fastlane	lr-fbneo	5
fatfursp	lr-fbneo	5
fatfury1	lr-fbneo	5
fatfury2	lr-fbneo	5
fatfury3	lr-fbneo	5
fax	lr-mame	5
fball	lr-fbneo	5
fbfrenzy	lr-fbneo	5
fcombat	lr-mame	5
feversos	lr-fbneo	5
ffight	lr-fbneo	5
fghtatck	lr-fbneo	5
fghtbskt	lr-fbneo	5
fghthist	lr-fbneo	5
fgoal	lr-mame	4
fgtlayer	lr-mame2016	3
fhawk	lr-fbneo	5
fieldday	lr-mame	5
fightfev	lr-fbneo	5
fightrol	lr-fbneo	5
filetto	lr-mame	5
finalap2	lr-fbneo	5
finalap3	lr-fbneo	5
finalapr	lr-mame2015	5
finalb	lr-fbneo	5
finalgdr	lr-fbneo	5
finalizr	lr-fbneo	5
finallap	lr-fbneo	4
finalttr	lr-fbneo	5
finehour	lr-fbneo	5
firebatl	lr-fbneo	5
firebeas	lr-fbneo	5
fireone	lr-mame2016	4
fireshrk	lr-fbneo	5
firetrap	lr-fbneo	5
firetrk	lr-mame	5
fishfren	lr-mame2016	5
fitegolf	lr-fbneo	5
fitfight	lr-mame	4
fiveside	lr-mame	3
fixeight	lr-fbneo	5
flagrall	lr-fbneo	5
flamegun	lr-mame2016	5
flashgal	lr-fbneo	5
flicky	lr-fbneo	5
flipjack	lr-fbneo	5
flipshot	lr-fbneo	5
flower	lr-fbneo	5
flstory	lr-fbneo	5
flyball	lr-mame	5
flyboy	lr-fbneo	5
flytiger	lr-fbneo	5
fncywld	lr-fbneo	5
fnkyfish	lr-fbneo	5
foodf	lr-fbneo	5
footchmp	lr-fbneo	5
forgottn	lr-fbneo	5
formatz	lr-fbneo	5
fort2b	lr-fbneo	5
fourplay	lr-mame	5
fourtrax	lr-mame2016	5
fpoint	lr-fbneo	5
fredmem	lr-mame	5
freekick	lr-mame	5
freeze	lr-fbneo	5
freezeat	lr-mame	5
frenzy	lr-fbneo	5
friskyt	lr-fbneo	5
frogger	lr-fbneo	5
frogs	lr-mame	5
froman2b	lr-fbneo	5
fromanc4	lr-mame	5
fromancr	lr-mame	5
frontlin	lr-fbneo	5
fround	lr-fbneo	5
fshark	lr-fbneo	5
fsoccer	lr-mame	5
fspiderb	lr-fbneo	5
fstarfrc	lr-fbneo	5
ftimpcta	lr-mame2016	2
funkybee	lr-fbneo	5
funkyfig	lr-mame	5
funkyjet	lr-fbneo	5
funybubl	lr-fbneo	5
funystrp	lr-mame	5
futari15	lr-fbneo	5
futaribl	lr-fbneo	5
futflash	lr-mame	5
futspy	lr-fbneo	5
g13knd	advmame	2
ga2	lr-mame	5
gaia	lr-fbneo	5
gaialast	lr-fbneo	5
gaiapols	lr-fbneo	5
galactic	lr-mame	5
galaga	lr-fbneo	5
galaga88	lr-fbneo	5
galastrm	lr-fbneo	5
galaxia	lr-mame	5
galaxian	lr-fbneo	5
galaxyfg	lr-fbneo	5
galaxygn	lr-fbneo	5
galgame	lr-mame	5
galgame2	lr-mame	5
galgame3	lr-mame	5
galgame4	lr-mame	5
galivan	lr-fbneo	5
galmedes	lr-fbneo	5
galpani2	lr-mame	5
galpani3	lr-fbneo	5
galpani4	lr-fbneo	5
galpanic	lr-fbneo	5
galpanis	lr-fbneo	5
galpans2	lr-fbneo	5
galpans3	lr-fbneo	5
galspnbl	lr-mame	5
galxwars	lr-mame	5
gametngk	lr-mame2016	5
ganbare	lr-fbneo	5
gangwars	lr-fbneo	5
ganjaja	lr-mame	5
ganryu	lr-fbneo	5
gaplus	lr-fbneo	5
gardia	lr-fbneo	5
garogun	lr-fbneo	5
garou	lr-fbneo	5
garyoret	lr-fbneo	5
gaunt2	lr-fbneo	5
gauntlet	lr-fbneo	5
gbbchmp	lr-mame	5
gberet	lr-fbneo	5
gbusters	lr-fbneo	5
gchgchmp	lr-mame	5
gcpinbal	lr-mame	5
gdarius	advmame	5
gdfs	lr-fbneo	5
geebee	lr-mame	5
gekiridn	lr-fbneo	5
gekisou	lr-mame	5
gemcrush	lr-mame	5
gemini	lr-fbneo	5
genix	lr-fbneo	5
genpeitd	lr-fbneo	5
gfire2	lr-fbneo	5
gforce2	lr-fbneo	5
gghost	lr-mame	5
gground	lr-fbneo	5
ghlpanic	lr-mame2016	3
ghoshunt	lr-mame	5
ghostb	lr-fbneo	5
ghostlop	lr-fbneo	5
ghouls	lr-fbneo	5
ghox	lr-fbneo	5
gigandes	lr-fbneo	5
gigas	lr-fbneo	5
gigasm2	lr-fbneo	5
gigawing	lr-fbneo	5
gijoe	lr-fbneo	5
gimeabrk	lr-mame	5
ginganin	lr-fbneo	5
ginkun	lr-fbneo	5
gladiatr	lr-fbneo	5
glass	lr-fbneo	5
glfgreat	lr-mame	5
gloc	lr-fbneo	5
glpracr	lr-mame2016	5
glpracr2	lr-mame2016	5
glpracr3	lr-mame2016	3
gmissile	lr-mame	5
gnbarich	lr-fbneo	5
gng	lr-fbneo	5
go2000	lr-fbneo	5
goalx3	lr-fbneo	5
gocowboy	lr-mame	5
godzilla	lr-fbneo	5
gogomile	lr-fbneo	5
goindol	lr-fbneo	5
goldbug	lr-mame	5
goldmedl	lr-fbneo	5
goldnaxe	lr-fbneo	5
golgo13	advmame	2
gollygho	lr-mame2016	5
gomoku	lr-mame	5
gondo	lr-fbneo	5
goori	lr-fbneo	5
gorf	lr-mame	5
gorodki	lr-mame	5
gotcha	lr-fbneo	5
gowcaizr	lr-fbneo	5
gpgolf	lr-mame	5
gpilots	lr-fbneo	5
gprider	lr-fbneo	5
gradius3	lr-fbneo	5
grainbow	lr-fbneo	5
grasspin	lr-fbneo	5
gratia	lr-mame2016	5
gravitar	lr-mame	5
grchamp	lr-mame	5
grdforce	advmame	4
grdian	lr-fbneo	5
grdians	lr-fbneo	5
grdnstrm	lr-fbneo	5
greatgun	lr-mame	5
greenber	lr-mame	5
gridiron	lr-mame	5
gridlee	lr-mame	5
grindstm	lr-fbneo	5
grmatch	lr-mame	5
grndtour	lr-fbneo	5
grobda	lr-fbneo	5
groovef	advmame	5
groundfx	lr-fbneo	5
growl	lr-fbneo	5
grudge	lr-mame	5
gseeker	lr-fbneo	5
gslgr94u	lr-fbneo	5
gstream	lr-fbneo	5
gstrik2	lr-fbneo	5
gstriker	lr-mame	4
gsword	lr-mame	5
gt2k	lr-fbneo	5
gt3d	lr-fbneo	5
gt507uk	lr-mame	5
gt97	lr-fbneo	5
gt98	lr-fbneo	5
gt99	lr-fbneo	5
gtclassc	lr-fbneo	5
gtg	lr-mame	5
gtg2	lr-mame	5
gtmr	lr-fbneo	5
gtmr2	lr-fbneo	5
gtsers1	lr-mame	5
gtsers8	lr-mame	5
guab	lr-mame2015	5
guardian	lr-mame	5
gulfstrm	lr-fbneo	5
gulfwar2	lr-fbneo	5
gulunpa	lr-fbneo	5
gumbo	lr-fbneo	5
gunbird	lr-fbneo	5
gunbird2	lr-fbneo	5
gunbustr	lr-mame	5
gundamex	lr-fbneo	5
gundealr	lr-mame	5
gundhara	lr-fbneo	5
gundl94	lr-fbneo	5
gunfight	lr-mame	5
gunforc2	lr-fbneo	5
gunforce	lr-fbneo	5
gunfront	lr-fbneo	5
gunlock	lr-fbneo	5
gunmast	lr-fbneo	5
gunnail	lr-fbneo	5
gunpey	lr-mame	5
gunsmoke	lr-fbneo	5
gururin	lr-fbneo	5
guts	lr-mame	5
gutsn	lr-fbneo	5
guwange	lr-fbneo	5
guzzler	lr-fbneo	5
gwar	lr-fbneo	5
gwarrior	lr-fbneo	5
gypsyjug	lr-mame	5
gyrodine	lr-fbneo	5
gyruss	lr-fbneo	5
hachamf	lr-fbneo	5
hachoo	lr-fbneo	5
hal21	lr-fbneo	5
halleysc	lr-mame	5
hamaway	lr-fbneo	5
hamboy	lr-mame	3
hammer	lr-mame	5
hanaawas	lr-mame	5
hanagumi	advmame	5
hanakanz	lr-mame	5
hanaoji	lr-mame	5
hanaroku	lr-mame	5
hanayara	lr-mame	5
hangman	lr-mame	5
hangon	lr-fbneo	5
hangonjr	lr-fbneo	5
hangzo	lr-fbneo	5
happy6	lr-fbneo	5
harddriv	advmame	5
harddunk	lr-mame	5
hardhat	lr-mame	5
hardhea2	lr-fbneo	5
hardhead	lr-fbneo	5
hardyard	lr-fbneo	5
harem	lr-mame	5
hasamu	lr-fbneo	5
hatena	lr-fbneo	5
hatris	lr-fbneo	5
hattrick	lr-mame	5
hayaosi1	lr-fbneo	5
hbarrel	lr-fbneo	5
hcastle	lr-fbneo	5
hcrash	lr-fbneo	5
hdrivair	advmame	5
headon	lr-fbneo	5
headon2	lr-mame	5
headonch	lr-fbneo	5
heartatk	lr-mame	5
heatbrl	lr-fbneo	5
heberpop	lr-fbneo	5
hedpanic	lr-fbneo	5
heiankyo	lr-fbneo	5
helifire	lr-mame	5
hellfire	lr-fbneo	5
hero	lr-mame	5
heuksun	lr-fbneo	5
hexa	lr-fbneo	5
hexion	lr-fbneo	5
hgkairak	lr-fbneo	5
hgokou	lr-mame	5
hharry	lr-fbneo	5
hidctch2	lr-fbneo	3
hidctch3	lr-fbneo	5
hidnc2k	lr-fbneo	5
hidnctch	lr-fbneo	5
higemaru	lr-fbneo	5
highsplt	lr-mame	5
hiimpact	lr-fbneo	5
himesiki	lr-fbneo	5
hippodrm	lr-fbneo	5
histryma	lr-mame	4
hitice	lr-fbneo	5
hitnmiss	lr-mame	5
hjingi	lr-mame	5
hkagerou	lr-mame	5
hnayayoi	lr-mame	5
hngmnjpm	lr-mame	5
hnkochou	lr-mame	5
hoccer	lr-fbneo	5
holeland	lr-fbneo	5
holo	lr-mame	5
honeydol	lr-fbneo	5
hook	lr-fbneo	5
hoops96	lr-fbneo	5
hopmappy	lr-fbneo	5
hopprobo	lr-fbneo	5
horekid	lr-fbneo	5
horizon	lr-fbneo	5
horshoes	lr-fbneo	5
hotblock	lr-mame	5
hotchase	lr-mame	5
hotdebut	lr-fbneo	5
hotdogst	lr-fbneo	5
hotgm4ev	lr-fbneo	5
hotgmck	lr-fbneo	5
hotgmck3	lr-fbneo	5
hotgmcki	lr-fbneo	5
hotmind	lr-fbneo	5
hotpinbl	lr-fbneo	5
hotrod	lr-fbneo	5
hotshock	lr-fbneo	5
hotsmash	lr-mame	5
housemn2	lr-mame	5
housemnq	lr-mame	5
hparadis	lr-mame	5
hrdtimes	lr-mame	4
hsf2	lr-fbneo	5
hstennis	lr-mame	5
htchctch	lr-fbneo	5
htengoku	lr-mame	5
hunchbak	lr-mame	5
huncholy	lr-fbneo	5
hustle	lr-fbneo	5
hustler	lr-fbneo	5
hvnsgate	lr-mame2016	5
hvoltage	lr-mame	5
hvymetal	lr-fbneo	5
hvysmsh	lr-fbneo	5
hvyunit	lr-fbneo	5
hwchamp	lr-fbneo	5
hwrace	lr-fbneo	5
hydra	lr-fbneo	5
hyperbbc	lr-mame	5
hypernoid	lr-fbneo	5
hyperpac	lr-fbneo	5
hyperspt	lr-fbneo	5
hyprduel	lr-fbneo	5
hypreac2	lr-fbneo	5
hypreact	lr-fbneo	5
ibara	lr-fbneo	5
ibarablk	lr-fbneo	5
ichir	lr-fbneo	5
idhimitu	lr-mame	5
idolmj	lr-mame	5
idsoccer	lr-mame	5
iemoto	lr-mame	5
igmo	lr-fbneo	5
ikari	lr-fbneo	5
ikari3	lr-fbneo	5
ikki	lr-fbneo	5
imago	lr-fbneo	5
imekura	lr-mame	5
imgfight	lr-fbneo	5
imolagp	lr-mame	4
imsorry	lr-fbneo	5
inca	lr-mame	5
indianbt	lr-mame	5
indyheat	lr-mame	5
indytemp	lr-mame	5
inferno	lr-mame2015	5
insector	lr-mame	5
insectx	lr-fbneo	5
intcup94	lr-fbneo	5
inthunt	lr-fbneo	5
intrepid	lr-fbneo	5
intrgirl	lr-mame	5
inufuku	lr-fbneo	5
invad2ct	lr-mame	4
invaders	lr-mame	4
invadpt2	lr-mame	4
invasnab	lr-mame	3
invds	lr-mame	5
invho2	lr-mame	5
invinco	lr-mame	5
invmulti	lr-mame	4
invqix	lr-mame	5
invrvnge	lr-mame	5
inyourfa	lr-fbneo	5
ipminvad	lr-mame	5
iqblock	lr-fbneo	5
irobot	lr-mame	5
ironclad	lr-fbneo	5
ironfort	lr-fbneo	5
ironhors	lr-fbneo	5
irrmaze	lr-fbneo	5
istreb	lr-mame	5
itaten	lr-fbneo	5
ixion	lr-mame	5
jack	lr-fbneo	5
jackal	lr-fbneo	5
jackrabt	lr-mame2016	5
jailbrek	lr-fbneo	5
janjans1	lr-fbneo	5
janjans2	lr-fbneo	5
janptr96	lr-mame	5
janshin	lr-fbneo	5
jchan	lr-fbneo	5
jchan2	lr-fbneo	5
jcross	lr-fbneo	5
jdredd	lr-mame2010	4
jdreddp	lr-fbneo	5
jedi	lr-fbneo	5
jin	lr-fbneo	5
jitsupro	lr-fbneo	5
jjack	lr-fbneo	5
jjparad2	lr-fbneo	5
jjparads	lr-fbneo	5
jjsquawk	lr-fbneo	5
jmpbreak	lr-fbneo	5
jngolady	lr-mame	5
jockeygp	lr-fbneo	5
joemacr	lr-fbneo	5
joinem	lr-fbneo	5
jojo	lr-fbneo	5
jojoba	lr-fbneo	5
jollyjgr	lr-fbneo	5
jongbou	lr-mame	5
jongpute	lr-mame	5
josvolly	lr-mame	5
journey	lr-fbneo	5
joust	lr-fbneo	5
joust2	lr-mame	5
joyfulr	lr-fbneo	5
joyjoy	lr-fbneo	5
jpark	lr-mame	5
jrpacman	lr-fbneo	5
jsk	lr-mame	5
jumpbug	lr-fbneo	5
jumpcoas	lr-fbneo	5
jumpkids	lr-fbneo	5
jumpkun	lr-fbneo	5
jumppop	lr-fbneo	5
jumpshot	lr-fbneo	5
junglek	lr-fbneo	5
jungler	lr-fbneo	5
junofrst	lr-fbneo	5
kabukikl	lr-fbneo	5
kabukiz	lr-fbneo	5
kageki	lr-fbneo	5
kaiserkn	lr-fbneo	5
kaitei	lr-fbneo	5
kamenrid	lr-fbneo	5
kamikaze	lr-mame	5
kamikcab	lr-fbneo	5
kanatuen	lr-mame	5
kangaroo	lr-fbneo	5
kaos	lr-mame	5
karatblz	lr-fbneo	5
karatour	lr-fbneo	5
karianx	lr-fbneo	5
karnov	lr-fbneo	5
karnovr	lr-fbneo	5
kazan	lr-fbneo	5
kbash	lr-fbneo	5
kbash2	lr-fbneo	5
kchamp	lr-fbneo	5
kdynastg	lr-mame2016	4
keith	lr-mame	5
keithlcy	lr-fbneo	5
kenseim	lr-mame	5
keroppi	lr-fbneo	5
ket	lr-fbneo	5
kick	lr-fbneo	5
kickball	lr-mame	5
kickboy	lr-fbneo	5
kicker	lr-fbneo	5
kickgoal	lr-fbneo	5
kicknrun	lr-fbneo	5
kickoff	lr-fbneo	5
kickridr	lr-fbneo	5
kidniki	lr-fbneo	5
kikcubic	lr-mame	5
kikikai	lr-fbneo	5
kikstart	lr-fbneo	5
killbld	lr-fbneo	5
killbldp	lr-fbneo	5
killcom	lr-mame	5
kingball	lr-fbneo	5
kingdmgp	lr-fbneo	5
kingofb	lr-fbneo	5
kingpin	lr-mame	5
kirameki	lr-fbneo	5
kirarast	lr-mame	5
kittenk	lr-fbneo	5
kizuna	lr-fbneo	5
klax	lr-fbneo	5
klondkp	lr-fbneo	5
knckhead	lr-fbneo	5
kncljoe	lr-fbneo	5
kngtmare	lr-mame	5
knights	lr-fbneo	5
kod	lr-fbneo	5
kof2000	lr-fbneo	5
kof2001	lr-fbneo	5
kof2002	lr-fbneo	5
kof2003	lr-fbneo	5
kof94	lr-fbneo	5
kof95	lr-fbneo	5
kof96	lr-fbneo	5
kof97	lr-fbneo	5
kof98	lr-fbneo	5
kof99	lr-fbneo	5
koikoi	lr-mame	5
koikois	lr-mame	5
koikois2	lr-fbneo	5
kok	lr-mame	5
konamigt	lr-fbneo	5
konek	lr-mame	5
kong	lr-fbneo	5
korokoro	lr-fbneo	5
koroleva	lr-mame	5
koshien	lr-fbneo	5
kot	lr-mame	5
kothello	lr-mame	5
kotm	lr-fbneo	5
kotm2	lr-fbneo	5
kouyakyu	lr-mame	5
kov	lr-fbneo	5
kov2	lr-fbneo	5
kov2p	lr-fbneo	5
kov3	lr-mame	5
kovplus	lr-fbneo	5
kovsh	lr-fbneo	5
kovshp	lr-fbneo	5
kozure	lr-fbneo	5
kram	lr-fbneo	5
kroozr	lr-fbneo	5
krull	lr-fbneo	5
krzybowl	lr-fbneo	5
ksayakyu	lr-fbneo	5
kungfum	lr-fbneo	5
kungfut	lr-fbneo	5
kurikint	lr-fbneo	5
kyros	lr-fbneo	5
kyukaidk	lr-fbneo	5
kyustrkr	lr-fbneo	5
ladybug	lr-fbneo	5
ladyfrog	lr-mame	5
ladykill	lr-fbneo	5
ladymstr	lr-fbneo	5
lagunar	lr-mame2016	4
landbrk	lr-fbneo	5
landmakr	lr-fbneo	5
laserbat	lr-mame	5
lasso	lr-fbneo	5
lastapos	lr-mame	4
lastblad	lr-fbneo	5
lastbld2	lr-fbneo	5
lastday	lr-fbneo	5
lastduel	lr-fbneo	5
lastfght	lr-mame	4
lastfort	lr-fbneo	5
lasthope	lr-fbneo	5
lastkm	lr-fbneo	5
lastmisn	lr-fbneo	5
laststar	lr-mame	4
lastsurv	lr-fbneo	5
lazercmd	lr-mame	5
lazybug	lr-fbneo	5
lbgrande	lr-mame2010	5
lbowling	lr-fbneo	5
ldrun	lr-fbneo	5
ldrun2	lr-fbneo	5
ldrun3	lr-fbneo	5
ldrun4	lr-fbneo	5
le2	lr-mame2016	3
leds2011	lr-fbneo	5
legend	lr-fbneo	5
legendoh	lr-fbneo	5
legendos	lr-fbneo	5
legion	lr-fbneo	5
legionna	lr-fbneo	5
lemmings	lr-fbneo	5
leprechn	lr-mame	5
lethalen	lr-mame	5
lethalj	lr-mame	5
lethalth	lr-fbneo	5
levers	lr-fbneo	5
lghost	lr-fbneo	5
lgtnfght	lr-fbneo	5
liberate	lr-fbneo	5
liberatr	lr-mame	5
liblrabl	lr-fbneo	5
lightbr	lr-fbneo	5
linkypip	lr-mame2016	3
liquidk	lr-fbneo	5
littlerb	lr-mame	5
livequiz	lr-fbneo	5
lizwiz	lr-fbneo	5
lkage	lr-fbneo	5
llander	lr-mame	5
lnc	lr-fbneo	5
lockon	lr-mame	5
lockonph	lr-fbneo	5
locomotn	lr-fbneo	5
loderndf	lr-mame	5
loffire	lr-mame	5
logger	lr-mame	5
logicpr2	lr-fbneo	5
loht	lr-fbneo	5
lomakai	lr-fbneo	5
looping	lr-mame	5
looptris	lr-fbneo	5
lordgun	lr-mame	5
losttomb	lr-fbneo	5
lotlot	lr-fbneo	5
lottof2	lr-mame	4
lottofun	lr-fbneo	5
loverboy	lr-fbneo	5
lpadv	lr-mame	5
lrescue	lr-mame	5
lresort	lr-fbneo	5
lsasquad	lr-fbneo	5
ltorb	lr-fbneo	5
ltswords	lr-fbneo	5
luckboom	lr-mame	5
luckywld	lr-fbneo	5
lupin3	lr-mame	5
lvgirl94	lr-fbneo	5
lwings	lr-fbneo	5
m4	lr-mame	5
m660	lr-fbneo	5
m79amb	lr-mame	5
machbrkr	lr-fbneo	5
machomou	lr-fbneo	5
macross	lr-fbneo	5
macross2	lr-fbneo	5
macrossp	lr-fbneo	5
madalien	lr-mame	5
madball	lr-mame	5
madcrash	lr-fbneo	5
maddonna	lr-fbneo	5
madgear	lr-fbneo	5
madmotor	lr-fbneo	5
madshark	lr-fbneo	5
mag_burn	lr-mame	5
mag_day	lr-mame	5
mag_war	lr-mame0222	5
magdrop2	lr-fbneo	5
magdrop3	lr-fbneo	5
magerror	lr-fbneo	5
magicbal	lr-mame	5
magicbub	lr-fbneo	5
magicfly	lr-mame	5
magicstk	lr-fbneo	5
magipur	lr-fbneo	5
magix	lr-fbneo	5
maglord	lr-fbneo	5
magmax	lr-mame	5
magspot	lr-mame	4
magspot2	lr-mame	4
mahretsu	lr-fbneo	5
maiko	lr-mame	5
mainevt	lr-fbneo	5
mainsnk	lr-fbneo	5
majtitl2	lr-fbneo	5
majtitle	lr-fbneo	5
maletmad	lr-mame	4
mangchi	lr-fbneo	5
maniach	lr-fbneo	5
maniacsq	lr-fbneo	5
manybloc	lr-fbneo	5
mappy	lr-fbneo	5
marble	lr-mame	5
marblmd2	lr-fbneo	5
marineb	lr-fbneo	5
marinedt	lr-mame	4
mariner	lr-fbneo	4
mario	lr-fbneo	5
markham	lr-fbneo	5
mars	lr-fbneo	5
martmast	lr-fbneo	5
maruchan	advmame	5
marukin	lr-fbneo	5
marukodq	lr-fbneo	5
marvins	lr-fbneo	5
marvland	lr-fbneo	5
mastboyo	lr-fbneo	5
masterw	lr-fbneo	5
mastfury	lr-mame	5
mastkin	lr-fbneo	4
matchit	lr-fbneo	5
matchit2	lr-fbneo	5
matmania	lr-fbneo	5
matrim	lr-fbneo	5
mausuke	advmame	5
maxforce	lr-mame2016	5
maxrpm	lr-mame	5
maya	lr-mame	5
mayday	lr-fbneo	5
mayhem	lr-mame0222	5
mayjisn2	lr-mame	5
mayumi	lr-mame	5
maze	lr-mame	5
mazeinv	lr-mame	5
mazerbla	lr-mame	4
mazinger	lr-fbneo	5
mbombrd	lr-fbneo	5
mcatadv	lr-fbneo	5
mchampdx	lr-fbneo	5
mcheonru	lr-mame	5
mcontest	lr-mame	5
mechatt	lr-fbneo	5
medlanes	lr-mame	5
megablst	lr-fbneo	5
megadon	lr-fbneo	5
megaman	lr-fbneo	5
megaman2	lr-fbneo	5
megaphx	lr-mame2016	5
megat	lr-mame	5
megat2	lr-mame	5
megat3	lr-mame	5
megat4	lr-mame	5
megat5	lr-mame	5
megat6	lr-mame	5
megat7e	lr-mame	5
megatack	lr-mame	5
megazone	lr-fbneo	5
megrescu	lr-fbneo	5
meijinsn	lr-fbneo	5
mercs	lr-fbneo	5
merlinmm	lr-fbneo	5
mermaid	lr-mame	5
metafox	lr-fbneo	5
metalb	lr-fbneo	5
metamrph	lr-fbneo	5
metlclsh	lr-fbneo	5
metlfrzr	lr-fbneo	5
metlhawk	lr-fbneo	5
metlsavr	lr-fbneo	5
metmqstr	lr-fbneo	5
metrocrs	lr-fbneo	5
mf_achas	lr-mame	5
mf_bdash	lr-mame	5
mf_brist	lr-mame	5
mf_flip	lr-mame	4
mfjump	lr-mame2016	5
mgakuen	lr-fbneo	5
mgakuen2	lr-fbneo	5
mgcldtex	lr-mame2016	5
mgcrystl	lr-fbneo	5
mgion	lr-mame	5
mgolf	lr-mame	5
mhavoc	lr-mame	5
mia	lr-fbneo	5
midres	lr-fbneo	5
miexchng	lr-fbneo	5
mightguy	lr-fbneo	5
mikie	lr-fbneo	5
milliped	lr-fbneo	5
mimonkey	lr-fbneo	5
minasan	lr-fbneo	5
minefld	lr-fbneo	5
mineswpr	lr-fbneo	5
minferno	lr-mame	4
minigolf	lr-mame	5
minivadr	lr-fbneo	5
mirax	lr-fbneo	5
mirninja	lr-fbneo	5
misncrft	lr-mame2016	5
missb2	lr-fbneo	5
missile	lr-fbneo	5
missw02	lr-fbneo	5
missw96	lr-fbneo	5
mj4simai	lr-fbneo	5
mjfocus	lr-mame	5
mjgtaste	lr-fbneo	5
mjkjidai	lr-fbneo	5
mjleague	lr-mame	5
mjnquest	lr-fbneo	5
mk	lr-fbneo	5
mk2	lr-fbneo	5
mk3	lr-fbneo	5
mk4	lr-mame2016	2
mlanding	lr-mame	5
mmagic	lr-mame	5
mmatrix	lr-fbneo	5
mmaulers	lr-fbneo	5
mmaze	lr-fbneo	5
mmonkey	lr-fbneo	5
mmpanic	lr-mame	5
mmpork	lr-fbneo	5
mnight	lr-fbneo	5
mofflott	lr-fbneo	5
moguchan	lr-fbneo	4
mogura	lr-fbneo	5
mole	lr-fbneo	5
momoko	lr-fbneo	5
monopldx	lr-mame	5
monopoly	lr-mame	5
monsterb	lr-mame	5
montecar	lr-mame	5
monymony	lr-mame	5
monzagp	lr-mame	4
moomesa	lr-fbneo	5
moonal2	lr-fbneo	5
mooncrst	lr-fbneo	5
moonqsr	lr-fbneo	5
moonwar	lr-fbneo	5
moonwarp	lr-fbneo	5
moremore	lr-fbneo	5
moremorp	lr-fbneo	5
mosaic	lr-fbneo	5
mosaicf2	lr-fbneo	5
moshougi	lr-fbneo	5
motofren	lr-mame	5
motos	lr-fbneo	5
mouja	lr-mame	5
mouseatk	lr-mame	5
mouser	lr-fbneo	5
mp_bio	lr-mame2016	5
mp_col3	lr-mame2016	5
mp_gaxe2	lr-mame2016	5
mp_gslam	lr-mame2016	5
mp_gunhe	lr-mame	3
mp_mazin	lr-mame2016	5
mp_shnb3	lr-mame	3
mp_soni2	lr-mame2016	5
mp_sonic	lr-mame2016	5
mp_sor2	lr-mame2016	5
mp_twcup	lr-mame	3
mpang	lr-fbneo	5
mpatrol	lr-fbneo	5
mplanets	lr-fbneo	5
mrdig	lr-fbneo	5
mrdo	lr-fbneo	5
mrdrillr	lr-mame2016	3
mrflea	lr-fbneo	5
mrgoemon	lr-fbneo	5
mrjong	lr-fbneo	5
mrkicker	lr-fbneo	5
mrkougar	lr-fbneo	5
mrsdyna	lr-fbneo	5
mrtnt	lr-fbneo	5
mrviking	lr-fbneo	5
msbingo	lr-fbneo	5
msgogo	lr-fbneo	5
msgundam	lr-fbneo	5
msh	lr-fbneo	5
mshuttle	lr-mame	5
mshvsf	lr-fbneo	5
msisaac	lr-fbneo	5
mslider	lr-fbneo	5
mslug	lr-fbneo	5
mslug2	lr-fbneo	5
mslug3	lr-fbneo	5
mslug4	lr-fbneo	5
mslug5	lr-fbneo	5
mslugx	lr-fbneo	5
mspacman	lr-fbneo	5
mspactwin	lr-fbneo	5
mspuzzle	lr-fbneo	5
mstworld	lr-fbneo	5
msword	lr-fbneo	5
mtlchamp	lr-fbneo	5
mtrap	lr-mame	5
mtwins	lr-fbneo	5
mugsmash	lr-fbneo	5
multchmp	lr-fbneo	5
multigam	lr-mame	5
multigm2	lr-mame	5
multigm3	lr-mame	5
mushisam	lr-fbneo	5
mushitam	lr-fbneo	5
musicbal	lr-mame	5
musobana	lr-mame	5
mustache	lr-fbneo	5
mustang	lr-fbneo	5
mutantf	lr-fbneo	5
mutnat	lr-fbneo	5
mvp	lr-fbneo	5
mvsc	lr-fbneo	5
mwalk	lr-fbneo	5
mwarr	lr-fbneo	5
mx5000	lr-fbneo	5
myangel	lr-fbneo	5
myangel2	lr-fbneo	5
myhero	lr-fbneo	5
mysticm	lr-mame	5
mysticri	lr-fbneo	5
mystston	lr-fbneo	5
mystwarr	lr-fbneo	5
nam1975	lr-fbneo	5
namenayo	lr-mame	5
nametune	lr-mame	5
naname	lr-fbneo	5
narc	lr-fbneo	5
nastar	lr-fbneo	5
natodef	lr-fbneo	5
naughtyb	lr-fbneo	5
navarone	lr-mame	5
nbahangt	lr-fbneo	5
nbajam	lr-fbneo	5
nbajamex	lr-mame2016	4
nbajamte	lr-fbneo	5
nbamht	lr-fbneo	5
nbbatman	lr-fbneo	5
ncombat	lr-fbneo	5
ncommand	lr-fbneo	5
ncv1	lr-mame	5
ncv2	lr-mame	5
nebulray	lr-fbneo	5
neckneck	lr-mame	5
nemesis	lr-fbneo	5
nemo	lr-fbneo	5
neobattl	lr-fbneo	5
neobombe	lr-fbneo	5
neocup98	lr-fbneo	5
neodrift	lr-fbneo	5
neomrdo	lr-fbneo	5
neonopon	lr-fbneo	5
neopang	lr-fbneo	5
neopong	lr-fbneo	5
neotet	lr-fbneo	5
neothndr	lr-fbneo	5
netwars	lr-fbneo	5
newfant	lr-fbneo	5
news	lr-fbneo	5
newsin7	lr-fbneo	5
newxpang	lr-fbneo	5
ngem2k	lr-fbneo	5
ngfrog	lr-fbneo	5
ngtbunny	lr-mame	5
nhidctch	lr-fbneo	5
nhomerun	lr-mame	5
nibbler	lr-fbneo	5
nightgal	lr-mame	5
nightstr	lr-fbneo	5
ninclown	lr-mame	5
ninjak	lr-fbneo	5
ninjakd2	lr-fbneo	5
ninjakun	lr-mame	5
ninjamas	lr-fbneo	5
ninjaw	lr-fbneo	5
ninjemak	lr-fbneo	5
nitd	lr-fbneo	5
nitedrvr	lr-fbneo	5
nitrobal	lr-fbneo	5
niyanpai	lr-mame	5
nmg5	lr-fbneo	5
nmouse	lr-fbneo	5
noahsark	lr-mame	5
nob	lr-mame	5
nomnlnd	lr-mame	4
nost	lr-fbneo	5
nouryoku	lr-fbneo	5
nova2001	lr-fbneo	5
nrallyx	lr-fbneo	5
nratechu	lr-mame	5
nslasher	lr-fbneo	5
nspirit	lr-fbneo	5
nstocker	lr-mame	5
nsub	lr-mame	5
numanath	lr-fbneo	5
numcrash	lr-mame	5
nwarr	lr-fbneo	5
nycaptor	lr-fbneo	5
nyny	lr-mame	5
offroad	lr-mame	5
offroadc	lr-mame	5
offroadt	lr-mame	5
offtwall	lr-mame	5
ohmygod	lr-fbneo	5
ohpaipee	lr-mame	5
oisipuzl	lr-fbneo	5
ojousan	lr-mame	5
olds	lr-fbneo	5
oldsplus	lr-fbneo	5
olibochu	lr-fbneo	5
omega	lr-fbneo	5
omegaf	lr-mame	5
omegrace	lr-mame	5
omotesnd	lr-mame	5
oneshot	lr-fbneo	5
onetwo	lr-fbneo	5
onna34ro	lr-fbneo	5
ooparts	lr-fbneo	5
opaopa	lr-mame	5
openice	lr-fbneo	5
opwolf	lr-mame	5
opwolf3	lr-fbneo	5
orangec	lr-mame	5
orbit	lr-mame	5
orbite	lr-mame	4
orbitron	lr-fbneo	5
orbs	lr-fbneo	5
ordyne	lr-fbneo	5
orleg2	lr-mame	5
orlegend	lr-fbneo	5
orunners	lr-mame	5
oscar	lr-fbneo	5
osman	lr-fbneo	5
othello	lr-mame	5
othellos	advmame	5
othldrby	lr-mame	5
othunder	lr-mame	5
otwalls	lr-mame	5
outfxies	lr-fbneo	5
outrun	lr-fbneo	5
outzone	lr-fbneo	5
overtop	lr-fbneo	5
ozmawars	lr-fbneo	5
ozon1	lr-fbneo	5
p47	lr-fbneo	5
p47aces	lr-fbneo	5
pachifev	lr-mame	5
pachiten	lr-mame	5
packbang	lr-fbneo	5
pacland	lr-fbneo	5
pacmania	lr-fbneo	5
pacnpal	lr-fbneo	5
pacplus	lr-fbneo	5
paddlema	lr-fbneo	5
pairlove	lr-fbneo	5
pairs	lr-fbneo	5
pairsnb	lr-mame	5
pairsred	lr-fbneo	5
palamed	lr-fbneo	5
pandoras	lr-fbneo	5
pang	lr-fbneo	5
pang3	lr-fbneo	5
pangpang	lr-fbneo	5
pangpoms	lr-fbneo	5
panic	lr-mame	5
panicbom	lr-fbneo	5
panicstr	lr-fbneo	5
panther	lr-mame	4
paperboy	lr-mame	5
paprazzi	lr-fbneo	5
para2dx	lr-mame	5
paradise	lr-mame	5
paradlx	lr-mame	5
parodius	lr-fbneo	5
pasha2	lr-fbneo	3
pass	lr-fbneo	5
passsht	lr-fbneo	5
pastelg	lr-mame	5
pastelis	lr-fbneo	5
patapata	lr-fbneo	5
pbaction	lr-fbneo	5
pballoon	lr-fbneo	5
pbancho	lr-fbneo	5
pbillian	lr-mame	5
pbillrd	lr-fbneo	5
pbobbl2n	lr-fbneo	5
pbobble2	lr-fbneo	5
pbobble3	lr-fbneo	5
pbobble4	lr-fbneo	5
pbobblen	lr-fbneo	5
pbst30	lr-mame	5
pcktgal	lr-mame	5
pclubys	lr-fbneo	5
pdrift	lr-fbneo	5
peekaboo	lr-fbneo	5
peggle	lr-mame	5
penbros	lr-fbneo	5
penfan	lr-fbneo	5
pengadvb	lr-fbneo	5
pengo	lr-fbneo	5
penky	lr-mame	5
pepper2	lr-mame	5
percuss	lr-fbneo	5
perestro	lr-mame	5
perfrman	lr-fbneo	5
pesadelo	lr-mame	5
peterpak	lr-mame	5
pgalvip	lr-fbneo	5
pgemeni	lr-fbneo	5
pgoal	lr-fbneo	5
phantom2	lr-mame	5
phelios	lr-fbneo	5
phklad	lr-mame	5
phoenix	lr-fbneo	5
photoy2k	lr-fbneo	5
phozon	lr-fbneo	5
phpython	lr-mame	5
phrcraze	lr-mame	5
phtetris	lr-mame	5
pickin	lr-fbneo	5
pignewt	lr-mame	5
pigout	lr-mame	5
pigskin	lr-mame	5
pinbo	lr-fbneo	4
pingpong	lr-fbneo	5
pinkswts	lr-fbneo	5
pipedrm	lr-fbneo	5
pipeline	lr-mame	5
pipibibs	lr-fbneo	5
pirates	lr-fbneo	5
piratesh	lr-mame	5
piratetr	lr-mame	5
pisces	lr-fbneo	5
pistoldm	lr-fbneo	5
pitapat	lr-fbneo	5
pitboss2	lr-mame	5
pitbossm	lr-mame	5
pitbosss	lr-mame	5
pitfall2	lr-fbneo	5
pitfight	lr-fbneo	5
pitnrun	lr-fbneo	4
pkgnsh	lr-mame	5
pkgnshdx	lr-mame	5
pkladies	lr-mame	5
pkscram	lr-fbneo	5
pktgaldx	lr-fbneo	5
pkunwar	lr-fbneo	5
playball	lr-fbneo	5
plegends	lr-fbneo	5
pleiads	lr-fbneo	4
plgirls	lr-fbneo	5
plgirls2	lr-fbneo	5
plotting	lr-fbneo	5
plsmaswd	lr-mame2010	3
plumppop	lr-fbneo	5
plusalph	lr-fbneo	5
pnickj	lr-fbneo	5
pnyaa	lr-fbneo	5
pocketrc	lr-mame2010	5
poitto	lr-fbneo	5
poizone	lr-mame	5
pokechmp	lr-mame	5
poknight	lr-fbneo	5
pokonyan	lr-fbneo	5
polaris	lr-mame	5
polepos	lr-mame	5
polepos2	lr-mame	5
policetr	lr-mame	5
pollux	lr-fbneo	5
polyplay	lr-mame	5
pong	lr-mame	3
ponpoko	lr-fbneo	5
poolshrk	lr-mame	5
poosho	lr-fbneo	5
pooyan	lr-fbneo	5
popbingo	lr-fbneo	5
popbounc	lr-fbneo	5
popeye	lr-fbneo	5
popflame	lr-fbneo	5
popnpop	lr-fbneo	5
popobear	lr-mame	5
popper	lr-fbneo	5
popspops	lr-fbneo	5
porky	lr-fbneo	5
portrait	lr-mame	4
potopoto	lr-fbneo	5
poundfor	lr-fbneo	5
pow	lr-fbneo	5
powerbal	lr-fbneo	5
powerdrv	lr-fbneo	5
powerins	lr-fbneo	5
powrplay	lr-mame	5
ppcar	lr-mame2016	2
ppking	lr-mame	5
ppmast93	lr-fbneo	5
pprobe	lr-fbneo	5
ppsatan	lr-mame	5
prehisle	lr-fbneo	5
preisle2	lr-fbneo	5
prikura	advmame	5
primglex	lr-mame2010	5
primrage	lr-mame	5
prmrsocr	lr-mame	5
profpac	lr-mame	5
progear	lr-fbneo	5
progolf	lr-fbneo	5
progress	lr-fbneo	5
promutrv	lr-fbneo	5
proneon	lr-fbneo	5
propcycl	lr-mame2003-plus	4
prosoccr	lr-mame	5
prosport	lr-mame	5
protenn	lr-mame	5
prtytime	lr-fbneo	5
psailor1	lr-mame	5
psailor2	lr-mame	5
pspikes	lr-fbneo	5
pspikes2	lr-fbneo	5
psurge	lr-fbneo	5
psychic5	lr-fbneo	5
psychos	lr-fbneo	5
psyforce	lr-mame2016	5
ptblank	lr-fbneo	5
ptblank2	lr-mame2010	5
ptrmj	lr-mame	5
pturn	lr-fbneo	5
pubball	lr-mame	5
puchicar	lr-fbneo	5
puckman	lr-fbneo	5
puckpkmn	lr-mame	5
pulirula	lr-fbneo	5
pulsar	lr-mame	5
pulstar	lr-fbneo	5
punchout	lr-fbneo	5
punisher	lr-fbneo	5
punkshot	lr-fbneo	5
pururun	lr-fbneo	5
pushman	lr-fbneo	5
puyo	lr-mame	5
puyopuy2	lr-mame	5
puyosun	advmame	5
puzlclub	lr-fbneo	5
puzlstar	lr-fbneo	5
puzzledp	lr-fbneo	5
puzzlekg	lr-fbneo	3
puzzli	lr-fbneo	5
puzzli2	lr-fbneo	5
puzzloop	lr-fbneo	5
puzzlove	lr-fbneo	5
puzznic	lr-fbneo	5
pwrflip	lr-mame	5
pwrgoal	lr-fbneo	5
pwrinst2	lr-fbneo	5
pwrkick	lr-mame	5
py2k2	lr-fbneo	5
pzlbowl	lr-fbneo	5
pzlbreak	lr-fbneo	5
pzletime	lr-mame	5
pzloop2	lr-fbneo	5
qad	lr-fbneo	5
qb3	lr-mame2015	5
qbert	lr-mame	5
qbertqub	lr-mame	5
qcrayon	lr-fbneo	5
qcrayon2	lr-fbneo	5
qgakumon	lr-fbneo	5
qgh	lr-fbneo	5
qix	lr-fbneo	5
qjinsei	lr-fbneo	5
qndream	lr-fbneo	5
qrouka	lr-fbneo	5
qsangoku	lr-fbneo	5
qsww	lr-fbneo	5
qtheater	lr-fbneo	5
qtono1	lr-fbneo	5
qtono2j	lr-fbneo	5
qtorimon	lr-fbneo	5
quantum	lr-mame	5
quarterb	lr-mame	5
quartet	lr-fbneo	5
quasar	lr-mame	5
quester	lr-fbneo	5
quiz18k	lr-fbneo	5
quizdai2	lr-fbneo	5
quizdais	lr-fbneo	5
quizf1	lr-fbneo	5
quizhq	lr-fbneo	5
quizhuhu	lr-fbneo	5
quizkof	lr-fbneo	5
quizmeku	lr-fbneo	5
quizo	lr-fbneo	5
quiztou	lr-mame2015	3
quizvadr	lr-mame	5
qwak	lr-mame	5
qzchikyu	lr-fbneo	5
qzkklgy2	lr-fbneo	5
qzkklogy	lr-fbneo	5
qzquest	lr-fbneo	5
qzshowby	lr-fbneo	5
r2dtank	lr-mame	5
r2dx_v33	lr-fbneo	5
rabbit	lr-fbneo	5
rabiolep	lr-fbneo	5
raccoon	lr-fbneo	3
racedriv	advmame	5
rachero	lr-fbneo	5
racingb	lr-fbneo	5
rackemup	lr-fbneo	5
racknrol	lr-fbneo	5
radarscp	lr-mame	5
radarzon	lr-mame	5
radm	lr-fbneo	3
radr	lr-mame	5
radrad	lr-mame	5
raflesia	lr-fbneo	5
ragnagrd	lr-fbneo	5
raiden	lr-fbneo	5
raiden2	lr-fbneo	5
raidendx	lr-fbneo	5
raiders	lr-mame	5
raiders5	lr-fbneo	5
raimais	lr-fbneo	5
rallybik	lr-fbneo	5
rallyx	lr-fbneo	5
rambo3	lr-fbneo	5
rampage	lr-fbneo	5
rampart	lr-mame	5
rapidfir	lr-mame	5
rastan	lr-fbneo	5
raverace	lr-mame	2
raveracw	lr-mame	2
razmataz	lr-mame	5
rbff1	lr-fbneo	5
rbff2	lr-fbneo	5
rbffspec	lr-fbneo	5
rbisland	lr-fbneo	5
rbislande	lr-fbneo	5
rchase	lr-mame	5
rdft	lr-fbneo	5
rdft2	lr-fbneo	5
reactor	lr-mame	5
reaktor	lr-fbneo	5
realbrk	lr-mame	5
recalh	lr-fbneo	5
recordbr	lr-fbneo	5
redalert	lr-mame	4
redbaron	lr-mame	5
redclash	lr-fbneo	4
redearth	lr-fbneo	5
redlin2p	lr-mame	5
redrobin	lr-fbneo	5
redufo	lr-fbneo	5
reelfun	lr-mame	5
regulus	lr-fbneo	5
relief	lr-fbneo	5
renegade	lr-fbneo	5
renju	lr-mame	5
repulse	lr-fbneo	5
rescraid	lr-mame2015	5
rescue	lr-fbneo	5
retofinv	lr-fbneo	5
revngr84	lr-fbneo	5
revx	lr-mame	5
rezon	lr-fbneo	5
rfjet	lr-fbneo	5
ribbit	lr-fbneo	5
ridgera2	lr-mame	2
ridgerac	lr-mame	2
ridhero	lr-fbneo	5
ridingf	lr-fbneo	5
ridleofp	lr-fbneo	5
rimrockn	lr-mame	5
ringdest	lr-fbneo	5
ringrage	lr-fbneo	5
riot	lr-fbneo	5
riotcity	lr-fbneo	5
ripcord	lr-mame	5
ripoff	lr-mame	5
ripribit	lr-mame	5
riskchal	lr-fbneo	5
rjammer	lr-fbneo	5
rltennis	lr-mame	5
rmpgwt	lr-fbneo	5
roadblst	lr-mame	5
roadf	lr-fbneo	5
roadriot	lr-mame	5
roadrunn	lr-mame	5
robby	lr-mame	5
roboarmy	lr-fbneo	5
robocop	lr-fbneo	5
robocop2	lr-fbneo	5
robokid	lr-fbneo	5
robotbwl	lr-mame	4
robotron	lr-fbneo	5
robowres	lr-fbneo	5
rockclim	lr-fbneo	5
rockduck	lr-fbneo	5
rockn	lr-fbneo	5
rockn2	lr-fbneo	5
rockn3	lr-fbneo	5
rockn4	lr-fbneo	5
rocknms	lr-mame	5
rockrage	lr-fbneo	5
rocktris	lr-fbneo	5
rocktrv2	lr-fbneo	5
rocnrope	lr-fbneo	5
rodland	lr-fbneo	5
rohga	lr-fbneo	5
roishtar	lr-fbneo	5
rolcrush	lr-fbneo	5
roldfrog	lr-mame	5
rollerg	lr-fbneo	5
rollingc	lr-mame	5
rompers	lr-fbneo	5
rongrong	lr-mame	5
rotaryf	lr-mame	5
rotd	lr-fbneo	5
roughrac	lr-fbneo	5
rougien	lr-mame	5
roundup	lr-fbneo	5
roundup5	lr-mame	5
route16	lr-fbneo	5
rpatrol	lr-fbneo	5
rrreveng	lr-mame	5
rsgun	advmame	5
rshark	lr-fbneo	5
rthun2	lr-fbneo	5
rthunder	lr-fbneo	5
rtype	lr-fbneo	5
rtype2	lr-fbneo	5
rtypeleo	lr-fbneo	5
rumba	lr-fbneo	5
runaway	lr-mame	5
rungun	lr-mame	5
rungun2	lr-mame2010	3
rushhero	lr-mame2016	2
rvschool	lr-mame2010	3
rygar	lr-fbneo	5
ryorioh	lr-fbneo	5
ryouran	lr-fbneo	5
ryujin	lr-fbneo	5
ryukyu	lr-fbneo	5
s1945	lr-fbneo	5
s1945ii	lr-fbneo	5
s1945iii	lr-fbneo	5
s1945p	lr-fbneo	5
sabotenb	lr-fbneo	5
sadari	lr-fbneo	5
safari	lr-mame	4
safarir	lr-fbneo	5
sailormn	lr-fbneo	5
salamand	lr-fbneo	5
salmndr2	lr-mame2016	5
samsh5sp	lr-fbneo	5
samsho	lr-fbneo	5
samsho2	lr-fbneo	5
samsho3	lr-fbneo	5
samsho4	lr-fbneo	5
samsho5	lr-fbneo	5
samurai	lr-mame	4
samuraia	lr-fbneo	5
sandor	advmame	5
sandscrp	lr-fbneo	5
sarge	lr-fbneo	5
sassisu	advmame	2
sasuke	lr-fbneo	5
satansat	lr-fbneo	5
saturnzi	lr-fbneo	5
sauro	lr-fbneo	5
savagere	lr-fbneo	5
sb2003	lr-fbneo	5
sbagman	lr-fbneo	5
sbasebal	lr-fbneo	5
sbasketb	lr-fbneo	5
sbishi	lr-fbneo	5
sblast2b	lr-mame	5
sbomber	lr-fbneo	5
sbowling	lr-mame	4
sbrkout	lr-mame	5
sbugger	lr-mame	5
scessjoe	lr-fbneo	5
scfinals	lr-fbneo	5
schaser	lr-mame	5
schmeisr	lr-fbneo	5
sci	lr-fbneo	5
scion	lr-fbneo	3
scobra	lr-fbneo	5
scontra	lr-fbneo	5
scorpion	lr-fbneo	5
scotrsht	lr-fbneo	5
scrabble	lr-mame	5
scramble	lr-fbneo	5
scregg	lr-fbneo	5
screwloo	lr-fbneo	5
scross	lr-mame	5
scudhamm	lr-mame	5
scyclone	lr-mame	5
sdfight	lr-fbneo	5
sdgndmps	lr-mame	5
sdi	lr-fbneo	5
sdodgeb	lr-fbneo	5
sdtennis	lr-mame	5
sdungeon	lr-fbneo	5
searchar	lr-fbneo	5
searchey	lr-fbneo	5
searchp2	lr-fbneo	5
seawolf	lr-mame	5
seawolf2	lr-mame	5
secretag	lr-fbneo	5
sectionz	lr-fbneo	5
seganinj	lr-fbneo	5
seicross	lr-fbneo	5
selfeena	lr-fbneo	5
semibase	lr-fbneo	5
sengekis	lr-fbneo	5
sengoku	lr-fbneo	5
sengoku2	lr-fbneo	5
sengoku3	lr-fbneo	5
senjyo	lr-fbneo	5
senknow	lr-fbneo	5
senkyu	lr-fbneo	5
sextriv	lr-mame	5
sextriv1	lr-mame	5
sexyboom	lr-mame	5
sexyparo	lr-mame2016	5
sf	lr-fbneo	5
sf2	lr-fbneo	5
sf2ce	lr-fbneo	5
sf2hf	lr-fbneo	5
sfa	lr-fbneo	5
sfa2	lr-fbneo	5
sfa3	lr-fbneo	5
sfchamp	lr-mame2016	5
sfex	lr-mame2016	5
sfex2	lr-mame2010	3
sfex2p	lr-mame2010	3
sfexp	lr-mame2016	5
sfiii	lr-fbneo	5
sfiii2	lr-fbneo	5
sfiii3	lr-fbneo	5
sfkick	lr-mame	5
sflush	lr-mame	4
sfootbal	lr-mame	5
sfposeid	lr-fbneo	5
sftm	lr-fbneo	5
sfx	lr-fbneo	5
sgemf	lr-fbneo	5
sgladiat	lr-fbneo	5
sgmast	lr-fbneo	5
sgunner	lr-mame	5
sgunner2	lr-mame	5
shackled	lr-fbneo	5
shadfrce	lr-fbneo	5
shadowld	lr-fbneo	5
shadoww	lr-fbneo	5
shangha2	lr-mame	5
shangha3	lr-fbneo	5
shanghai	lr-mame	5
shangkid	lr-fbneo	5
shangon	lr-fbneo	5
sharkatt	lr-fbneo	5
sharrier	lr-fbneo	5
shdancer	lr-fbneo	5
sheriff	lr-mame2015	5
shienryu	advmame	4
shimpact	lr-fbneo	5
shinobi	lr-fbneo	5
shngmtkb	lr-mame	5
shocking	lr-fbneo	5
shocktr2	lr-fbneo	5
shocktro	lr-fbneo	5
shogwarr	lr-fbneo	5
shollow	lr-fbneo	5
shootbul	lr-mame	5
shootgal	lr-mame	5
shootout	lr-fbneo	5
shoottv	lr-mame	5
shougi	lr-mame	5
shougi2	lr-mame	5
showdown	lr-mame	5
shpeng	lr-mame	5
shrike	lr-mame2016	5
shtrider	lr-fbneo	5
shuffle	lr-mame	5
shufshot	lr-fbneo	5
shuttlei	lr-mame	5
shuuz	lr-fbneo	5
sidearms	lr-fbneo	5
sidepckt	lr-fbneo	5
sidetrac	lr-mame	5
silentd	lr-fbneo	5
silkroad	lr-fbneo	5
silkworm	lr-fbneo	5
silvmil	lr-fbneo	5
simpsons	lr-fbneo	5
sindbadm	lr-mame	5
sinistar	lr-fbneo	5
skimaxx	lr-mame2010	5
skullfng	lr-fbneo	5
skullxbo	lr-fbneo	5
skyadvnt	lr-fbneo	5
skyalert	lr-fbneo	5
skyarmy	lr-fbneo	5
skybase	lr-fbneo	5
skybump	lr-mame2016	5
skychut	lr-mame	4
skydest	lr-fbneo	5
skydiver	lr-mame	5
skyfox	lr-fbneo	5
skykid	lr-fbneo	5
skykiddx	lr-fbneo	5
skylancr	lr-fbneo	5
skylove	lr-mame	4
skyraid	lr-mame	5
skyrobo	lr-fbneo	5
skyskipr	lr-fbneo	5
skysmash	lr-fbneo	5
skysoldr	lr-fbneo	5
slammast	lr-fbneo	5
slapshot	lr-fbneo	5
slapshtr	lr-fbneo	5
slipstrm	lr-mame	5
slither	lr-mame	5
sliver	lr-mame	5
slspirit	lr-fbneo	5
sltpcycl	lr-mame	5
sltpstep	lr-mame	5
smashtv	lr-fbneo	5
smgp	lr-fbneo	5
smotor	lr-mame	5
snakepit	lr-mame2015	5
snakjack	lr-mame	5
snapjack	lr-fbneo	5
snapper	lr-fbneo	5
snowboar	lr-fbneo	5
snowbro2	lr-fbneo	5
snowbro3	lr-fbneo	5
snowbros	lr-fbneo	5
socbrawl	lr-fbneo	5
soccer	lr-mame	5
soccerss	lr-mame2010	3
sokoban	lr-fbneo	5
sokonuke	lr-fbneo	5
sokyugrt	advmame	5
solarfox	lr-fbneo	5
solarq	lr-mame	5
solarwar	lr-mame2016	5
soldam	lr-fbneo	5
soldivid	lr-fbneo	5
solfigtr	lr-fbneo	5
solomon	lr-fbneo	5
solvalou	lr-mame2003-plus	4
sonic	lr-fbneo	5
sonicbom	lr-fbneo	5
soniccar	lr-mame2016	5
sonicfgt	lr-fbneo	5
sonicwi2	lr-fbneo	5
sonicwi3	lr-fbneo	5
sonson	lr-fbneo	5
sos	lr-fbneo	5
sosterm	lr-mame	5
sothello	lr-mame	5
sotsugyo	lr-fbneo	5
souledge	lr-mame2003-plus	3
spacbeam	lr-mame	5
spacduel	lr-mame	5
spacecr	lr-fbneo	5
spacedx	lr-fbneo	5
spacefb	lr-fbneo	5
spacefev	lr-mame	5
spacefrt	lr-mame	4
spaceg	lr-mame	5
spacegun	lr-mame	5
spaceint	lr-mame	4
spacelnc	lr-mame	5
spaceod	lr-mame	5
spaceskr	lr-fbneo	5
spacetrk	lr-mame	4
spacewar	lr-mame	5
spacezap	lr-mame	5
spacfury	lr-mame0222	5
spacwalk	lr-mame	5
spang	lr-fbneo	5
sparkman	lr-fbneo	5
sparkz	lr-fbneo	5
spatter	lr-fbneo	5
spbactn	lr-mame	5
spcenctr	lr-mame	5
spcewarl	lr-mame	5
spcforce	lr-mame	4
spcfrcii	lr-mame	4
spcinv95	lr-fbneo	5
spcking2	lr-mame	5
spclforc	lr-mame	4
spclords	lr-mame	5
spcpostn	lr-fbneo	5
spdball	lr-mame	5
spdcoin	lr-fbneo	5
spdheat	lr-mame	5
spdodgeb	lr-fbneo	5
speakres	lr-mame	5
spec2k	lr-fbneo	5
speccies	lr-fbneo	5
spectar	lr-mame	5
speedatk	lr-mame	5
speedbal	lr-fbneo	5
speedfrk	lr-mame	5
speedspn	lr-fbneo	5
speedup	lr-mame2016	3
speglsht	lr-mame2016	5
spelunk2	lr-fbneo	5
spelunkr	lr-fbneo	5
spf2t	lr-fbneo	5
spfghmk2	lr-mame	4
spider	lr-mame	5
spiders	lr-mame	5
spidman	lr-mame	5
spiker	lr-mame	5
spinlbrk	lr-fbneo	5
spinmast	lr-fbneo	5
spitboss	lr-mame	5
splash	lr-mame	5
splat	lr-fbneo	5
splatter	lr-fbneo	5
splndrbt	lr-mame	5
splndrbt2	lr-mame	5
spnchout	lr-fbneo	5
sprcros2	lr-fbneo	5
springer	lr-fbneo	5
sprint1	lr-mame	5
sprint4	lr-mame	5
sprint8	lr-mame	5
sprtauth	lr-mame	5
spy	lr-fbneo	5
spyhunt	lr-fbneo	5
spyhunt2	lr-mame	5
sqbert	lr-mame	5
sqij	lr-fbneo	5
sqix	lr-mame	5
squaitsa	lr-fbneo	5
squash	lr-fbneo	5
sraider	lr-fbneo	5
sranger	lr-fbneo	5
srdarwin	lr-fbneo	5
srdmissn	lr-fbneo	5
srmp1	lr-mame	5
srmp2	lr-mame	5
srmp3	lr-mame	5
srmp4	lr-fbneo	5
srmp5	lr-mame	5
srmp6	lr-mame	5
srmp7	lr-fbneo	5
srumbler	lr-fbneo	5
ssf2	lr-fbneo	5
ssf2t	lr-fbneo	5
ssfindo	lr-mame2016	2
sshangha	lr-fbneo	5
sshooter	lr-mame	5
ssi	lr-fbneo	5
ssideki	lr-fbneo	5
ssideki2	lr-fbneo	5
ssideki3	lr-fbneo	5
ssideki4	lr-fbneo	5
ssingles	lr-mame	4
sslam	lr-mame	5
ssmissin	lr-fbneo	5
ssoldier	lr-fbneo	5
ssonicbr	lr-fbneo	5
ssozumo	lr-fbneo	5
sspacaho	lr-mame	4
sspaceat	lr-mame	4
sspeedr	lr-mame	4
sspirits	lr-mame	5
ssprint	lr-mame	5
ssriders	lr-fbneo	5
ssrj	lr-fbneo	5
sstingry	lr-fbneo	5
sstrangr	lr-fbneo	5
sstriker	lr-fbneo	5
stactics	lr-mame	4
stadhero	lr-fbneo	5
stadhr96	lr-fbneo	5
stagger1	lr-fbneo	5
stakwin	lr-fbneo	5
stakwin2	lr-fbneo	5
starblad	lr-mame2016	3
starcas	lr-mame0222	5
starcrus	lr-mame	5
starfigh	lr-fbneo	5
starfir2	lr-mame2016	5
starfire	lr-mame2016	5
starforc	lr-fbneo	5
stargate	lr-fbneo	5
starglad	lr-mame2016	5
stargrds	lr-fbneo	5
starhawk	lr-mame	5
starjack	lr-fbneo	5
starshp1	lr-mame	5
starswep	lr-mame2010	5
startrek	lr-mame	5
startrks	lr-mame	5
starwars	lr-mame	5
statriv2	lr-mame0222	5
statriv4	lr-mame0222	5
stdragon	lr-fbneo	5
stealsee	lr-fbneo	5
steeltal	lr-mame2010	2
steelwkr	lr-mame	5
stg	lr-fbneo	5
stinger	lr-fbneo	5
stkclmns	lr-fbneo	5
stlforce	lr-fbneo	5
stmblade	lr-fbneo	5
stocker	lr-mame	5
stoffy	lr-mame	5
stompin	lr-mame	5
stonebal	lr-fbneo	5
strahl	lr-fbneo	5
stratab	lr-mame	5
stratgyx	lr-fbneo	5
stratof	lr-fbneo	5
streakng	lr-fbneo	5
streetsm	lr-fbneo	5
strgchmp	lr-mame	5
strhoop	lr-fbneo	5
strider	lr-fbneo	5
strider2	lr-mame	5
striv	lr-mame	5
strkfgtr	lr-fbneo	5
strkforc	lr-fbneo	5
strkzone	lr-mame	4
strnskil	lr-fbneo	5
strtdriv	advmame	4
strtheat	lr-mame	5
strvmstr	lr-fbneo	5
stunrun	lr-mame	5
stuntair	lr-fbneo	5
sub	lr-fbneo	5
subroc3d	lr-fbneo	5
subs	lr-mame	5
sucasino	lr-fbneo	5
suchie2	lr-mame	5
suikoenb	advmame	5
sunaq	lr-fbneo	5
sundance	lr-mame	5
supbtime	lr-fbneo	5
supduck	lr-fbneo	5
superabc	lr-mame	5
superbik	lr-mame	5
superbon	lr-fbneo	5
superbug	lr-mame	5
superchs	lr-fbneo	5
supergm3	lr-mame	5
superman	lr-fbneo	5
superpac	lr-fbneo	5
superspy	lr-fbneo	5
superten	lr-mame	5
supertnk	lr-mame	5
supertr2	lr-mame	5
supertr3	lr-mame	5
superx	lr-fbneo	5
suplup	lr-fbneo	5
supmodel	lr-fbneo	5
suprglob	lr-fbneo	5
suprgolf	lr-mame	5
suprleag	lr-fbneo	5
suprloco	lr-fbneo	5
suprmous	lr-fbneo	5
suprridr	lr-fbneo	5
suprslam	lr-mame	5
suprtrio	lr-fbneo	5
suratk	lr-fbneo	5
survarts	lr-fbneo	5
survival	lr-mame	5
suzuk8h2	lr-mame	5
suzuka8h	lr-mame	5
svc	lr-fbneo	5
svf	lr-mame	5
svg	lr-fbneo	5
svolley	lr-fbneo	5
swa	lr-mame	3
swat	lr-fbneo	5
swatpolc	lr-fbneo	5
swcourt	lr-fbneo	5
swimmer	lr-fbneo	5
sws	lr-fbneo	5
sws92	lr-fbneo	5
sws93	lr-fbneo	5
sws95	lr-fbneo	5
sws96	lr-fbneo	5
sws97	lr-fbneo	5
sws98	lr-mame2010	3
sws99	lr-mame2010	3
sxyreac2	lr-fbneo	5
sxyreact	lr-fbneo	5
syvalion	lr-fbneo	5
szaxxon	lr-fbneo	5
tacscan	lr-mame	5
tactcian	lr-fbneo	5
tail2nos	lr-fbneo	5
tailg	lr-mame	5
talbot	lr-mame	5
tangtang	lr-fbneo	5
tank8	lr-mame	5
tankbatt	lr-mame	5
tankbust	lr-fbneo	5
tankfrce	lr-fbneo	5
tantr	lr-fbneo	5
taotaido	lr-fbneo	5
tapatune	lr-mame	5
tapper	lr-fbneo	5
targ	lr-mame	5
targeth	lr-mame	5
tattack	lr-mame	4
tattass	lr-fbneo	5
taxidriv	lr-mame	5
tazmania	lr-fbneo	5
tbeastw2	lr-mame	5
tblkkuzu	lr-mame2016	5
tbowl	lr-fbneo	5
tbyahhoo	lr-mame2016	5
tceptor	lr-fbneo	5
tcobra2	lr-fbneo	5
tdfever	lr-mame	5
tdpgal	lr-fbneo	5
tdragon	lr-fbneo	5
tdragon2	lr-fbneo	5
teamht	lr-mame	5
teamqb	lr-mame	5
techromn	advmame	5
teddybb	lr-fbneo	5
teedoff	lr-mame	5
teetert	lr-mame	5
tehkanwc	lr-mame	5
tekipaki	lr-fbneo	5
tekken	lr-mame2010	5
tekken2	lr-mame2010	5
tekken3	lr-mame	3
tektagt	lr-mame2010	3
teljan	lr-fbneo	5
tempest	lr-fbneo	5
tengai	lr-fbneo	5
tenkomor	lr-mame2010	5
tenup	lr-mame2015	5
term2	lr-mame	5
terracre	lr-fbneo	5
terraf	lr-fbneo	5
tetrbx	lr-fbneo	5
tetris	lr-fbneo	5
tetrisp	lr-mame	5
tetrisp2	lr-mame	5
tetrisse	lr-fbneo	5
tetrsark	lr-fbneo	5
tfrceac	lr-mame	5
tgm2	lr-fbneo	5
tgmj	lr-mame2010	5
tgtbal96	lr-mame	5
tharrier	lr-fbneo	5
thedeep	lr-fbneo	5
theend	lr-fbneo	5
theglad	lr-fbneo	5
thehand	lr-mame	5
themj	lr-mame	5
thepit	lr-fbneo	5
theroes	lr-fbneo	5
thief	lr-fbneo	5
thndrbld	lr-fbneo	5
thndrx2	lr-fbneo	5
thndzone	lr-fbneo	5
thoop	lr-fbneo	5
thoop2	lr-fbneo	5
thunderj	lr-fbneo	5
thunderl	lr-fbneo	5
thunderx	lr-fbneo	5
thundfox	lr-fbneo	5
tickee	lr-mame	5
tictac	lr-mame	5
tigerh	lr-fbneo	5
tigeroad	lr-fbneo	5
timber	lr-fbneo	5
timekill	lr-fbneo	5
timelimt	lr-fbneo	5
timeplt	lr-fbneo	5
timescan	lr-fbneo	5
timesold	lr-fbneo	5
timesupd	lr-fbneo	5
timetunl	lr-fbneo	5
tinklpit	lr-fbneo	5
tinstar	lr-fbneo	5
tinv2650	lr-mame	4
titlef	lr-mame2016	4
tjumpman	lr-mame	5
tkdensho	lr-fbneo	5
tkmmpzdm	lr-mame2016	5
tm	lr-mame	5
tm2k	lr-mame	5
tm3k	lr-mame	5
tm4k	lr-mame	5
tm5k	lr-mame	5
tm7k	lr-mame	5
tm8k	lr-mame	5
tmek	lr-mame	5
tmnt	lr-fbneo	5
tmnt2	lr-fbneo	5
tndrcade	lr-fbneo	5
tnextspc	lr-fbneo	5
tnk3	lr-fbneo	5
tnzs	lr-fbneo	5
todruaga	lr-fbneo	5
toffy	lr-mame	5
togenkyo	lr-mame	5
toggle	lr-mame	5
toki	lr-fbneo	5
tokio	lr-mame	5
tokisens	lr-fbneo	5
tokkae	lr-mame2016	5
tokyogal	lr-mame	5
tomagic	lr-fbneo	5
tomahawk	lr-mame	4
tomcat	lr-mame	5
tondemo	lr-mame2016	5
toobin	lr-fbneo	5
topbladv	lr-mame0222	5
topgunnr	lr-mame	5
tophuntr	lr-fbneo	5
toppyrap	lr-fbneo	5
toprollr	lr-mame	5
topsecex	lr-mame	5
topshoot	lr-mame2016	5
topspeed	lr-fbneo	5
toratora	lr-mame	5
toride2g	lr-fbneo	5
tornbase	lr-mame	5
torus	lr-mame	5
toryumon	lr-fbneo	5
totc	lr-fbneo	5
totcarn	lr-fbneo	5
toto	lr-fbneo	5
toucheme	lr-mame	5
touchgo	lr-fbneo	5
tourtabl	lr-mame	5
toutrun	lr-fbneo	5
toyland	lr-fbneo	5
toypop	lr-fbneo	5
tp84	lr-fbneo	5
tpgolf	lr-fbneo	5
trackfld	lr-fbneo	5
trally	lr-fbneo	5
tranqgun	lr-mame	5
transfrm	lr-fbneo	5
travrusa	lr-fbneo	5
trckydoc	lr-fbneo	5
tricktrp	lr-fbneo	5
triothep	lr-fbneo	5
triplep	lr-fbneo	5
tripool	lr-fbneo	5
trisport	lr-mame	5
triviabb	lr-mame	5
triviag1	lr-mame	5
triviag2	lr-mame	5
trivialp	lr-mame	5
triviasp	lr-mame	5
triviayp	lr-mame	5
trivquiz	lr-mame0222	5
troangel	lr-fbneo	5
trog	lr-fbneo	5
trojan	lr-fbneo	5
tron	lr-fbneo	5
trophyh	lr-mame	5
trstar	lr-fbneo	5
truco	lr-mame	5
truxton	lr-fbneo	5
truxton2	lr-fbneo	5
trvhang	lr-mame	5
trvmstr	lr-fbneo	5
trvquest	lr-mame	5
trvwz2	lr-mame	5
trvwz3h	lr-mame	5
trvwz4	lr-mame	5
trvwzh	lr-mame	5
tryout	lr-mame	5
ts2	lr-mame2016	5
tsamurai	lr-fbneo	5
tshingen	lr-mame	5
tshoot	lr-mame	5
tstrike	lr-mame	5
ttchamp	lr-mame	5
tturf	lr-fbneo	5
tubep	lr-fbneo	5
tugboat	lr-mame	5
tumblep	lr-fbneo	5
tunhunt	lr-mame	4
turbo	lr-fbneo	5
turbofrc	lr-fbneo	5
turbotag	lr-mame	5
turfmast	lr-fbneo	5
turkhunt	lr-mame	5
turtles	lr-fbneo	5
turtship	lr-fbneo	5
tutankhm	lr-fbneo	5
tutstomb	lr-mame	5
twcup90	lr-fbneo	5
twcup98	advmame	1
twcupmil	lr-mame	5
twinactn	lr-fbneo	5
twinadv	lr-fbneo	5
twinbee	lr-fbneo	5
twinbrat	lr-fbneo	5
twincobr	lr-fbneo	5
twineag2	lr-fbneo	5
twineagl	lr-fbneo	5
twinfalc	lr-fbneo	5
twinhawk	lr-fbneo	5
twinkle	lr-fbneo	5
twinqix	lr-fbneo	5
twins	lr-mame	5
twinspri	lr-fbneo	5
twinsqua	lr-mame	5
twotiger	lr-fbneo	5
twsoc96	lr-fbneo	5
tx1	lr-mame	5
tylz	lr-mame	5
uballoon	lr-fbneo	5
uccops	lr-fbneo	5
ucytokyu	lr-mame	5
ufosensi	lr-fbneo	5
ultennis	lr-fbneo	5
ultracin	lr-fbneo	5
ultraman	lr-fbneo	5
ultratnk	lr-mame	5
ultrax	lr-fbneo	5
umanclub	lr-fbneo	5
umk3	lr-fbneo	5
unclepoo	lr-fbneo	5
undrfire	lr-mame	5
uniwars	lr-fbneo	5
unkpacg	lr-fbneo	5
unsquad	lr-fbneo	5
untoucha	lr-mame	5
uopoko	lr-fbneo	5
upndown	lr-fbneo	5
upscope	lr-mame	5
urachamu	lr-mame	5
usclssic	lr-fbneo	5
usg32	lr-fbneo	5
usgames	lr-fbneo	5
utoukond	lr-fbneo	5
v4cmaze	lr-mame	5
v4cmaze2	lr-mame	4
v4cmaze3	lr-mame	5
valkyrie	lr-fbneo	5
valtric	lr-fbneo	5
vamphalf	lr-fbneo	5
vandyke	lr-fbneo	5
vangrd2	lr-fbneo	5
vanguard	lr-mame	5
vanvan	lr-fbneo	5
vaportra	lr-fbneo	5
varth	lr-fbneo	5
vasara	lr-fbneo	5
vasara2	lr-fbneo	5
vastar	lr-fbneo	5
vball	lr-fbneo	5
vblokbrk	lr-fbneo	5
vbowl	lr-mame	5
vendetta	lr-fbneo	5
venture	lr-mame	5
vf	lr-mame2003-plus	4
vgoalsoc	lr-mame	5
vhunt2	lr-fbneo	5
victnine	lr-mame	5
victory	lr-mame	5
victoryc	lr-fbneo	5
victroad	lr-fbneo	5
videight	lr-mame	5
videopin	lr-mame	5
vidvince	lr-mame	5
viewpoin	lr-fbneo	5
vigilant	lr-fbneo	5
vimana	lr-fbneo	5
vindctr2	lr-fbneo	5
vindictr	lr-fbneo	5
viofight	lr-fbneo	5
viostorm	lr-fbneo	5
viper	lr-mame	5
viprp1	lr-fbneo	5
vmetal	lr-fbneo	5
volfied	lr-fbneo	5
vortex	lr-mame	5
vsav	lr-fbneo	5
vsav2	lr-fbneo	5
vsbattlecity	lr-fbneo	5
vsbball	lr-mame	5
vscastlevania	lr-fbneo	5
vsclucluland	lr-fbneo	5
vsdrmario	lr-fbneo	5
vsduckhunt	lr-fbneo	5
vsexcitebike	lr-fbneo	5
vsfreedomforce	lr-fbneo	5
vsfrombelow	lr-fbneo	5
vsgongf	lr-fbneo	5
vsgoonies	lr-fbneo	5
vsgumshoe	lr-fbneo	5
vshogansalley	lr-fbneo	5
vshoot	lr-fbneo	5
vsiceclimber	lr-fbneo	5
vsmachrider	lr-fbneo	5
vsmahjng	lr-mame	5
vsmightybomjack	lr-fbneo	5
vsnetscr	lr-mame2016	3
vsninjajkun	lr-fbneo	5
vspinball	lr-fbneo	5
vsplatoon	lr-fbneo	5
vsraidbbay	lr-fbneo	5
vsrbibbal	lr-fbneo	5
vsslalom	lr-fbneo	5
vssmb	lr-fbneo	5
vssmgolf	lr-fbneo	5
vssmgolfla	lr-fbneo	5
vssoccer	lr-fbneo	5
vsstarluster	lr-fbneo	5
vssuperskykid	lr-fbneo	5
vssuperxevious	lr-fbneo	5
vstennis	lr-mame	5
vstetris	lr-fbneo	5
vstkoboxing	lr-fbneo	5
vstopgun	lr-fbneo	5
vulcan	lr-fbneo	5
vulgus	lr-fbneo	5
wacko	lr-fbneo	5
wakuwak7	lr-fbneo	5
wallc	lr-mame	5
wallst	lr-mame	5
wanted	lr-fbneo	5
wardner	lr-fbneo	5
warlords	lr-mame	5
warofbug	lr-fbneo	5
warp1	lr-mame	5
warpwarp	lr-fbneo	5
warrior	lr-mame	5
warriorb	lr-fbneo	5
waterski	lr-fbneo	5
watrball	lr-fbneo	5
wb3	lr-fbneo	5
wbbc97	lr-mame	5
wbeachvl	lr-mame	5
wbml	lr-fbneo	5
wboy	lr-fbneo	5
wcbowl	lr-mame	5
wcvol95	lr-fbneo	5
wecleman	lr-mame	5
welltris	lr-fbneo	5
wfortune	lr-mame	5
wgp	lr-mame	5
wh1	lr-fbneo	5
wh2	lr-fbneo	5
wh2j	lr-fbneo	5
wheelfir	lr-mame	4
wheelrun	lr-fbneo	5
whodunit	lr-mame	5
whp	lr-fbneo	5
wiggie	lr-fbneo	5
wildfang	lr-fbneo	5
wildplt	lr-mame	5
willow	lr-fbneo	5
wilytowr	lr-fbneo	5
wingforc	lr-fbneo	5
wink	lr-mame	5
winspike	lr-mame2016	3
winterht	advmame	2
wiping	lr-fbneo	5
witch	lr-mame	5
wits	lr-fbneo	5
wivernwg	lr-fbneo	5
wiz	lr-fbneo	5
wizdfire	lr-fbneo	5
wizwarz	lr-mame	5
wizzquiz	lr-mame	5
wjammers	lr-fbneo	5
wldcourt	lr-fbneo	5
wlstar	lr-fbneo	5
wmatch	lr-fbneo	5
wndrmomo	lr-fbneo	5
wndrplnt	lr-fbneo	5
wof	lr-fbneo	5
wolfpack	lr-mame	5
wondl96	lr-fbneo	5
wondstck	lr-fbneo	5
woodpeck	lr-fbneo	5
worldadv	lr-fbneo	5
worldwar	lr-fbneo	5
wotw	lr-mame	5
wow	lr-mame	5
wownfant	lr-fbneo	5
wpksocv2	lr-mame	5
wrally	lr-fbneo	5
wrally2	lr-fbneo	5
wrecking	lr-mame	5
wrestwar	lr-fbneo	5
wrofaero	lr-fbneo	5
ws	lr-fbneo	5
wschamp	lr-mame	5
wseries	lr-mame	5
wsf	lr-mame	5
wtennis	lr-mame	5
wtrnymph	lr-mame	5
wwallyj	lr-fbneo	5
wwestern	lr-fbneo	5
wwfmania	lr-fbneo	5
wwfsstar	lr-fbneo	5
wwfwfest	lr-fbneo	5
wwjgtin	lr-fbneo	5
wwmarine	lr-mame2016	5
wyvernf0	lr-fbneo	5
xday2	lr-fbneo	5
xenocrisis	lr-fbneo	5
xenophob	lr-mame	5
xevi3dg	lr-mame2003-plus	4
xevious	lr-fbneo	5
xexex	lr-fbneo	5
xfiles	lr-mame2016	3
xmcota	lr-fbneo	5
xmen	lr-fbneo	5
xmultipl	lr-fbneo	5
xmvsf	lr-fbneo	5
xorworld	lr-fbneo	5
xsleena	lr-fbneo	5
xtheball	lr-mame	5
xxmissio	lr-fbneo	5
xybots	lr-fbneo	5
xyonix	lr-fbneo	5
yamagchi	lr-fbneo	5
yamato	lr-fbneo	5
yamyam	lr-mame	5
yesnoj	lr-fbneo	5
yiear	lr-fbneo	5
yosakdon	lr-mame	5
youjyudn	lr-fbneo	5
yujan	lr-mame	5
yuka	lr-mame	5
yukon	lr-mame	5
yuyugogo	lr-fbneo	5
zaviga	lr-fbneo	5
zaxxon	lr-mame	5
zedblade	lr-fbneo	5
zektor	lr-fbneo	5
zerohour	lr-fbneo	5
zeropnt	lr-mame	5
zeropnt2	lr-mame	5
zeroteam	lr-fbneo	5
zerotrgt	lr-mame	5
zerowing	lr-fbneo	5
zerozone	lr-fbneo	5
zigzagb	lr-fbneo	5
zingzip	lr-fbneo	5
zintrckb	lr-fbneo	5
zipzap	lr-fbneo	5
znpwfv	advmame	4
zoar	lr-fbneo	5
zodiack	lr-fbneo	5
zombraid	lr-mame	5
zookeep	lr-fbneo	5
zunkyou	lr-fbneo	5
zupapa	lr-fbneo	5
zwackery	lr-mame	4
zzyzzyxx	lr-fbneo	5
