007 - A View to a Kill	https://archive.org/download/Commodore64Manuals/ViewToAKillAeurope.pdf
007 - Licence to Kill	https://archive.org/download/Commodore64Manuals/LicenceToKilleurope.pdf
10th Frame	https://archive.org/download/Commodore64Manuals/10th Frame (USA).pdf
180	https://archive.org/download/Commodore64Manuals/180 (Europe).pdf
19 Part One - Boot Camp	https://archive.org/download/Commodore64Manuals/Boot Camp (USA).pdf
1942	https://archive.org/download/Commodore64Manuals/1942 (Europe).pdf
1943 - The Battle of Midway	https://archive.org/download/Commodore64Manuals/1943 - The Battle of Midway (USA).pdf
1985 - The Day After	https://archive.org/download/Commodore64Manuals/1985 - The Day After (Europe).pdf
1994 - Ten Years After	https://archive.org/download/Commodore64Manuals/1994 - Ten Years After (Europe).pdf
3D Pool	https://archive.org/download/Commodore64Manuals/3D Pool (Europe).pdf
3D Stock Cars II	https://archive.org/download/Commodore64Manuals/3D Stock Cars II (Europe).pdf
4th & Inches	https://archive.org/download/Commodore64Manuals/4th & Inches (USA).pdf
720 Degrees	https://archive.org/download/Commodore64Manuals/720 Degrees (USA).pdf
ACE 2088	https://archive.org/download/Commodore64Manuals/Ace 2088 (Europe).pdf
Ace II	https://archive.org/download/Commodore64Manuals/Ace II (Europe).pdf
Ace of Aces	https://archive.org/download/Commodore64Manuals/Ace of Aces (Europe).pdf
Acrojet	https://archive.org/download/Commodore64Manuals/AcroJet (USA).pdf
Action Biker	https://archive.org/download/Commodore64Manuals/Action Biker (Europe).pdf
Action Fighter	https://archive.org/download/Commodore64Manuals/Action Fighter (Europe).pdf
Action Force	https://archive.org/download/Commodore64Manuals/Contra (USA).pdf
Addams Family, The	http://www.digitpress.com/library/manuals/c64/Addams_Family.txt
After the War	https://archive.org/download/Commodore64Manuals/After the War (Spain).pdf
Afterburner	https://archive.org/download/Commodore64Manuals/Afterburner (USA).pdf
Aftermath	https://archive.org/download/Commodore64Manuals/Aftermath (Alternative Software) (Europe).pdf
Agent X II - The Mad Prof's Back	https://archive.org/download/Commodore64Manuals/Agent X II - The Mad Prof's Back (Europe).pdf
Airborne Ranger	https://archive.org/download/Commodore64Manuals/Airborne Ranger (USA).pdf
Airwolf 64	https://archive.org/download/Commodore64Manuals/Airwolf (Europe).pdf
Airwolf II	https://archive.org/download/Commodore64Manuals/Airwolf II (Europe).pdf
Alf in the Color Caves	https://archive.org/download/Commodore64Manuals/Alf in the Color Caves (USA).pdf
Alice In Videoland	http://www.digitpress.com/library/manuals/c64/AliceInVideoland.txt
Alien 3	http://www.digitpress.com/library/manuals/c64/Alien3.txt
Alien Storm	https://archive.org/download/Commodore64Manuals/Alien Storm (Europe).pdf
Aliens	http://www.digitpress.com/library/manuals/c64/aliens.pdf
Aliens - The Computer Game	https://archive.org/download/Commodore64Manuals/Aliens - The Computer Game (USA).pdf
Alleykat	https://archive.org/download/Commodore64Manuals/Alleykat (Europe).pdf
Alphabet Zoo	https://archive.org/download/Commodore64Manuals/Alphabet Zoo (USA).pdf
Altered Beast	https://archive.org/download/Commodore64Manuals/Altered Beast (USA).pdf
Amaurote	https://archive.org/download/Commodore64Manuals/Amaurote (Europe).pdf
American 3D Pool	http://www.digitpress.com/library/manuals/c64/American_3D_Pool.txt
American Football	https://archive.org/download/Commodore64Manuals/American Football (Europe).pdf
American Tag-Team Wrestling	https://archive.org/download/Commodore64Manuals/American Tag-Team Wrestling (Europe).pdf
Aquaplane	https://archive.org/download/Commodore64Manuals/Aquaplane (Europe).pdf
Arc of Yesod, The	http://www.digitpress.com/library/manuals/c64/arc_of_yesod.txt
Arcade Flight Simulator	https://archive.org/download/Commodore64Manuals/Arcade Flight Simulator (Europe).pdf
Arcadia 64	https://archive.org/download/Commodore64Manuals/Arcadia 64 (Europe).pdf
Archon 2 - Adept	https://archive.org/download/Commodore64Manuals/Archon II - Adept (USA).pdf
Arctic Fox	https://archive.org/download/Commodore64Manuals/Arcticfox (USA).pdf
Ark Pandora	https://archive.org/download/Commodore64Manuals/Ark Pandora (Europe).pdf
Arkanoid	https://archive.org/download/Commodore64Manuals/Arkanoid (Europe).pdf
Arkanoid - Revenge of Doh	https://archive.org/download/Commodore64Manuals/Arkanoid - Revenge of Doh (Europe).pdf
Armageddon	http://www.digitpress.com/library/manuals/c64/Armageddon.txt
Armageddon Man, The	http://www.digitpress.com/library/manuals/c64/armageddonman.txt
Armourdillo	https://archive.org/download/Commodore64Manuals/Armourdillo (Europe).pdf
Army Days	https://archive.org/download/Commodore64Manuals/Army Days (Europe).pdf
Army Moves	https://archive.org/download/Commodore64Manuals/Army Moves (Europe).pdf
Arnie	https://archive.org/download/Commodore64Manuals/Arnie (Europe).pdf
Around the World in 80 Days	https://archive.org/download/Commodore64Manuals/In80DaysAroundTheWorldeuropedisk1SideA.pdf
Artura	https://archive.org/download/Commodore64Manuals/Artura (Europe).pdf
Asterix and the Magic Cauldron	http://www.digitpress.com/library/manuals/c64/Asterix_magic_cauldron.txt
Astro Chase	https://archive.org/download/Commodore64Manuals/Astro Chase (USA).pdf
Astroblitz	https://archive.org/download/Commodore64Manuals/Astroblitz (USA).pdf
Atom Ant - Up and Atom	https://archive.org/download/Commodore64Manuals/Atom Ant - Up and Atom (Europe).pdf
Atomix	https://archive.org/download/Commodore64Manuals/Atomix (Germany).pdf
Attack of the Mutant Camels	http://www.digitpress.com/library/manuals/c64/attackmutantcamels.txt
ATV - All Terrain Vehicle Simulator	https://archive.org/download/Commodore64Manuals/ATV - All Terrain Vehicle Simulator (Europe).pdf
ATV Simulator	http://www.digitpress.com/library/manuals/c64/ATV_Simulator.txt
Avenger	https://archive.org/download/Commodore64Manuals/Avenger (Commodore) (USA).pdf
Aztec Challenge	https://archive.org/download/Commodore64Manuals/Aztec Challenge (USA).pdf
Back to Reality	https://archive.org/download/Commodore64Manuals/Back to Reality (Europe).pdf
Back to the Future	https://archive.org/download/Commodore64Manuals/Back to the Future (Europe).pdf
Back to the Future II	https://archive.org/download/Commodore64Manuals/Back to the Future II (Europe) (Disk 1 Side A).pdf
Back to the Future Part III	https://archive.org/download/Commodore64Manuals/Back to the Future Part III (Europe).pdf
BadLands	https://archive.org/download/Commodore64Manuals/BadLands (Europe).pdf
Ballblazer	https://archive.org/download/Commodore64Manuals/Ballblazer (USA).pdf
Bangkok Knights	https://archive.org/download/Commodore64Manuals/Bangkok Knights (Europe).pdf
Barbarian	https://archive.org/download/Commodore64Manuals/Barbarian (Europe).pdf
Barry McGuigan World Championship Boxing	https://archive.org/download/Commodore64Manuals/StarRankBoxingIiusa.pdf
Batalyx	https://archive.org/download/Commodore64Manuals/Batalyx (Europe).pdf
Bath Time	https://archive.org/download/Commodore64Manuals/Bath Time (Europe).pdf
Batman - The Caped Crusader	https://archive.org/download/Commodore64Manuals/Batman - The Caped Crusader (Europe).pdf
Batman - The Movie	https://archive.org/download/Commodore64Manuals/Batman - The Movie (Europe).pdf
Battle Command	https://archive.org/download/Commodore64Manuals/Battle Command (Ocean) (Europe).pdf
Battle Field	https://archive.org/download/Commodore64Manuals/Battlefield (Europe).pdf
Battle Valley	http://www.digitpress.com/library/manuals/c64/battle_valley.txt
Battleships	https://archive.org/download/Commodore64Manuals/Battleship (Epyx) (USA).pdf
Battlezone	https://archive.org/download/Commodore64Manuals/Battlezone (USA).pdf
Bazooka Bill	https://archive.org/download/Commodore64Manuals/Bazooka Bill (Europe).pdf
BC II - Grog's Revenge	https://archive.org/download/Commodore64Manuals/BC II - Grog's Revenge (USA).pdf
BC's Quest for Tires	https://archive.org/download/Commodore64Manuals/BC's Quest for Tires (USA).pdf
Beach Buggy Simulator	https://archive.org/download/Commodore64Manuals/Beach Buggy Simulator (Europe).pdf
Beach-Head	https://archive.org/download/Commodore64Manuals/Beach-Head (USA).pdf
Beach-Head II	http://www.digitpress.com/library/manuals/c64/beachhead2.txt
Beach-Head II - The Dictator Strikes Back!	https://archive.org/download/Commodore64Manuals/Beach-Head II - The Dictator Strikes Back! (USA).pdf
Beamrider	https://archive.org/download/Commodore64Manuals/Beamrider (USA).pdf
Bedlam	https://archive.org/download/Commodore64Manuals/Bedlam (Europe).pdf
Beverly Hills Cop	https://archive.org/download/Commodore64Manuals/Beverly Hills Cop (Europe).pdf
Beyond the Ice Palace	https://archive.org/download/Commodore64Manuals/Beyond the Ice Palace (Europe).pdf
Big Bird's Funhouse	https://archive.org/download/Commodore64Manuals/Big Bird's Funhouse (USA).pdf
Big Bird's Special Delivery	https://archive.org/download/Commodore64Manuals/Big Bird's Special Delivery (USA).pdf
Big Mac - The Mad Maintenance Man	https://archive.org/download/Commodore64Manuals/Big Mac - The Mad Maintenance Man (Europe).pdf
Bionic Commando	http://www.digitpress.com/library/manuals/c64/Bionic%20Commando.txt
Black Lamp	https://archive.org/download/Commodore64Manuals/Black Lamp (Europe).pdf
Black Tiger	http://www.digitpress.com/library/manuals/c64/Black%20Tiger.txt
Blue Max	http://www.digitpress.com/library/manuals/c64/bluemax.txt
Blue Max 2001	https://archive.org/download/Commodore64Manuals/Blue Max 2001 (USA).pdf
Blueprint	https://archive.org/download/Commodore64Manuals/Blueprint (USA).pdf
BMX Kidz	https://archive.org/download/Commodore64Manuals/BMX Kidz (Europe).pdf
BMX Racers	https://archive.org/download/Commodore64Manuals/BMX Racers (Europe).pdf
BMX Simulator	https://archive.org/download/Commodore64Manuals/BMX Simulator (Europe).pdf
BMX Simulator 2	https://archive.org/download/Commodore64Manuals/BMX Simulator II (Europe).pdf
BMX Trials	https://archive.org/download/Commodore64Manuals/BMX Trials (Europe).pdf
Bomb Jack II	https://archive.org/download/Commodore64Manuals/Bomb Jack II (Europe).pdf
Bombjack	https://archive.org/download/Commodore64Manuals/Bomb Jack (Europe).pdf
Bonanza Bros	http://www.digitpress.com/library/manuals/c64/bonanzabros.txt
Booty	https://archive.org/download/Commodore64Manuals/Booty (Europe).pdf
Bosconian 87	https://archive.org/download/Commodore64Manuals/Bosconian 87 (Europe).pdf
Boulder Dash	https://archive.org/download/Commodore64Manuals/Boulder Dash (USA).pdf
Bounces	http://www.digitpress.com/library/manuals/c64/Bounces.txt
Break Dance	https://archive.org/download/Commodore64Manuals/Break Dance (USA).pdf
Break Fever	https://archive.org/download/Commodore64Manuals/Break Fever (Europe).pdf
Breakthru	https://archive.org/download/Commodore64Manuals/Breakthru (Europe).pdf
Bridge 64	https://archive.org/download/Commodore64Manuals/Bridge 64 (Sweden).pdf
Bruce Lee	https://archive.org/download/Commodore64Manuals/Bruce Lee (USA).pdf
Bubble Bobble	http://www.digitpress.com/library/manuals/c64/BubbleBobble.txt
Bubble Burst	https://archive.org/download/Commodore64Manuals/Bubble Burst (USA).pdf
Bubble Dizzy	http://www.digitpress.com/library/manuals/c64/BubbleDizzy.txt
Bubble Ghost	https://archive.org/download/Commodore64Manuals/Bubble Ghost (USA).pdf
Buck Rogers - Planet of Zoom	https://archive.org/download/Commodore64Manuals/Buck Rogers - Planet of Zoom (Europe).pdf
Bug Blaster	https://archive.org/download/Commodore64Manuals/Bug Blaster (Europe).pdf
Buggy Boy	http://www.digitpress.com/library/manuals/c64/Buggy_Boy.txt
Bump Set Spike! - Doubles Volleyball	https://archive.org/download/Commodore64Manuals/Bump Set Spike! - Doubles Volleyball (Europe).pdf
Bunny Zap	https://archive.org/download/Commodore64Manuals/Bunny Zap (USA).pdf
Cabal	https://archive.org/download/Commodore64Manuals/Cabal (USA).pdf
Cad-Cam Warrior	https://archive.org/download/Commodore64Manuals/Cad-Cam Warrior (Europe).pdf
California Games	https://archive.org/download/Commodore64Manuals/California Games (USA) (Disk 1 Side A).pdf
Captain Blood	https://archive.org/download/Commodore64Manuals/Captain Blood (France).pdf
Captain Dynamo	https://archive.org/download/Commodore64Manuals/Captain Dynamo (Europe).pdf
Captain Fizz - Meets the Blaster-Trons	https://archive.org/download/Commodore64Manuals/Captain Fizz - Meets the Blaster-Trons (USA).pdf
Castle Master	https://archive.org/download/Commodore64Manuals/Castle Master (Europe).pdf
Cauldron	https://archive.org/download/Commodore64Manuals/Cauldron (Europe).pdf
Cauldron II - The Pumpkin Strikes Back	https://archive.org/download/Commodore64Manuals/Cauldron II - The Pumpkin Strikes Back (Europe).pdf
Cave Fighter	https://archive.org/download/Commodore64Manuals/Cave Fighter (Europe).pdf
Cavelon	https://archive.org/download/Commodore64Manuals/Cavelon (Europe).pdf
Cavemania	https://archive.org/download/Commodore64Manuals/Cavemania (Europe).pdf
Caverns of Eriban	http://www.digitpress.com/library/manuals/c64/Caverns_of_Eriban.txt
Caverns of Eriban, The	https://archive.org/download/Commodore64Manuals/Caverns of Eriban, The (Europe).pdf
Caverns of Khafka	https://archive.org/download/Commodore64Manuals/Caverns of Khafka (USA).pdf
Centipede	https://archive.org/download/Commodore64Manuals/Centipede (USA).pdf
Chain Reaction	http://www.digitpress.com/library/manuals/c64/chainreaction.txt
Championship Golf	https://archive.org/download/Commodore64Manuals/Championship Golf (Europe).pdf
Championship Jet Ski Simulator	https://archive.org/download/Commodore64Manuals/Championship Jet Ski Simulator (Europe).pdf
Chase H.Q. II - Special Criminal Investigation	https://archive.org/download/Commodore64Manuals/Chase HQ 2 (Europe).pdf
Chase HQ	https://archive.org/download/Commodore64Manuals/Chase HQ (Europe).pdf
Checkers	https://archive.org/download/Commodore64Manuals/Checkers (USA).pdf
Chevy Chase	https://archive.org/download/Commodore64Manuals/Chevy Chase (Europe).pdf
Chickin Chase	https://archive.org/download/Commodore64Manuals/Chickin Chase (Europe).pdf
Chiller	https://archive.org/download/Commodore64Manuals/Chiller (Europe).pdf
Chinese Juggler, The	https://archive.org/download/Commodore64Manuals/Chinese Juggler, The (Europe).pdf
Chip's Challenge	https://archive.org/download/Commodore64Manuals/Chip's Challenge (USA).pdf
Choplifter	https://archive.org/download/Commodore64Manuals/Choplifter (USA).pdf
Circus Games	https://archive.org/download/Commodore64Manuals/Circus Games (Keypunch Software) (USA).pdf
Cloud Kingdoms	https://archive.org/download/Commodore64Manuals/Cloud Kingdoms (Europe).pdf
Clowns	http://www.digitpress.com/library/manuals/c64/clowns.txt
Cobra	http://www.digitpress.com/library/manuals/c64/cobra.txt
Cobra Force	https://archive.org/download/Commodore64Manuals/Cobra Force (Europe).pdf
Code Hunter	https://archive.org/download/Commodore64Manuals/CODE Hunter (Europe).pdf
Colossus Chess 4	https://archive.org/download/Commodore64Manuals/Colossus Chess 4 (Europe).pdf
Combat Crazy - Warbringer	https://archive.org/download/Commodore64Manuals/Combat Crazy - Warbringer (Europe).pdf
Combat Leader	https://archive.org/download/Commodore64Manuals/Combat Leader (USA).pdf
Combat Lynx	https://archive.org/download/Commodore64Manuals/Combat Lynx (Europe).pdf
Combat School	https://archive.org/download/Commodore64Manuals/Boot Camp (USA).pdf
Comic Bakery	https://archive.org/download/Commodore64Manuals/Comic Bakery (Europe).pdf
Commando	https://archive.org/download/Commodore64Manuals/Commando (Europe).pdf
Con-Quest	https://archive.org/download/Commodore64Manuals/Con-Quest (Europe).pdf
Congo Bongo	https://archive.org/download/Commodore64Manuals/Congo Bongo (1983) (Europe).pdf
Connect Four	https://archive.org/download/Commodore64Manuals/Connect 4 (Europe).pdf
Cool World	https://archive.org/download/Commodore64Manuals/Cool World (Europe).pdf
Corporation	https://archive.org/download/Commodore64Manuals/Corporation, The (USA).pdf
Cosmic Causeway II	https://archive.org/download/Commodore64Manuals/Cosmic Causeway II (USA) (Unl).pdf
Cosmic Combat	https://archive.org/download/Commodore64Manuals/Cosmic Combat (Europe) (Unl).pdf
Cosmic Life	https://archive.org/download/Commodore64Manuals/Cosmic Life (USA).pdf
Cosmic Pirate	https://archive.org/download/Commodore64Manuals/Cosmic Pirate (Europe).pdf
Cosmonut	https://archive.org/download/Commodore64Manuals/Cosmonut (Europe).pdf
Count Duckula	http://www.digitpress.com/library/manuals/c64/countduckula.txt
Countdown to Shutdown	https://archive.org/download/Commodore64Manuals/Countdown to Shutdown (USA).pdf
Cowboy Kidz	https://archive.org/download/Commodore64Manuals/Cowboy Kidz (Europe).pdf
Crack Down	https://archive.org/download/Commodore64Manuals/Crack Down (Europe).pdf
Crazy Balloon	https://archive.org/download/Commodore64Manuals/Crazy Balloon (Europe).pdf
Crazy Cars	https://archive.org/download/Commodore64Manuals/Crazy Cars (Europe).pdf
Crazy Cars II	https://archive.org/download/Commodore64Manuals/Crazy Cars II (Europe).pdf
Crazy Cars III	https://archive.org/download/Commodore64Manuals/Crazy Cars III (Europe) (Side A).pdf
Crazy Comets	https://archive.org/download/Commodore64Manuals/Crazy Comets (Europe).pdf
Crazy Kong 64	https://archive.org/download/Commodore64Manuals/Crazy Kong 64 (Europe).pdf
Crazy-Kong	http://www.digitpress.com/library/manuals/c64/crazykong.txt
Crisis Mountain	https://archive.org/download/Commodore64Manuals/Crisis Mountain (USA).pdf
Critical Mass	https://archive.org/download/Commodore64Manuals/Powerusa.pdf
Cross Fire	https://archive.org/download/Commodore64Manuals/Crossfire (Atlantis Software Ltd.) (Europe).pdf
Crystal Castles	https://archive.org/download/Commodore64Manuals/Crystal Castles (US Gold) (Europe).pdf
Crystal Kingdom Dizzy	https://archive.org/download/Commodore64Manuals/Crystal Kingdom Dizzy (Europe).pdf
Cyberball	https://archive.org/download/Commodore64Manuals/Cyberball (Europe).pdf
Cyberball - Football in the 21st Century	https://archive.org/download/Commodore64Manuals/Cyberball - Football in the 21st Century (Europe).pdf
Cybotron	https://archive.org/download/Commodore64Manuals/Cybotron (Europe).pdf
Cylu	https://archive.org/download/Commodore64Manuals/Cylu (Europe).pdf
Daley Thompson's Decathlon	https://archive.org/download/Commodore64Manuals/Daley Thompson's Decathlon (Europe).pdf
Dam Busters, The	https://archive.org/download/Commodore64Manuals/Dam Busters, The (Europe).pdf
Dan Dare - Pilot of the Future	https://archive.org/download/Commodore64Manuals/Dan Dare - Pilot of the Future (Europe).pdf
Dan Dare II - Mekon's Revenge	https://archive.org/download/Commodore64Manuals/Dan Dare II - Mekon's Revenge (Europe).pdf
Dan Dare III - The Escape	https://archive.org/download/Commodore64Manuals/Dan Dare III - The Escape (Europe).pdf
Dancing Monster	http://www.digitpress.com/library/manuals/c64/DancingMonster.txt
Dandy	https://archive.org/download/Commodore64Manuals/Dandy (Europe).pdf
Dark Fusion	https://archive.org/download/Commodore64Manuals/Dark Fusion (Europe).pdf
Dark Star	https://archive.org/download/Commodore64Manuals/Dark Star (Europe) (Unl).pdf
Darkman	https://archive.org/download/Commodore64Manuals/Darkman (Europe).pdf
David's Midnight Magic	https://archive.org/download/Commodore64Manuals/David's Midnight Magic (USA).pdf
Days of Thunder	https://archive.org/download/Commodore64Manuals/Days of Thunder (USA).pdf
Deactivators	https://archive.org/download/Commodore64Manuals/Deactivators (Europe).pdf
Death Race 64	https://archive.org/download/Commodore64Manuals/Death Race 64 (Europe).pdf
Decathlon	https://archive.org/download/Commodore64Manuals/Decathlon (USA).pdf
Deceptor	https://archive.org/download/Commodore64Manuals/Deceptor (Europe).pdf
Deep Strike	https://archive.org/download/Commodore64Manuals/Deep Strike (Europe).pdf
Defender	https://archive.org/download/Commodore64Manuals/Defender (Atarisoft) (USA).pdf
Defenders of the Earth	https://archive.org/download/Commodore64Manuals/Defenders of the Earth (Europe).pdf
Delta Patrol	https://archive.org/download/Commodore64Manuals/Delta Patrol (USA).pdf
Demon's Kiss	https://archive.org/download/Commodore64Manuals/Demon's Kiss (Europe).pdf
Denarius	https://archive.org/download/Commodore64Manuals/Denarius (Europe).pdf
Desert Fox	https://archive.org/download/Commodore64Manuals/Desert Fox (Europe).pdf
Desolator	https://archive.org/download/Commodore64Manuals/Desolator (Europe).pdf
Deviants	https://archive.org/download/Commodore64Manuals/Deviants (Europe).pdf
Diamond Mine	https://archive.org/download/Commodore64Manuals/Diamond Mine (USA).pdf
Dick Tracy	https://archive.org/download/Commodore64Manuals/Dick Tracy (Europe).pdf
Die Hard II - Die Harder	https://archive.org/download/Commodore64Manuals/Die Hard II - Die Harder (Europe).pdf
Dig Dug	https://archive.org/download/Commodore64Manuals/Dig Dug (USA).pdf
Dinky Doo	https://archive.org/download/Commodore64Manuals/Dinky Doo (Europe).pdf
Dizzy Dice	https://archive.org/download/Commodore64Manuals/Dizzy Dice (Europe).pdf
Dizzy Down the Rapids	http://www.digitpress.com/library/manuals/c64/DizzyDownTheRapids.txt
Dizzy Prince of the Yolk Folk	http://www.digitpress.com/library/manuals/c64/DizzyPrinceOfTheYolkFolk.txt
Doc the Destroyer	https://archive.org/download/Commodore64Manuals/Doc the Destroyer (Europe).pdf
Dominator	https://archive.org/download/Commodore64Manuals/Dominator (Europe).pdf
Donald Duck's Playground	https://archive.org/download/Commodore64Manuals/Donald Duck's Playground (USA).pdf
Donkey Kong	https://archive.org/download/Commodore64Manuals/Donkey Kong (Atarisoft) (USA).pdf
Doomdark's Revenge	https://archive.org/download/Commodore64Manuals/Doomdark's Revenge (USA).pdf
Dot Gobbler	https://archive.org/download/Commodore64Manuals/Dot Gobbler (Normal) (USA).pdf
Double Dragon	https://archive.org/download/Commodore64Manuals/Double Dragon (Europe).pdf
Double Dragon II - The Revenge	https://archive.org/download/Commodore64Manuals/Double Dragon II - The Revenge (Europe).pdf
Double Take	https://archive.org/download/Commodore64Manuals/Double Take (Europe).pdf
Dragon Breed	https://archive.org/download/Commodore64Manuals/Dragon Breed (USA) (Side A).pdf
Dragon Ninja	https://archive.org/download/Commodore64Manuals/Bad Dudes vs. Dragon Ninja (USA).pdf
Dragon Spirit	https://archive.org/download/Commodore64Manuals/Dragon Spirit (Europe).pdf
Dragonsden	https://archive.org/download/Commodore64Manuals/DragonsDen (USA).pdf
Drelbs	https://archive.org/download/Commodore64Manuals/Drelbs (USA).pdf
Dropzone	http://www.digitpress.com/library/manuals/c64/Dropzone.txt
Druid	https://archive.org/download/Commodore64Manuals/Druid (Europe).pdf
Duck Shoot	https://archive.org/download/Commodore64Manuals/Duck Shoot (Europe).pdf
Dynamite Dan	https://archive.org/download/Commodore64Manuals/Dynamite Dan (Europe).pdf
Dynasty Wars	https://archive.org/download/Commodore64Manuals/Dynasty Wars (Europe).pdf
Eagles	https://archive.org/download/Commodore64Manuals/Eagles (SSI) (USA).pdf
Eagles Nest	https://archive.org/download/Commodore64Manuals/IntoTheEaglesNesteuropeunl.pdf
Edd the Duck!	https://archive.org/download/Commodore64Manuals/Edd the Duck! (Europe).pdf
Elektra Glide	https://archive.org/download/Commodore64Manuals/Elektra Glide (Europe).pdf
Elite	https://archive.org/download/Commodore64Manuals/Elite (Europe).pdf
Elven Warrior	https://archive.org/download/Commodore64Manuals/Elven Warrior (Europe).pdf
Elvira - The Arcade Game	https://archive.org/download/Commodore64Manuals/Elvira - The Arcade Game (Europe).pdf
Emlyn Hughes International Soccer	https://archive.org/download/Commodore64Manuals/Emlyn Hughes International Soccer (Europe).pdf
Encounter	https://archive.org/download/Commodore64Manuals/Encounter (Novagen Software) (Europe).pdf
Endzone	https://archive.org/download/Commodore64Manuals/Endzone (Europe).pdf
Enigma Force	https://archive.org/download/Commodore64Manuals/Enigma Force (USA).pdf
Enlightenment - Druid II	https://archive.org/download/Commodore64Manuals/Enlightenment - Druid II (Europe).pdf
Entombed	https://archive.org/download/Commodore64Manuals/Entombed (USA).pdf
Erebus	https://archive.org/download/Commodore64Manuals/Erebus (Europe).pdf
Ernie's Magic Shapes	https://archive.org/download/Commodore64Manuals/Ernie's Magic Shapes (USA).pdf
Escape MCP	https://archive.org/download/Commodore64Manuals/Escape MCP (USA).pdf
ESWAT	https://archive.org/download/Commodore64Manuals/ESWAT (Europe).pdf
European 5-A-Side	https://archive.org/download/Commodore64Manuals/European 5-a-Side (Europe).pdf
Excaliba	https://archive.org/download/Commodore64Manuals/Excaliba (Europe).pdf
Exile	https://archive.org/download/Commodore64Manuals/Exile (Europe).pdf
Exolon	https://archive.org/download/Commodore64Manuals/Exolon (Europe).pdf
Explorer	https://archive.org/download/Commodore64Manuals/Explorer (Europe).pdf
Express Raider	https://archive.org/download/Commodore64Manuals/Express Raider (USA).pdf
Exterminator	https://archive.org/download/Commodore64Manuals/Exterminator (Audiogenic Software Ltd.) (Europe).pdf
Eye	https://archive.org/download/Commodore64Manuals/Eyeeurope.pdf
Falcon - The Renegade Lord	http://www.digitpress.com/library/manuals/c64/falcon.txt
Falconian Invaders	https://archive.org/download/Commodore64Manuals/FalconianInvadersusa.pdf
Fantasy World Dizzy	http://www.digitpress.com/library/manuals/c64/FantasyWorldDizzy.txt
Fast Food	http://www.digitpress.com/library/manuals/c64/fastfood.txt
Feud	http://www.digitpress.com/library/manuals/c64/feud.txt
Fight Night	https://archive.org/download/Commodore64Manuals/FightNighteurope.pdf
Fighter Bomber	https://archive.org/download/c64man_fighter-bomber/c64man_fighter-bomber.pdf
Fighter Pilot	https://archive.org/download/Fighter_Pilot_1984_Digital_Integration/Fighter_Pilot_1984_Digital_Integration.pdf
Finders Keepers	http://www.digitpress.com/library/manuals/c64/finderskeepers.txt
Fire One	https://archive.org/download/Commodore64Manuals/Starfireusa.pdf
Firefly	https://archive.org/download/Commodore64Manuals/Fireflyeurope.pdf
Fist II	https://archive.org/download/Commodore64Manuals/Fist-TheLegendContinuesusa.pdf
Flash Gordon	https://archive.org/download/Flash_Gordon_1986_Mastertronic/Flash_Gordon_1986_Mastertronic.pdf
Flying Feathers	http://www.digitpress.com/library/manuals/c64/Flying_Feathers.txt
Flying Shark	http://www.digitpress.com/library/manuals/c64/flyingshark.txt
Forbidden Forest	https://archive.org/download/Commodore64Manuals/ForbiddenForestusa.pdf
Force One	http://www.digitpress.com/library/manuals/c64/forceone.txt
Forgotten Worlds	http://www.digitpress.com/library/manuals/c64/forgottenworlds.txt
Formula 1 Simulator	https://archive.org/download/Commodore64Manuals/Formula1Simulatoreurope.pdf
Fraction Fever	https://archive.org/download/Commodore64Manuals/FractionFeverusa.pdf
Frank Bruno's Boxing	https://archive.org/download/Commodore64Manuals/FrankBrunosBoxingeurope.pdf
Frankie Goes to Hollywood	https://archive.org/download/Commodore64Manuals/FrankieGoesToHollywoodeurope.pdf
Frenesis	http://www.digitpress.com/library/manuals/c64/frenesis.txt
Frog Master	https://archive.org/download/Commodore64Manuals/FrogMasterusa.pdf
Frogger	https://archive.org/download/Commodore64Manuals/FroggerparkerBrothersusa.pdf
Frogger 64	http://www.digitpress.com/library/manuals/c64/frogger64.txt
Frogger II - Threeedeep!	https://archive.org/download/Commodore64Manuals/FroggerIi-ThreeDeepusa.pdf
Fruit Machine Simulator	https://archive.org/download/Commodore64Manuals/FruitMachineSimulatoreurope.pdf
Galaxian	https://archive.org/download/Commodore64Manuals/Galaxianusa.pdf
Gangster	http://www.digitpress.com/library/manuals/c64/Gangster.txt
Garfield - Winter's Tail	http://www.digitpress.com/library/manuals/c64/Garfield_Winter's_Tail.txt
Gateway to Apshai	https://archive.org/download/Commodore64Manuals/GatewayToApshaiusa.pdf
Gauntlet	https://archive.org/download/Commodore64Manuals/Gauntletusa.pdf
Gauntlet II	http://www.digitpress.com/library/manuals/c64/gauntlet2.txt
Ghettoblaster	http://www.digitpress.com/library/manuals/c64/Ghettoblaster.txt
Ghost Chaser	http://www.digitpress.com/library/manuals/c64/ghost_chaser.txt
Ghostbusters	http://www.digitpress.com/library/manuals/c64/ghostbusters.txt
Ghouls	http://www.digitpress.com/library/manuals/c64/Ghouls.txt
Golden Axe	http://www.digitpress.com/library/manuals/c64/Golden_Axe.txt
Gorf	https://archive.org/download/Commodore64Manuals/Gorfusa.pdf
Graffiti Man	https://archive.org/download/Commodore64Manuals/GraffitiManeurope.pdf
Grand Prix Simulator	http://www.digitpress.com/library/manuals/c64/grandprixsim.txt
Grand Prix Simulator 2	http://www.digitpress.com/library/manuals/c64/grand_prix_sim_2.txt
Great American Cross-Country Road Race, The	http://www.digitpress.com/library/manuals/c64/greatamrace.txt
Gremlins 2	https://archive.org/download/c64man_gremlins-2/c64man_gremlins-2.pdf
Grid Runner	https://archive.org/download/Commodore64Manuals/Gridrunnerusa.pdf
Gridrunner	https://archive.org/download/Commodore64Manuals/Gridrunnerusa.pdf
Gryzor	http://www.digitpress.com/library/manuals/c64/Gryzor.txt
Guardian Angel, The	http://www.digitpress.com/library/manuals/c64/Guardian_Angel.txt
Gunship	https://archive.org/download/Commodore64Manuals/GunshipusasideA.pdf
Gunstar	http://www.digitpress.com/library/manuals/c64/gunstar.txt
Gyroscope	http://www.digitpress.com/library/manuals/c64/Gyroscope.txt
Gyruss	https://archive.org/download/Commodore64Manuals/Gyrussusa.pdf
H.E.R.O. - Helicopter Emergency Rescue Operation	https://archive.org/download/Commodore64Manuals/Hero-HelicopterEmergencyRescueOperationusa.pdf
Hacker	http://www.digitpress.com/library/manuals/c64/hacker.txt
Halftime Battlin' Bands featuring... the Jazz Scats!	https://archive.org/download/Commodore64Manuals/HalftimeBattlinBandsusa.pdf
Harbour Attack	https://archive.org/download/Commodore64Manuals/HarbourAttackusa.pdf
Hard Drivin'	http://www.digitpress.com/library/manuals/c64/harddrivin.txt
Hardball!	http://www.digitpress.com/library/manuals/c64/eon.txt
Harrier Attack	https://archive.org/download/Commodore64Manuals/HarrierAttackeurope.pdf
Harvey Headbanger	https://archive.org/download/Commodore64Manuals/HarveyHeadbangereurope.pdf
Headache	http://www.digitpress.com/library/manuals/c64/Headache.txt
Hellgate	https://archive.org/download/Commodore64Manuals/Hellgateeurope.pdf
Herobotix	https://archive.org/download/Commodore64Manuals/Herobotixeurope.pdf
High Frontier	http://www.digitpress.com/library/manuals/c64/highfrontier.txt
Hobbit, The	http://www.digitpress.com/library/manuals/c64/hobbit.txt
Hollywood or Bust	http://www.digitpress.com/library/manuals/c64/Hollywood_or_Bust.txt
Hollywood Poker	https://archive.org/download/Commodore64Manuals/HollywoodPokerProgermanyunl.pdf
Hop Along Counting	https://archive.org/download/Hop_Along_Counting_1984_Fisher_Price/Hop_Along_Counting_1984_Fisher_Price.pdf
Hoppin' Mad	https://archive.org/download/Commodore64Manuals/HoppinMadeurope.pdf
Horace Goes Skiing	https://archive.org/download/Commodore64Manuals/HoraceGoesSkiingeurope.pdf
Howard the Duck - Adventure on Volcano Island	https://archive.org/download/Commodore64Manuals/HowardTheDuck-AdventureOnVolcanoIslandusa.pdf
Hudson Hawk	http://www.digitpress.com/library/manuals/c64/Hudson_Hawk.txt
Human Race, The	http://www.digitpress.com/library/manuals/c64/humanr.txt
Humpty Dumpty	https://archive.org/download/Commodore64Manuals/HumptyDumptyMeetsTheFuzzyWuzzieseurope.pdf
Hunter's Moon	http://www.digitpress.com/library/manuals/c64/huntersmoon.txt
Hustler	http://www.digitpress.com/library/manuals/c64/Hustler.txt
Huxley Pig	http://www.digitpress.com/library/manuals/c64/HuxleyPig.txt
Hyperbowl	https://archive.org/download/Commodore64Manuals/Hyperbowleurope.pdf
Hysteria	http://www.digitpress.com/library/manuals/c64/Hysteria.txt
I, Ball	https://archive.org/download/Commodore64Manuals/IBalleurope.pdf
Ikari Warriors	https://archive.org/download/Commodore64Manuals/IkariWarriorsdataEastusa.pdf
Impossible Mission	https://archive.org/download/Commodore64Manuals/ImpossibleMissionusa.pdf
Impossible Mission II	https://archive.org/download/Commodore64Manuals/ImpossibleMissionIiusa.pdf
Indiana Jones and the Temple of Doom	https://archive.org/download/Commodore64Manuals/IndianaJonesAndTheTempleOfDoomeurope.pdf
Indoor Sports	http://www.digitpress.com/library/manuals/c64/indoor_sports.txt
Inside Outing	https://archive.org/download/Commodore64Manuals/Devon Aire in the Hidden Diamond Caper (USA).pdf
International Basketball	https://archive.org/download/Commodore64Manuals/InternationalBasketballusa.pdf
International Football	https://archive.org/download/Commodore64Manuals/InternationalSoccerusa.pdf
International Karate	http://www.digitpress.com/library/manuals/c64/int_karate.txt
IO - Into Oblivion	https://archive.org/download/Commodore64Manuals/Io-IntoOblivioneurope.pdf
Jack Attack	https://archive.org/download/Commodore64Manuals/JackAttackusa.pdf
James Bond 007	https://archive.org/download/Commodore64Manuals/JamesBondusa.pdf
Jammin'	https://archive.org/download/Commodore64Manuals/Jammineurope.pdf
Jaws	http://www.digitpress.com/library/manuals/c64/jaws.txt
Jeep Command	https://archive.org/download/Commodore64Manuals/JeepCommandeurope.pdf
Jet Set Willy	http://www.digitpress.com/library/manuals/c64/JetSetWilly.txt
Jocky Wilson's Darts Challenge	https://archive.org/download/Commodore64Manuals/JockyWilsonsDartsChallengeeurope.pdf
Joe Blade	https://archive.org/download/Commodore64Manuals/JoeBladeeurope.pdf
Judge Dredd	https://archive.org/download/Commodore64Manuals/JudgeDreddmelbourneHouseeurope.pdf
Juice!	https://archive.org/download/Commodore64Manuals/Juiceusa.pdf
Jukebox	https://archive.org/download/Commodore64Manuals/JukeBoxusa.pdf
Jumpman Junior	https://archive.org/download/Commodore64Manuals/JumpmanJuniorusa.pdf
Jungle Hunt	https://archive.org/download/Commodore64Manuals/JungleHuntusa.pdf
Jupiter Lander	https://archive.org/download/Commodore64Manuals/JupiterLandercommodoreusa.pdf
Kane	http://www.digitpress.com/library/manuals/c64/Kane.txt
Karateka	http://www.digitpress.com/library/manuals/atari8bit/karateka_v1.pdf
Karnov	https://archive.org/download/Commodore64Manuals/Karnovusa.pdf
Kickman	https://archive.org/download/Commodore64Manuals/Kickmanusa.pdf
Kids on Keys	https://archive.org/download/Commodore64Manuals/KidsOnKeysusa.pdf
Kikstart	https://archive.org/download/Commodore64Manuals/Kikstarteurope.pdf
Kikstart II	https://archive.org/download/Commodore64Manuals/KikstartIi-TheConstructionSeteurope.pdf
Killed Until Dead	http://www.digitpress.com/library/manuals/c64/killed_until_dead.txt
Killing Machine	https://archive.org/download/Commodore64Manuals/KillingMachineeurope.pdf
Kindercomp	https://archive.org/download/Commodore64Manuals/Kindercompusa.pdf
Knight Games	https://archive.org/download/Commodore64Manuals/KnightGameseuropedisk1SideA.pdf
Knight Games 2 - Space Trilogy	https://archive.org/download/Commodore64Manuals/KnightGames2-SpaceTrilogy1987englishSoftware.pdf
Knight-Tyme	http://www.digitpress.com/library/manuals/c64/KnightTyme.txt
Knightmare	http://www.digitpress.com/library/manuals/c64/Knightmare.txt
Koronis Rift	https://archive.org/download/Commodore64Manuals/KoronisRiftusa.pdf
Kung-Fu Master	https://archive.org/download/Commodore64Manuals/Kung-fuMasterusa.pdf
Labyrinth	http://www.digitpress.com/library/manuals/c64/lacrackdown.txt
Laser Zone	https://archive.org/download/Commodore64Manuals/LaserZoneeurope.pdf
Last Mission	http://www.digitpress.com/library/manuals/c64/lastmission.txt
Last Ninja II - Back with a Vengeance	https://archive.org/download/c64man_last-ninja-2/c64man_last-ninja-2.pdf
Last Ninja Remix	https://archive.org/download/Commodore64Manuals/LastNinjaRemixeuropesideA.pdf
Last Ninja, The	https://archive.org/download/Commodore64Manuals/LastNinjaTheeuropedisk1SideA.pdf
Law of the West	http://www.digitpress.com/library/manuals/c64/law_west.pdf
LawOfTheWestusa	https://archive.org/download/Commodore64Manuals/LawOfTheWestusa.pdf
Lazarian	http://www.digitpress.com/library/manuals/c64/lazarian.txt
Lazarianusa	https://archive.org/download/Commodore64Manuals/Lazarianusa.pdf
Leaderboard	https://archive.org/download/Commodore64Manuals/LeaderboardGolfusa.pdf
Leaderboard Executive Edition	http://www.digitpress.com/library/manuals/c64/leaderboard_exec.txt
Learning with Leeper	https://archive.org/download/Commodore64Manuals/LearningWithLeeperusa.pdf
Legend of the Amazon Women, The	http://www.digitpress.com/library/manuals/c64/legend_amazon_women.txt
LeMans	https://archive.org/download/Commodore64Manuals/LeMansusa.pdf
Lemmings	http://www.digitpress.com/library/manuals/c64/lemmings.txt
Leviathan	http://www.digitpress.com/library/manuals/c64/Leviathan.txt
Lightforce	http://www.digitpress.com/library/manuals/c64/lightforce.txt
Linking Logic	https://archive.org/download/Commodore64Manuals/LinkingLogicusa.pdf
Little Computer People	https://archive.org/download/Commodore64Manuals/LittleComputerPeopleusasideA.pdf
Loco	https://archive.org/download/Commodore64Manuals/LocoalligataSoftwareeurope.pdf
Lode Runner	https://archive.org/download/Commodore64Manuals/LodeRunnerbr0derbundusa.pdf
Logic Levels	https://archive.org/download/Commodore64Manuals/LogicLevelsusa.pdf
Lunar Leeper	https://archive.org/download/Commodore64Manuals/LunarLeeperusa.pdf
Lunar Outpost	http://www.digitpress.com/library/manuals/c64/lunar_outpost.pdf
Mag Max	http://www.digitpress.com/library/manuals/c64/magmax.txt
Magicland Dizzy	http://www.digitpress.com/library/manuals/c64/MagicLandDizzy.txt
Marble Madness	http://www.digitpress.com/library/manuals/c64/marblemadness.txt
Master Chess	http://www.digitpress.com/library/manuals/c64/master_chess%20.txt
Master of the Lamps	http://www.digitpress.com/library/manuals/c64/masterlamps.txt
Match Day	https://archive.org/download/Commodore64Manuals/MatchDayIieurope.pdf
Math Mileage	https://archive.org/download/Commodore64Manuals/MathMileageusa.pdf
Mega-Apocalypse	http://www.digitpress.com/library/manuals/c64/Mega_Apocalypse.txt
Mercenary - The Second City	http://www.digitpress.com/library/manuals/c64/mercenary2.txt
Miami Vice	http://www.digitpress.com/library/manuals/c64/miamivice.txt
Midnight Resistance	http://www.digitpress.com/library/manuals/c64/Midnight_Resistance.txt
Minnesota Fat's Pool Challenger	https://archive.org/download/Commodore64Manuals/MinnesotaFatsPoolChallengerusa.pdf
Mission Elevator	https://archive.org/download/Commodore64Manuals/MissionElevatoreurope.pdf
Monty Python's Flying Circus	http://www.digitpress.com/library/manuals/c64/MontyPythonsFlyingCircus.txt
Moon Buggy	https://archive.org/download/Commodore64Manuals/MoonBuggyeurope.pdf
Moon Patrol	https://archive.org/download/Commodore64Manuals/MoonPatrolatarisoftusa.pdf
Moondust	http://www.digitpress.com/library/manuals/c64/moondust.txt
Moonmistusa	https://archive.org/download/Commodore64Manuals/Moonmistusa.pdf
Morpheus	http://www.digitpress.com/library/manuals/c64/morpheus.txt
Mountain King	https://archive.org/download/Commodore64Manuals/MountainKingusa.pdf
Movie Monster Game, The	https://archive.org/download/Commodore64Manuals/MovieMonsterGameTheusa.pdf
Movie Musical Madness Starring the Jazz Scats	https://archive.org/download/Commodore64Manuals/MovieMusicalMadnessusa.pdf
Mr. Cool	https://archive.org/download/Commodore64Manuals/Mr.Coolusa.pdf
Mr. Freeze	http://www.digitpress.com/library/manuals/c64/MrFreeze.txt
Mr. TNT	https://archive.org/download/Commodore64Manuals/Mr.Tntusa.pdf
Ms. Pac-Man	https://archive.org/download/Commodore64Manuals/Ms.Pacmanusa.pdf
Muncher, The	http://www.digitpress.com/library/manuals/c64/muncher.txt
Mystery of the Nile, The	https://archive.org/download/Commodore64Manuals/MysteryOfTheNileTheeurope.pdf
Myth	https://archive.org/download/Commodore64Manuals/Myth-HistoryInTheMakingeuropedisk1.pdf
NARC	http://www.digitpress.com/library/manuals/c64/NARC.txt
Narco Police	https://archive.org/download/Commodore64Manuals/NarcoPolicespain.pdf
Navy Moves	http://www.digitpress.com/library/manuals/c64/Navy_Moves.txt
Navy SEALs	https://archive.org/download/Commodore64Manuals/NavySealseurope.pdf
Nemesis the Warlock	http://www.digitpress.com/library/manuals/c64/nemesis_warlock.txt
New York City	http://www.digitpress.com/library/manuals/c64/nyc.txt
NewZealand Story	http://www.digitpress.com/library/manuals/c64/NewZealandStory.txt
Night Shift	http://www.digitpress.com/library/manuals/c64/nightshift.txt
Ninja Rabbits	https://archive.org/download/Commodore64Manuals/NinjaRabbitseurope.pdf
Nodes of Yesod	http://www.digitpress.com/library/manuals/c64/nodes_yesod.txt
North & South	http://www.digitpress.com/library/manuals/c64/northsouth.txt
Nova Blast	https://archive.org/download/Commodore64Manuals/NovaBlastusa.pdf
Nuclear Embargo	https://archive.org/download/Commodore64Manuals/NuclearEmbargoeurope.pdf
Number Nabber, Shape Grabber	https://archive.org/download/Commodore64Manuals/NumberNabberShapeGrabberusa.pdf
Number Tumblers	https://archive.org/download/Commodore64Manuals/NumberTumblerusa.pdf
Octapolis	http://www.digitpress.com/library/manuals/c64/octapolis.txt
Oil's Well	https://archive.org/download/Commodore64Manuals/OilsWellusa.pdf
Olli & Lissa - The Ghost of Shilmoore Castle	https://archive.org/download/Commodore64Manuals/OlliLissa-TheGhostOfShilmooreCastleeurope.pdf
Ollie's Follies	https://archive.org/download/Commodore64Manuals/OlliesFolliesusa.pdf
Omega Race	https://archive.org/download/Commodore64Manuals/OmegaRaceusa.pdf
On Field Football	https://archive.org/download/Commodore64Manuals/OnFieldFootballusa.pdf
One on One	https://archive.org/download/c64man_one-on-one/c64man_one-on-one.pdf
Operation Hormuz	http://www.digitpress.com/library/manuals/c64/op_hormuz.txt
Operation Thunderbolt	http://www.digitpress.com/library/manuals/c64/op_thunderbolt.txt
Operation Wolf	http://www.digitpress.com/library/manuals/c64/op_wolf.txt
Orbitron	http://www.digitpress.com/library/manuals/c64/Orbitron.txt
Out Run	http://www.digitpress.com/library/manuals/c64/outrun.txt
Pac-Man	https://archive.org/download/Commodore64Manuals/Pac-manusa.pdf
Pang	https://archive.org/download/Commodore64Manuals/Pangeurope.pdf
Panic Dizzy	http://www.digitpress.com/library/manuals/c64/PanicDizzy.txt
Panther	http://www.digitpress.com/library/manuals/c64/Panther.txt
Paperboy	https://archive.org/download/Commodore64Manuals/Paperboyeurope.pdf
Parallax	https://archive.org/download/Commodore64Manuals/Parallaxoceaneurope.pdf
Paratroopers	http://www.digitpress.com/library/manuals/c64/Paratroopers.txt
Park Patrol	https://archive.org/download/Commodore64Manuals/ParkPatrolusa.pdf
Pastfinder	https://archive.org/download/Commodore64Manuals/Pastfinderusa.pdf
Peanut Butter Panic	https://archive.org/download/Commodore64Manuals/PeanutButterPanicusa.pdf
Pinball Spectacular	https://archive.org/download/Commodore64Manuals/PinballSpectacularusa.pdf
Pinball Wizard	https://archive.org/download/Commodore64Manuals/PinballWizardeurope.pdf
Ping Pong	https://archive.org/download/Commodore64Manuals/Ping-pongimagineKonamieurope.pdf
Pirates!	https://archive.org/download/Commodore64Manuals/Piratesusa.pdf
Pit, The	https://archive.org/download/Commodore64Manuals/PitTheusa.pdf
Pitfall II - Lost Caverns	https://archive.org/download/Commodore64Manuals/PitfallIi-LostCavernsusa.pdf
Pitfall! - Pitfall Harry's Jungle Adventure	https://archive.org/download/Commodore64Manuals/Pitfall-PitfallHarrysJungleAdventureusa.pdf
Pitstop	https://archive.org/download/Commodore64Manuals/Pitstopusa.pdf
Pitstop II	https://archive.org/download/Commodore64Manuals/PitstopIiusa.pdf
Platoon	https://archive.org/download/Commodore64Manuals/PlatooneuropesideA.pdf
Pole Position	https://archive.org/download/Commodore64Manuals/PolePositionusa.pdf
Popeye	https://archive.org/download/Commodore64Manuals/PopeyeparkerBrothersusa.pdf
Popeye 2	https://archive.org/download/Commodore64Manuals/PopeyeIieurope.pdf
Poster Paster	http://www.digitpress.com/library/manuals/c64/poster_paster.txt
Power Drift	http://www.digitpress.com/library/manuals/c64/powerdrift.txt
Power, The	http://www.digitpress.com/library/manuals/c64/power.pdf
Predator	https://archive.org/download/Commodore64Manuals/Predatorusa.pdf
President Is Missing, The	http://www.digitpress.com/library/manuals/c64/president.txt
President Is Missng, The	https://archive.org/download/c64man_president-is-missing/c64man_president-is-missing.pdf
Prodigy, The	http://www.digitpress.com/library/manuals/c64/prodigy.txt
Prohibition	http://www.digitpress.com/library/manuals/c64/Prohibition.txt
Project Stealth Fighter	https://archive.org/download/Commodore64Manuals/ProjectStealthFighterusa.pdf
PSI-5 Trading Company	http://www.digitpress.com/library/manuals/c64/psi5.txt
Psytron	https://archive.org/download/c64man_psytron/c64man_psytron.pdf
Pub Games	https://archive.org/download/Commodore64Manuals/PubGameseuropesideA.pdf
Q-bertusa	https://archive.org/download/Commodore64Manuals/Q-bertusa.pdf
Quedex	http://www.digitpress.com/library/manuals/c64/quedex.txt
R-Type	https://archive.org/download/Commodore64Manuals/R-typeusadisk1SideA.pdf
Rack 'em Up!	https://archive.org/download/Commodore64Manuals/RackemUpusa.pdf
Raging Beast	https://archive.org/download/Commodore64Manuals/RagingBeast-Oleeurope.pdf
Raid on Bungeling Bay	http://www.digitpress.com/library/manuals/c64/raidbungelingbay.txt
Raid over Moscow	http://www.digitpress.com/library/manuals/c64/raid_over_moscow.txt
Rambo	https://archive.org/download/Commodore64Manuals/Rambo-FirstBloodPartIieurope.pdf
Rampage	https://archive.org/download/Commodore64Manuals/Rampageusa.pdf
Ranarama	http://www.digitpress.com/library/manuals/c64/Ranarama.txt
Ranch	https://archive.org/download/Commodore64Manuals/Ranchusa.pdf
Rasputin	http://www.digitpress.com/library/manuals/c64/Rasputin.txt
Real Ghostbusters, The	https://archive.org/download/Commodore64Manuals/RealGhostbustersTheusa.pdf
Reckless Rufus	http://www.digitpress.com/library/manuals/c64/recklessrufus.txt
Red Heat	http://www.digitpress.com/library/manuals/c64/red_heat.txt
Red Max	https://archive.org/download/Commodore64Manuals/RedMaxeurope.pdf
Return to Eden	http://www.digitpress.com/library/manuals/c64/returneden.txt
Rick Dangerous	https://archive.org/download/Commodore64Manuals/RickDangerouseurope.pdf
Ricochet	https://archive.org/download/Commodore64Manuals/Ricocheteurope.pdf
Risk	http://www.digitpress.com/library/manuals/c64/risk.pdf
River Raid	https://archive.org/download/Commodore64Manuals/RiverRaidusa.pdf
Road Runner	http://www.digitpress.com/library/manuals/c64/roadrunner.txt
RoboCop 2	https://archive.org/download/Commodore64Manuals/RobocopIieurope.pdf
RoboCop 3	https://archive.org/download/Commodore64Manuals/RobocopIiieurope.pdf
Robotron - 2084	https://archive.org/download/Commodore64Manuals/Robotron2084usa.pdf
Rock n' Bolt	http://www.digitpress.com/library/manuals/c64/rocknbolt.txt
Rock'n Wrestle	https://archive.org/download/Commodore64Manuals/Bop'n Wrestle (Europe).pdf
Rockford	http://www.digitpress.com/library/manuals/c64/rockford.txt
Rocky Horror Show, The	https://archive.org/download/Commodore64Manuals/RockyHorrorShowTheeurope.pdf
Rootin' Tootin'	https://archive.org/download/Commodore64Manuals/RootinTootinusa.pdf
Ruff and Reddy in the Space Adventure	http://www.digitpress.com/library/manuals/c64/ruff_ready.txt
Rygar	https://archive.org/download/Commodore64Manuals/Rygareurope.pdf
Saboteur	https://archive.org/download/Commodore64Manuals/SaboteurcableSoftwareLtd.europe.pdf
Sacred Armour of Antiriad, The	https://archive.org/download/Commodore64Manuals/RadWarriorusa.pdf
Salamander	http://www.digitpress.com/library/manuals/c64/Salamander.txt
Sammy Lightfoot	https://archive.org/download/Commodore64Manuals/SammyLightfootusa.pdf
Sanxion	https://archive.org/download/Commodore64Manuals/Sanxioneurope.pdf
Savage	https://archive.org/download/Commodore64Manuals/Savageeurope.pdf
Save New York	https://archive.org/download/Commodore64Manuals/SaveNewYorkusa.pdf
Scarabaeus	http://www.digitpress.com/library/manuals/c64/scarabaeus.txt
Scramble 64	http://www.digitpress.com/library/manuals/c64/scramble64.txt
Scuba Dive	https://archive.org/download/Commodore64Manuals/ScubaDiveeurope.pdf
Sea Speller	https://archive.org/download/Sea_Speller_1984_Fisher_Price/Sea_Speller_1984_Fisher_Price.pdf
Sea Wolf	https://archive.org/download/Commodore64Manuals/SeaWolfusa.pdf
Seafox	https://archive.org/download/Commodore64Manuals/Seafoxusa.pdf
Seahorse Hide'n Seek	https://archive.org/download/Seahorse_Hide_n_Seek_1984_CBS_Software/Seahorse_Hide_n_Seek_1984_CBS_Software.pdf
Sentinel	https://archive.org/download/Commodore64Manuals/SentinelsynapseSoftwareusa.pdf
Sentinel, The	http://www.digitpress.com/library/manuals/c64/sentinel.txt
Sergeant Seymour Robotcop	http://www.digitpress.com/library/manuals/c64/Sergeant_Seymour_Robotcop.txt
Serpentine	https://archive.org/download/Commodore64Manuals/Serpentineusa.pdf
Seymour Goes to Hollywood	http://www.digitpress.com/library/manuals/c64/seymourgoeshollywood.txt
Shadow of the Beast	https://archive.org/download/Commodore64Manuals/ShadowOfTheBeastusasideA.pdf
Shadow Warriors	http://www.digitpress.com/library/manuals/c64/Shadow_Warriors.txt
Shadowfire	https://archive.org/download/c64man_shadowfire/c64man_shadowfire.pdf
Shark	http://www.digitpress.com/library/manuals/c64/Shark.txt
Short Circuit	http://www.digitpress.com/library/manuals/c64/shortcircuit.txt
Sigma Seven	https://archive.org/download/Commodore64Manuals/Sigma7europe.pdf
Silent Service	https://archive.org/download/Commodore64Manuals/SilentServiceusa.pdf
Skyfox	https://archive.org/download/c64man_skyfox/c64man_skyfox.pdf
Smash TV	http://www.digitpress.com/library/manuals/c64/smash_tv.txt
Solar Fox	https://archive.org/download/Commodore64Manuals/SolarFoxusa.pdf
Soldier Of Fortune	https://archive.org/download/Commodore64Manuals/SoldierOfLighteurope.pdf
Solo Flight	https://archive.org/download/Commodore64Manuals/SoloFlightusa.pdf
Song Maker	https://archive.org/download/Song_Maker_1985_Fisher_Price/Song_Maker_1985_Fisher_Price.pdf
Sonic Boom	https://archive.org/download/Commodore64Manuals/SonicBoomusa.pdf
Space Gun	https://archive.org/download/Commodore64Manuals/SpaceGuneurope.pdf
Space Harrier	https://archive.org/download/Commodore64Manuals/SpaceHarrierusa.pdf
Space Harrier II	http://www.digitpress.com/library/manuals/c64/Space_Harrier_II.txt
Space Pilot	https://archive.org/download/Space_Pilot_1984_Anirog/Space_Pilot_1984_Anirog.pdf
Space Ric-O-Shay	https://archive.org/download/Commodore64Manuals/SpaceRic-o-shayusa.pdf
Space Shuttle - A Journey into Space	https://archive.org/download/Commodore64Manuals/SpaceShuttle-AJourneyIntoSpaceusa.pdf
Speed King	https://archive.org/download/Commodore64Manuals/SpeedKingeurope.pdf
Speed Math & Bingo Math	https://archive.org/download/Speed-Bingo_Math_1982_Commodore/Speed-Bingo_Math_1982_Commodore.pdf
Speedball	https://archive.org/download/c64man_speedball/c64man_speedball.pdf
SpeedBuggyusa	https://archive.org/download/Commodore64Manuals/SpeedBuggyusa.pdf
Spellbound	https://archive.org/download/Commodore64Manuals/SpellboundtimeworksInc.usa.pdf
Spellbound Dizzy	http://www.digitpress.com/library/manuals/c64/SpellboundDizzy.txt
Spirates	https://archive.org/download/Spirates_Snowman_1983_Commodore/Spirates_Snowman_1983_Commodore.pdf
Spitball	https://archive.org/download/Commodore64Manuals/Spitballusa.pdf
Spitfire 40	http://www.digitpress.com/library/manuals/c64/Spitfire_40.txt
Spitting Image	http://www.digitpress.com/library/manuals/c64/Spitting_Image.txt
Sport of Kings	https://archive.org/download/Commodore64Manuals/SportOfKingseurope.pdf
Spy Hunter	https://archive.org/download/Commodore64Manuals/SpyHunterusa.pdf
Spy vs Spy	https://archive.org/download/Commodore64Manuals/SpyVsSpyusa.pdf
Spy vs Spy II - The Island Caper	https://archive.org/download/Commodore64Manuals/SpyVsSpyIi-TheIslandCaperusa.pdf
Spy vs Spy III - Arctic Antics	https://archive.org/download/Commodore64Manuals/SpyVsSpyIii-ArcticAnticsusa.pdf
Staff of Karnath	https://archive.org/download/c64man_staff-of-karnath/c64man_staff-of-karnath.pdf
Star Control	http://www.digitpress.com/library/manuals/c64/star_control.txt
Star Ranger	https://archive.org/download/Commodore64Manuals/StarRangerusa.pdf
Star Trek - Strategic Operations Simulator	https://archive.org/download/Commodore64Manuals/StarTrek-StrategicOperationsSimulatorusa.pdf
Star Trek - The Rebel Universe	https://archive.org/download/Commodore64Manuals/StarTrekcascadeGamesLtd.europe.pdf
Star Wars	https://archive.org/download/Commodore64Manuals/StarWarsusa.pdf
Star Wars - The Arcade Game	http://www.digitpress.com/library/manuals/c64/starwarsarcade.txt
Starfire	https://archive.org/download/Commodore64Manuals/Starfireusa.pdf
Starglider	https://archive.org/download/c64man_starglider/c64man_starglider.pdf
Story Machine	https://archive.org/download/Commodore64Manuals/StoryMachineusa.pdf
Street Fighter II	http://www.digitpress.com/library/manuals/c64/Street_Fighter_II.txt
Street Hassle	http://www.digitpress.com/library/manuals/c64/street_hassle.txt
Street Sports Baseball	https://archive.org/download/Commodore64Manuals/StreetSportsBaseballusa.pdf
Street Sports Basketball	https://archive.org/download/Commodore64Manuals/StreetSportsBasketballusa.pdf
Street Surfer	http://www.digitpress.com/library/manuals/c64/street_surfer.txt
Strider II	http://www.digitpress.com/library/manuals/c64/Strider_2.txt
Stuntman Seymour	http://www.digitpress.com/library/manuals/c64/Stuntman_Seymour.txt
Sub Battle Simulator	https://archive.org/download/Commodore64Manuals/SubBattleSimulatorusadisk1SideA.pdf
Suicide Express	http://www.digitpress.com/library/manuals/c64/suicide_express.txt
Suicide Strike	http://www.digitpress.com/library/manuals/c64/suicidestrike.txt
Summer Games	https://archive.org/download/Commodore64Manuals/SummerGamesusasideA.pdf
Summer Games II	https://archive.org/download/Commodore64Manuals/SummerGamesIiusa.pdf
Summer Olympiad	http://www.digitpress.com/library/manuals/c64/summer_olympiad.txt
Super Hang-On	http://www.digitpress.com/library/manuals/c64/super_hang_on.txt
Super Pipeline	https://archive.org/download/Commodore64Manuals/SuperPipelineeurope.pdf
Super Seymour Saves the Planet	http://www.digitpress.com/library/manuals/c64/Super_Seymour_STP.txt
Super Smash	http://www.digitpress.com/library/manuals/c64/supersmash.txt
Superstar Ping-Pong	http://www.digitpress.com/library/manuals/c64/superstar_ping_pong.txt
Swordslayer	http://www.digitpress.com/library/manuals/c64/Sword_Slayer.txt
Tag Team Wrestling	https://archive.org/download/Commodore64Manuals/TagTeamWrestlingusa.pdf
Tales of the Arabian Nights	https://archive.org/download/Commodore64Manuals/TalesOfTheArabianNightseurope.pdf
Talladega	http://www.digitpress.com/library/manuals/c64/talladega.txt
Target Renegade	http://www.digitpress.com/library/manuals/c64/Target_Renegade.txt
Tenpins	https://archive.org/download/Commodore64Manuals/10 Pin (Europe).pdf
Terminator II - Judgment Day	https://archive.org/download/Commodore64Manuals/TerminatorIi-JudgmentDayeuropesideA.pdf
Terra Cognita	https://archive.org/download/Commodore64Manuals/TerraCognitaeurope.pdf
Terra Cresta	https://archive.org/download/Commodore64Manuals/TerraCrestaeurope.pdf
Tetris	https://archive.org/download/Commodore64Manuals/TetrismirrorsoftLtd.europe.pdf
Thing Bounces Back	https://archive.org/download/Commodore64Manuals/Coil Cop (USA).pdf
Thing on a Spring	https://archive.org/download/Commodore64Manuals/ThingOnASpringeurope.pdf
Thomas the Tank Engine	https://archive.org/download/Commodore64Manuals/ThomasTheTankEngineeurope.pdf
Thrust	https://archive.org/download/Commodore64Manuals/Thrusteurope.pdf
Thrust II	https://archive.org/download/Commodore64Manuals/ThrustIieurope.pdf
Thunderbirds	https://archive.org/download/Commodore64Manuals/ThunderbirdsgrandslamEntertainmentLtd.europe.pdf
Thunderblade	https://archive.org/download/Commodore64Manuals/Thunderbladeusa.pdf
Tiger Road	https://archive.org/download/Commodore64Manuals/TigerRoadusa.pdf
Tilt	https://archive.org/download/Commodore64Manuals/Tiltcodemasterseurope.pdf
Time Machine	https://archive.org/download/Commodore64Manuals/TimeMachineusa.pdf
Time Scanner	http://www.digitpress.com/library/manuals/c64/time_scanner.txt
Timebound	https://archive.org/download/Commodore64Manuals/Timeboundusa.pdf
Tintin on the Moon	https://archive.org/download/Commodore64Manuals/TintinOnTheMoonfrance.pdf
Titanic Blinky	https://archive.org/download/Commodore64Manuals/TitanicBlinkyeurope.pdf
Toki	https://archive.org/download/Commodore64Manuals/Tokieurope.pdf
Tomahawk	https://archive.org/download/Commodore64Manuals/Tomahawkeurope.pdf
Toobin'	http://www.digitpress.com/library/manuals/c64/Toobin.txt
Tooth Invaders	https://archive.org/download/Commodore64Manuals/ToothInvadersusa.pdf
Top Gun	http://www.digitpress.com/library/manuals/c64/Top_Gun.txt
Total Recall	http://www.digitpress.com/library/manuals/c64/Total_Recall.txt
Toy Bizarre	https://archive.org/download/Commodore64Manuals/ToyBizarreusa.pdf
Transformers, The	http://www.digitpress.com/library/manuals/c64/transformers.txt
Trantor - The Last Stormtrooper	https://archive.org/download/Commodore64Manuals/Trantor-TheLastStormtroopereurope.pdf
Trashman	https://archive.org/download/Commodore64Manuals/TrashmancreativeSoftwareusa.pdf
Treasure Island	http://www.digitpress.com/library/manuals/c64/treasure_island.txt
Treasure Island Dizzy	http://www.digitpress.com/library/manuals/c64/TreasureIslandDizzy.txt
Trolls	http://www.digitpress.com/library/manuals/c64/trolls.txt
Turbo Boat Simulator	https://archive.org/download/Commodore64Manuals/TurboBoatSimulatoreurope.pdf
Turbo Charge	https://archive.org/download/Commodore64Manuals/TurboChargeeuropesideA.pdf
Turbo Kart Racer	http://www.digitpress.com/library/manuals/c64/turbo_kart_racer.txt
Turbo Out Run	http://www.digitpress.com/library/manuals/c64/Turbo_Outrun.txt
Turbo the Tortoise	https://archive.org/download/Commodore64Manuals/TurboTheTortoiseeurope.pdf
Turrican	https://archive.org/download/Commodore64Manuals/TurricaneuropesideA.pdf
Turrican II - The Final Fight	http://www.digitpress.com/library/manuals/c64/turrican2.txt
Tusker	https://archive.org/download/Commodore64Manuals/Tuskereurope.pdf
Twin Kingdom Valley	https://archive.org/download/Commodore64Manuals/TwinKingdomValleyeurope.pdf
Twinky Goes Hiking	http://www.digitpress.com/library/manuals/c64/twinky.txt
Tyler's Dungeons	https://archive.org/download/Commodore64Manuals/TylersDungeonsusa.pdf
UN Squadron	http://www.digitpress.com/library/manuals/c64/UN_Squadron.txt
Underwurlde	https://archive.org/download/c64man_underwurlde/c64man_underwurlde.pdf
Untouchables, The	http://www.digitpress.com/library/manuals/c64/untouchables.txt
Up 'n Down	https://archive.org/download/Commodore64Manuals/UpnDownusa.pdf
Up for Grabs	https://archive.org/download/Commodore64Manuals/UpForGrabsusa.pdf
Uridium	https://archive.org/download/Commodore64Manuals/Uridiumeurope.pdf
Uridium+	http://www.digitpress.com/library/manuals/c64/uridium.txt
V	https://archive.org/download/Commodore64Manuals/V-TheComputerGameeurope.pdf
Vampire	https://archive.org/download/Commodore64Manuals/Vampireeurope.pdf
Vendetta	https://archive.org/download/Commodore64Manuals/VendettaeuropesideA.pdf
Video Meanies	https://archive.org/download/Commodore64Manuals/VideoMeanieseurope.pdf
Viduzzles - Computerized Jigsaw Puzzles	https://archive.org/download/Commodore64Manuals/Viduzzlesusa.pdf
Viking Raider	https://archive.org/download/Commodore64Manuals/VikingRaiderusa.pdf
Vindicators	https://archive.org/download/Commodore64Manuals/Vindicatorseurope.pdf
Visible Solar System, The	https://archive.org/download/Commodore64Manuals/VisibleSolarSystemTheusa.pdf
Vixplode-64	https://archive.org/download/Commodore64Manuals/Vixplodeeurope.pdf
Vultures	https://archive.org/download/Commodore64Manuals/Vulturesusa.pdf
Wacky Darts	https://archive.org/download/Commodore64Manuals/WackyDartseurope.pdf
War Cars Construction Set	https://archive.org/download/Commodore64Manuals/WarCarsConstructionKiteurope.pdf
War in Middle Earth	https://archive.org/download/c64man_war-middle-earth/c64man_war-middle-earth.pdf
Web Dimension	http://www.digitpress.com/library/manuals/c64/webdimension.txt
Webster - The Word Game	https://archive.org/download/Commodore64Manuals/Webster-TheWordGameusa.pdf
Wembley Greyhounds	https://archive.org/download/Commodore64Manuals/WembleyGreyhoundseurope.pdf
Wibstars	http://www.digitpress.com/library/manuals/c64/wibstars.txt
Wicked	https://archive.org/download/Commodore64Manuals/Wickedeurope.pdf
Wild West Seymour	http://www.digitpress.com/library/manuals/c64/Wild_West_Seymour.txt
Wing Commander	https://archive.org/download/Commodore64Manuals/WingCommandereurope.pdf
Winter Camp	https://archive.org/download/Commodore64Manuals/WinterCampeurope.pdf
Winter Games	https://archive.org/download/Commodore64Manuals/WinterGamesusasideA.pdf
Wizard of Id's Wiztype, The	https://archive.org/download/Commodore64Manuals/WizardOfIdsWiztypeusa.pdf
Wizard of Wor	https://archive.org/download/Commodore64Manuals/WizardOfWorusa.pdf
Wizardry	https://archive.org/download/Commodore64Manuals/WizardryI-ProvingGroundsOfTheMadOverlordusadisk2aDisk.pdf
Wizball	https://archive.org/download/Commodore64Manuals/Wizballusa.pdf
Wonderboy	https://archive.org/download/Commodore64Manuals/Wonderboyusa.pdf
World Class Leaderboard	https://archive.org/download/Commodore64Manuals/WorldClassLeaderboardusasideA.pdf
World Cup Soccer - Italia '90	https://archive.org/download/Commodore64Manuals/WorldCuparticComputingLtd.europe.pdf
World Games	https://archive.org/download/Commodore64Manuals/WorldGamesusa.pdf
World Soccer	https://archive.org/download/Commodore64Manuals/WorldSoccereurope.pdf
Wrestling Superstars	http://www.digitpress.com/library/manuals/c64/Wrestling_Superstars.txt
Xenon	https://archive.org/download/Commodore64Manuals/XenonmelbourneHouseeurope.pdf
Xevious	https://archive.org/download/Commodore64Manuals/Xeviouseurope.pdf
Yie Ar Kung-Fu	https://archive.org/download/Commodore64Manuals/YieArKung-fuIieurope.pdf
Yogi Bear & Friends in the Greed Monster	https://archive.org/download/Commodore64Manuals/YogiBearFriendsInTheGreedMonstereurope.pdf
Yogi's Great Escape	https://archive.org/download/Commodore64Manuals/Yogi's Great Escape (Europe).pdf
Zaxxon	https://archive.org/download/Commodore64Manuals/Zaxxon (US Gold + SEGA) (Europe).pdf
Zenji	https://archive.org/download/Commodore64Manuals/Zenji (USA).pdf
Zig Zag	http://www.digitpress.com/library/manuals/c64/Zigzag.txt
Zodiac	https://archive.org/download/Commodore64Manuals/Zodiac (Anirog Software) (Europe).pdf
Zoids	https://archive.org/download/Commodore64Manuals/Zoids (Europe).pdf
Zolyx	https://archive.org/download/Commodore64Manuals/Zolyx (Europe).pdf
Zone Ranger	https://archive.org/download/Commodore64Manuals/Zone Ranger (USA).pdf
Zoomerang	https://archive.org/download/Commodore64Manuals/Zoomerang (Europe).pdf
Zub	https://archive.org/download/Commodore64Manuals/Zub (Europe).pdf
Zynaps	http://www.digitpress.com/library/manuals/c64/zynaps.txt
Zzzz	https://archive.org/download/Commodore64Manuals/Zzzz (Europe).pdf
