3-D Tic-Tac-Toe	en	https://www.digitpress.com/library/manuals/atari2600/3dtictactoe.pdf
32 in 1 Game Cartridge	en	https://www.digitpress.com/library/manuals/atari2600/32in1.pdf
Acid Drop	en-gb,fr,de	https://archive.org/download/Atari2600Manuals_201812/Acid Drop (Europe).pdf
Action Man - Action Force	en	https://archive.org/download/Atari2600Manuals_201812/G.I. Joe - Cobra Strike (USA).pdf
Actionauts	en	https://www.digitpress.com/library/manuals/atari2600/actionauts_repro.pdf
Activision Decathlon, The	en	https://archive.org/download/Atari2600Manuals_201812/Activision Decathlon, The (USA).pdf
Adventure	en	https://archive.org/download/Atari2600Manuals_201812/Adventure (USA).pdf
Adventures of TRON	en	https://archive.org/download/Atari2600Manuals_201812/Adventures of TRON (USA).pdf
Air Raiders	en	https://archive.org/download/Atari2600Manuals_201812/Air Raiders (USA).pdf
Air-Sea Battle	en	https://archive.org/download/Atari2600Manuals_201812/Air-Sea Battle (USA).pdf
Airlock	en	https://archive.org/download/Atari2600Manuals_201812/Airlock (USA).pdf
Alien	en	https://archive.org/download/Atari2600Manuals_201812/Alien (USA).pdf
Aliens Return	en-gb,de,es,fr,it,nl	https://archive.org/download/Atari2600Manuals_201812/Alien's Return (Europe).pdf
Alpha Beam with Ernie	en	https://archive.org/download/Atari2600Manuals_201812/Alpha Beam with Ernie (USA).pdf
Amidar	en	https://archive.org/download/Atari2600Manuals_201812/Amidar (USA).pdf
Armor Ambush	en	https://archive.org/download/Atari2600Manuals_201812/Armor Ambush (USA).pdf
Artillery Duel	en	https://archive.org/download/Atari2600Manuals_201812/Artillery Duel (USA).pdf
Asteroids	en	https://www.digitpress.com/library/manuals/atari2600/asteroids.pdf
Astroblast	en	https://archive.org/download/Atari2600Manuals_201812/Astroblast (USA).pdf
Atlantis	en	https://www.digitpress.com/library/manuals/atari2600/atlantis-day.pdf
Atlantis II	en	https://archive.org/download/Atari2600Manuals_201812/Atlantis II (USA).pdf
Bachelor Party	en	https://archive.org/download/Atari2600Manuals_201812/Bachelor Party (USA).pdf
Bachelorette Party	en	https://archive.org/download/Atari2600Manuals_201812/Bachelorette Party (USA).pdf
Backgammon	en	https://archive.org/download/Atari2600Manuals_201812/Backgammon (USA).pdf
Bank Heist	en	https://archive.org/download/Atari2600Manuals_201812/Bank Heist (USA).pdf
Barnstorming	en	https://archive.org/download/Atari2600Manuals_201812/Barnstorming (USA).pdf
Base Attack	en	https://www.digitpress.com/library/manuals/atari2600/base_attack.pdf
Basic Math	en	https://archive.org/download/Atari2600Manuals_201812/Basic Math (USA).pdf
BASIC Programming	en	https://archive.org/download/Atari2600Manuals_201812/BASIC Programming (USA).pdf
Basketball	en	https://archive.org/download/Atari2600Manuals_201812/Basketball (USA).pdf
Battlezone	en	https://archive.org/download/Atari2600Manuals_201812/Battlezone (USA).pdf
Beamrider	en	https://www.digitpress.com/library/manuals/atari2600/beamrider.pdf
Beany Bopper	en	https://www.digitpress.com/library/manuals/atari2600/beany_bopper.pdf
Beat'Em & Eat'Em	en	https://archive.org/download/Atari2600Manuals_201812/Beat 'Em & Eat 'Em (USA).pdf
Berenstain Bears	en	https://archive.org/download/Atari2600Manuals_201812/Berenstain Bears (USA).pdf
Bermuda Triangle	en	https://archive.org/download/Atari2600Manuals_201812/Bermuda Triangle (USA).pdf
Berzerk	en	https://www.digitpress.com/library/manuals/atari2600/berzerk.pdf
Big Bird's Egg Catch	en	https://archive.org/download/Atari2600Manuals_201812/Big Bird's Egg Catch (USA).pdf
Black Jack	en	https://archive.org/download/Atari2600Manuals_201812/Blackjack (USA).pdf
Blueprint	en	https://archive.org/download/Atari2600Manuals_201812/Blueprint (USA).pdf
BMX Air Master	en	https://archive.org/download/Atari2600Manuals_201812/BMX Air Master (USA).pdf
Bobby is Going Home	en	https://archive.org/download/Atari2600Manuals_201812/Bobby Is Going Home (Europe).pdf
Boing!	en	https://archive.org/download/Atari2600Manuals_201812/Boing! (USA).pdf
Bowling	en	https://archive.org/download/Atari2600Manuals_201812/Bowling (USA).pdf
Boxing	en	https://archive.org/download/Atari2600Manuals_201812/Boxing (USA).pdf
Brain Games	en	https://archive.org/download/Atari2600Manuals_201812/Brain Games (USA).pdf
Breakout	en	https://archive.org/download/Atari2600Manuals_201812/Breakout (USA).pdf
Bridge	en	https://archive.org/download/Atari2600Manuals_201812/Bridge (USA).pdf
Buck Rogers - Planet of Zoom	en	https://www.digitpress.com/library/manuals/atari2600/buck_rogers.pdf
Bugs	en	https://archive.org/download/Atari2600Manuals_201812/Bugs (USA).pdf
Bugs Bunny	en	https://archive.org/download/Atari2600Manuals_201812/Bugs Bunny (USA) (Proto).pdf
Bump 'n' Jump	en	https://archive.org/download/Atari2600Manuals_201812/Bump 'n' Jump (USA).pdf
Bumper Bash	en	https://archive.org/download/Atari2600Manuals_201812/Bumper Bash (USA).pdf
BurgerTime	en	https://archive.org/download/Atari2600Manuals_201812/BurgerTime (USA).pdf
Burning Desire	en	https://archive.org/download/Atari2600Manuals_201812/Burning Desire (Australia).pdf
Cabbage Patch Kids - Adventures in the Park	en	https://www.digitpress.com/library/manuals/atari2600/cpk_adventures_park.pdf
Cakewalk	en	https://archive.org/download/Atari2600Manuals_201812/Cakewalk (USA).pdf
California Games	en	https://archive.org/download/Atari2600Manuals_201812/California Games (USA).pdf
Canyon Bomber	en	https://archive.org/download/Atari2600Manuals_201812/Canyon Bomber (USA).pdf
Carnival	en	https://archive.org/download/Atari2600Manuals_201812/Carnival (USA).pdf
Casino	en	https://archive.org/download/Atari2600Manuals_201812/Casino (USA).pdf
Cat Trax	en	https://archive.org/download/Atari2600Manuals_201812/Cat Trax (USA) (Proto).pdf
Cathouse Blues	en	https://archive.org/download/Atari2600Manuals_201812/Cathouse Blues (USA).pdf
Centipede	en	https://archive.org/download/Atari2600Manuals_201812/Centipede (USA).pdf
Challenge of.... NEXAR, The	en	https://archive.org/download/Atari2600Manuals_201812/Challenge of.... Nexar, The (USA).pdf
Championship Soccer	en	https://archive.org/download/Atari2600Manuals_201812/Championship Soccer (USA).pdf
Chase the Chuck Wagon	en	https://archive.org/download/Atari2600Manuals_201812/Chase the Chuckwagon (USA).pdf
Checkers	en	https://www.digitpress.com/library/manuals/atari2600/checkers.pdf
China Syndrome	en	https://archive.org/download/Atari2600Manuals_201812/China Syndrome (USA).pdf
Chopper Command	en	https://www.digitpress.com/library/manuals/atari2600/chopper_command.pdf
Chuck Norris Superkicks	en	https://archive.org/download/Atari2600Manuals_201812/Chuck Norris Superkicks (USA).pdf
Circus Atari	en	https://www.digitpress.com/library/manuals/atari2600/circus_atari.pdf
Coco Nuts	en	https://archive.org/download/Atari2600Manuals_201812/Coco Nuts (USA).pdf
Codebreaker	en	https://www.digitpress.com/library/manuals/atari2600/codebreaker.pdf
Color Bar Generator	en	https://www.digitpress.com/library/manuals/atari2600/color_bar_generator.pdf
Combat	en	https://www.digitpress.com/library/manuals/atari2600/combat.pdf
Combat Two	en	https://archive.org/download/Atari2600Manuals_201812/Combat Two (USA) (Proto).pdf
Commando	en	https://archive.org/download/Atari2600Manuals_201812/Commando (USA).pdf
Commando Raid	en	https://archive.org/download/Atari2600Manuals_201812/Commando Raid (USA).pdf
Communist Mutants from Space	en	https://archive.org/download/Atari2600Manuals_201812/Communist Mutants from Space (USA).pdf
Condor Attack	en	https://archive.org/download/Atari2600Manuals_201812/Condor Attack (USA).pdf
Confrontation	en	https://archive.org/download/Atari2600Manuals_201812/Confrontation (USA) (Proto).pdf
Congo Bongo	en	https://archive.org/download/Atari2600Manuals_201812/Congo Bongo (USA).pdf
Cookie Monster Munch	en	https://archive.org/download/Atari2600Manuals_201812/Cookie Monster Munch (USA).pdf
Cosmic Ark	en	https://archive.org/download/Atari2600Manuals_201812/Cosmic Ark (USA).pdf
Cosmic Commuter	en	https://archive.org/download/Atari2600Manuals_201812/Cosmic Commuter (USA).pdf
Cosmic Creeps	en	https://archive.org/download/Atari2600Manuals_201812/Cosmic Creeps (USA).pdf
Cosmic Swarm	en	https://archive.org/download/Atari2600Manuals_201812/Cosmic Swarm (USA).pdf
Crack'ed	en	https://archive.org/download/Atari2600Manuals_201812/Crack'ed (USA) (Proto).pdf
Crackpots	en	https://www.digitpress.com/library/manuals/atari2600/crackpots.pdf
Crash Dive	en	https://archive.org/download/Atari2600Manuals_201812/Crash Dive (USA).pdf
Crazy Climber	en	https://www.digitpress.com/library/manuals/atari2600/crazy_climber.pdf
Cross Force	en	https://archive.org/download/Atari2600Manuals_201812/Cross Force (USA).pdf
Crossbow	en	https://www.digitpress.com/library/manuals/atari2600/crossbow.pdf
Crypts of Chaos	en	https://archive.org/download/Atari2600Manuals_201812/Crypts of Chaos (USA).pdf
Crystal Castles	en	https://www.digitpress.com/library/manuals/atari2600/crystal_castles.pdf
Cubicolor	en	https://www.digitpress.com/library/manuals/atari2600/cubicolor.pdf
Custer's Revenge	en	https://archive.org/download/Atari2600Manuals_201812/Custer's Revenge (USA).pdf
Dancing Plate	en-gb,de	https://archive.org/download/Atari2600Manuals_201812/Dancing Plate (Europe).pdf
Dark Cavern	en	https://archive.org/download/Atari2600Manuals_201812/Dark Cavern (USA).pdf
Dark Chambers	en	https://archive.org/download/Atari2600Manuals_201812/Dark Chambers (USA).pdf
Deadly Duck	en	https://archive.org/download/Atari2600Manuals_201812/Deadly Duck (USA).pdf
Death Trap	en	https://archive.org/download/Atari2600Manuals_201812/Death Trap (USA).pdf
Defender	en	https://archive.org/download/Atari2600Manuals_201812/Defender (USA).pdf
Demolition Herby	en	https://archive.org/download/Atari2600Manuals_201812/Demolition Herby (USA).pdf
Demon Attack	en	https://archive.org/download/Atari2600Manuals_201812/Demon Attack (USA).pdf
Demons to Diamonds	en	https://www.digitpress.com/library/manuals/atari2600/demons_diamonds.pdf
Depth Charge	en	http://www.ataricompendium.com/archives/manuals/vcs/depth_charge.pdf
Desert Falcon	en	https://www.digitpress.com/library/manuals/atari2600/desert_falcon.pdf
Dice Puzzle	en	https://archive.org/download/Atari2600Manuals_201812/Dice Puzzle (Europe).pdf
Dig Dug	en	https://www.digitpress.com/library/manuals/atari2600/dig_dug.pdf
Dishaster	en	https://www.digitpress.com/library/manuals/atari2600/dishaster.pdf
Dodge 'Em ~ Dodger Cars	en	https://www.digitpress.com/library/manuals/atari2600/dodge_em.pdf
Dolphin	en	https://www.digitpress.com/library/manuals/atari2600/dolphin.pdf
Donkey Kong	en	https://archive.org/download/Atari2600Manuals_201812/Donkey Kong (USA).pdf
Donkey Kong Junior	en	https://archive.org/download/Atari2600Manuals_201812/Donkey Kong Junior (USA).pdf
Double Dragon	en	https://archive.org/download/Atari2600Manuals_201812/Double Dragon (USA).pdf
Double Dunk	en	https://www.digitpress.com/library/manuals/atari2600/double_dunk.pdf
Dragonfire	en	https://www.digitpress.com/library/manuals/atari2600/dragonfire.pdf
Dragonstomper	en	https://archive.org/download/Atari2600Manuals_201812/Dragonstomper (USA).pdf
Dragster	en	https://www.digitpress.com/library/manuals/atari2600/dragster.pdf
E.T. - The Extra-Terrestrial	en	https://archive.org/download/Atari2600Manuals_201812/E.T. - The Extra-Terrestrial (USA).pdf
Earth Dies Screaming, The	en	https://archive.org/download/Atari2600Manuals_201812/Earth Dies Screaming, The (USA).pdf
Eggomania	en	https://archive.org/download/Atari2600Manuals_201812/Eggomania (USA).pdf
Elevator Action	en	https://www.digitpress.com/library/manuals/atari2600/elevator_action.pdf
Eli's Ladder	en	https://www.digitpress.com/library/manuals/atari2600/elis_ladder.txt
Elk Attack	en	https://www.digitpress.com/library/manuals/atari2600/elk_attack.txt
Encounter at L-5	en	https://archive.org/download/Atari2600Manuals_201812/Encounter at L-5 (USA).pdf
Enduro	en	https://www.digitpress.com/library/manuals/atari2600/enduro.pdf
Entity, The	en	https://archive.org/download/Atari2600Manuals_201812/Entity, The (USA) (Proto).pdf
Entombed	en	https://www.digitpress.com/library/manuals/atari2600/entombed.pdf
Escape from the Mindmaster	en	https://archive.org/download/Atari2600Manuals_201812/Escape from the Mindmaster (USA).pdf
Espial	en	https://archive.org/download/Atari2600Manuals_201812/Espial (USA).pdf
Fantastic Voyage	en	https://archive.org/download/Atari2600Manuals_201812/Fantastic Voyage (USA).pdf
Fast Eddie	en	https://archive.org/download/Atari2600Manuals_201812/Fast Eddie (USA).pdf
Fast Food	en	https://archive.org/download/Atari2600Manuals_201812/Fast Food (USA).pdf
Fatal Run	en	https://www.digitpress.com/library/manuals/atari2600/fatal_run.pdf
Fathom	en	https://archive.org/download/Atari2600Manuals_201812/Fathom (USA).pdf
Final Approach	en	https://archive.org/download/Atari2600Manuals_201812/Final Approach (USA).pdf
Fire Fighter	en	https://archive.org/download/Atari2600Manuals_201812/Fire Fighter (USA).pdf
Fire Fly	en	https://archive.org/download/Atari2600Manuals_201812/Fire Fly (USA).pdf
Fireball	en	https://archive.org/download/Atari2600Manuals_201812/Fireball (USA).pdf
Fishing Derby	en	https://archive.org/download/Atari2600Manuals_201812/Fishing Derby (USA).pdf
Flag Capture ~ Capture	en	https://archive.org/download/Atari2600Manuals_201812/Flag Capture (USA).pdf
Flash Gordon	en	https://archive.org/download/Atari2600Manuals_201812/Flash Gordon (USA).pdf
Football	en	https://archive.org/download/Atari2600Manuals_201812/Football (USA).pdf
Forest	en-gb,de	https://archive.org/download/Atari2600Manuals_201812/Forest (Europe).pdf
Frankenstein's Monster	en	https://archive.org/download/Atari2600Manuals_201812/Frankenstein's Monster (USA).pdf
Freeway	en	https://archive.org/download/Atari2600Manuals_201812/Freeway (USA).pdf
Frog Pond	en	http://www.ataricompendium.com/archives/manuals/vcs/frog_pond.pdf
Frogger	en	https://archive.org/download/Atari2600Manuals_201812/Frogger (USA).pdf
Frogger II - Threeedeep!	en	https://archive.org/download/Atari2600Manuals_201812/Frogger II - Threeedeep! (USA).pdf
Frogs and Flies	en	https://archive.org/download/Atari2600Manuals_201812/Frogs and Flies (USA).pdf
Front Line	en	https://archive.org/download/Atari2600Manuals_201812/Front Line (USA).pdf
Frostbite	en	https://www.digitpress.com/library/manuals/atari2600/frostbite.pdf
Funky Fish	en	https://archive.org/download/Atari2600Manuals_201812/Funky Fish (USA) (Proto).pdf
Galaxian	en	https://archive.org/download/Atari2600Manuals_201812/Galaxian (USA).pdf
Gamma-Attack	en	https://www.digitpress.com/library/manuals/atari2600/gamma-attack.pdf
Gangster Alley	en	https://archive.org/download/Atari2600Manuals_201812/Gangster Alley (USA).pdf
Gas Hog	en	https://archive.org/download/Atari2600Manuals_201812/Gas Hog (USA).pdf
Gauntlet	en	https://archive.org/download/Atari2600Manuals_201812/Gauntlet (USA).pdf
Ghost Manor	en	https://archive.org/download/Atari2600Manuals_201812/Ghost Manor (USA).pdf
Ghostbusters	en	https://archive.org/download/Atari2600Manuals_201812/Ghostbusters (USA).pdf
Ghostbusters II	en-gb,fr,de	https://archive.org/download/Atari2600Manuals_201812/Ghostbusters II (Europe).pdf
Gigolo	en	https://archive.org/download/Atari2600Manuals_201812/Gigolo (USA).pdf
Glacier Patrol	en	https://archive.org/download/Atari2600Manuals_201812/Glacier Patrol (USA).pdf
Glib - Video Word Game	en	https://archive.org/download/Atari2600Manuals_201812/Glib - Video Word Game (USA).pdf
Golf	en	https://archive.org/download/Atari2600Manuals_201812/Golf (USA).pdf
Good Luck, Charlie Brown	en	http://www.ataricompendium.com/archives/manuals/vcs/good_luck_charlie_brown.pdf
Gopher	en	https://archive.org/download/Atari2600Manuals_201812/Gopher (USA).pdf
Gorf	en	https://archive.org/download/Atari2600Manuals_201812/Gorf (USA).pdf
Grand Prix	en	https://archive.org/download/Atari2600Manuals_201812/Grand Prix (USA).pdf
Gravitar	en	https://www.digitpress.com/library/manuals/atari2600/gravitar.pdf
Great Escape	en	https://the-eye.eu/public/Books/retrowith.in/Manuals - Atari 2600/USA/Great Escape (U).pdf
Gremlins	en	https://archive.org/download/Atari2600Manuals_201812/Gremlins (USA).pdf
Guardian	en	https://archive.org/download/Atari2600Manuals_201812/Guardian (USA).pdf
Gyruss	en	https://archive.org/download/Atari2600Manuals_201812/Gyruss (USA).pdf
H.E.R.O.	en	https://archive.org/download/Atari2600Manuals_201812/H.E.R.O. (USA).pdf
Halloween	en	https://archive.org/download/Atari2600Manuals_201812/Halloween (USA).pdf
Hangman ~ Spelling	en	https://archive.org/download/Atari2600Manuals_201812/Hangman (USA).pdf
Haunted House	en	https://archive.org/download/Atari2600Manuals_201812/Haunted House (USA).pdf
Holey Moley	en	https://archive.org/download/Atari2600Manuals_201812/Holey Moley (USA) (Proto).pdf
Home Run ~ Baseball	en	https://archive.org/download/Atari2600Manuals_201812/Home Run (USA).pdf
Human Cannonball ~ Cannon Man	en	https://archive.org/download/Atari2600Manuals_201812/Human Cannonball (USA).pdf
Hunt & Score ~ Memory Match	en	https://archive.org/download/Atari2600Manuals_201812/Hunt & Score (USA).pdf
I Want My Mommy	en	https://archive.org/download/I_Want_My_Mommy_1983_ZiMAG_US/I_Want_My_Mommy_1983_ZiMAG_US.pdf
Ice Hockey	en	https://www.digitpress.com/library/manuals/atari2600/ice_hockey.pdf
Ikari Warriors	en	https://archive.org/download/Atari2600Manuals_201812/Ikari Warriors (USA).pdf
Indy 500 ~ Race	en	https://archive.org/download/Atari2600Manuals_201812/Indy 500 (USA).pdf
Infiltrate	en	https://archive.org/download/Atari2600Manuals_201812/Infiltrate (USA).pdf
International Soccer	en	https://archive.org/download/Atari2600Manuals_201812/International Soccer (USA).pdf
IQ 180	en	https://www.digitpress.com/library/manuals/atari2600/iq180.txt
James Bond 007	en	https://archive.org/download/Atari2600Manuals_201812/James Bond 007 (USA).pdf
Jawbreaker	en	https://archive.org/download/Atari2600Manuals_201812/Jawbreaker (USA).pdf
Journey Escape	en	https://archive.org/download/Atari2600Manuals_201812/Journey Escape (USA).pdf
Joust	en	https://www.digitpress.com/library/manuals/atari2600/joust.pdf
Jr. Pac-Man	en	https://www.digitpress.com/library/manuals/atari2600/jr_pac-man.pdf
Jungle Fever ~ Knight on the Town	en	https://archive.org/download/Atari2600Manuals_201812/Jungle Fever (USA).pdf
Jungle Hunt	en	https://www.digitpress.com/library/manuals/atari2600/jungle_hunt.pdf
Kabobber	en	https://archive.org/download/Atari2600Manuals_201812/Kabobber (USA) (Proto).pdf
Kaboom!	en	https://www.digitpress.com/library/manuals/atari2600/kaboom.pdf
Kangaroo	en	https://www.digitpress.com/library/manuals/atari2600/kangaroo.pdf
Karate	en	https://archive.org/download/Atari2600Manuals_201812/Karate (USA).pdf
Keystone Kapers	en	https://www.digitpress.com/library/manuals/atari2600/keystone_kapers.pdf
Killer Satellites	en	https://archive.org/download/Atari2600Manuals_201812/Killer Satellites (USA).pdf
King Kong	en	https://www.digitpress.com/library/manuals/atari2600/king_kong.pdf
Klax	en	https://www.digitpress.com/library/manuals/atari2600/klax.pdf
Kool-Aid Man	en	https://archive.org/download/Atari2600Manuals_201812/Kool-Aid Man (USA).pdf
Krull	en	https://www.digitpress.com/library/manuals/atari2600/krull.pdf
Kung-Fu Master	en	https://archive.org/download/Atari2600Manuals_201812/Kung-Fu Master (USA).pdf
Lady In Wading	en	https://archive.org/download/Atari2600Manuals_201812/Lady in Wading (USA).pdf
Laser Blast	en	https://www.digitpress.com/library/manuals/atari2600/laser_blast.pdf
Laser Gates	en	https://archive.org/download/Atari2600Manuals_201812/Laser Gates (USA).pdf
Lasercade	en	https://www.digitpress.com/library/manuals/atari2600/lasercade.pdf
Lochjaw	en	https://archive.org/download/Atari2600Manuals_201812/Lochjaw (USA).pdf
Lock 'n' Chase	en	https://www.digitpress.com/library/manuals/atari2600/lockn_chase.pdf
London Blitz	en	https://archive.org/download/Atari2600Manuals_201812/London Blitz (USA).pdf
Looping	en	http://www.ataricompendium.com/archives/manuals/vcs/looping.pdf
Lost Luggage	en	https://archive.org/download/Atari2600Manuals_201812/Lost Luggage (USA).pdf
M.A.D.	en	https://archive.org/download/Atari2600Manuals_201812/M.A.D. (USA).pdf
M.A.S.H	en	https://archive.org/download/Atari2600Manuals_201812/M.A.S.H (USA).pdf
MagiCard	en	https://archive.org/download/Atari2600Manuals_201812/MagiCard (USA).pdf
Malagai	en	https://archive.org/download/Atari2600Manuals_201812/Malagai (USA).pdf
Mangia'	en	https://archive.org/download/Atari2600Manuals_201812/Mangia' (USA).pdf
Marauder	en	https://archive.org/download/Atari2600Manuals_201812/Marauder (USA).pdf
Marine Wars	en	https://archive.org/download/Atari2600Manuals_201812/Marine Wars (USA).pdf
Mario Bros.	en	https://www.digitpress.com/library/manuals/atari2600/mario_bros.pdf
Master Builder	en	https://archive.org/download/Atari2600Manuals_201812/Master Builder (USA).pdf
Masters of the Universe - The Power of He-Man	en	https://archive.org/download/Atari2600Manuals_201812/Masters of the Universe - The Power of He-Man (USA).pdf
Math Gran Prix	en	https://www.digitpress.com/library/manuals/atari2600/math_gran_prix.pdf
Maze Craze - A Game of Cops 'n Robbers ~ Maze Mania - A Game of Cops 'n Robbers	en	https://archive.org/download/Atari2600Manuals_201812/Maze Craze - A Game of Cops 'n Robbers (USA).pdf
McDonald's - Golden Arches Adventure	en	http://www.ataricompendium.com/archives/manuals/vcs/mcdonalds.pdf
Mega Force	en	https://archive.org/download/Atari2600Manuals_201812/Mega Force (USA).pdf
MegaMania - A Space Nightmare	en	https://www.digitpress.com/library/manuals/atari2600/megamania.pdf
Mein Weg	en-gb,fr	https://archive.org/download/Atari2600Manuals_201812/Challenge (Europe).pdf
Meltdown	en	https://archive.org/download/Atari2600Manuals_201812/Meltdown (USA) (Proto).pdf
Midnight Magic	en	https://www.digitpress.com/library/manuals/atari2600/midnight_magic.pdf
Millipede	en	https://www.digitpress.com/library/manuals/atari2600/millipede.pdf
Miner 2049er - Starring Bounty Bob	en	https://archive.org/download/Atari2600Manuals_201812/Miner 2049er - Starring Bounty Bob (USA).pdf
Miner 2049er Volume II	en	https://archive.org/download/Atari2600Manuals_201812/Miner 2049er Volume II (USA).pdf
Mines of Minos	en	https://archive.org/download/Atari2600Manuals_201812/Mines of Minos (USA).pdf
Miniature Golf ~ Arcade Golf	en	https://www.digitpress.com/library/manuals/atari2600/miniature_golf.pdf
Missile Command	en	https://archive.org/download/Atari2600Manuals_201812/Missile Command (USA).pdf
Missile Control	en	https://archive.org/download/Atari2600Manuals_201812/Missile Control (Europe).pdf
Mission 3,000 A.D.	en	https://archive.org/download/Atari2600Manuals_201812/Mission 3,000 A.D. (Europe).pdf
Mogul Maniac	en	https://archive.org/download/Atari2600Manuals_201812/Mogul Maniac (USA).pdf
Montezuma's Revenge - Featuring Panama Joe	en	https://archive.org/download/Atari2600Manuals_201812/Montezuma's Revenge - Featuring Panama Joe (USA).pdf
Moon Patrol	en	https://www.digitpress.com/library/manuals/atari2600/moon_patrol.pdf
Moonsweeper	en	https://archive.org/download/Atari2600Manuals_201812/Moonsweeper (USA).pdf
Motocross Racer	en	https://archive.org/download/Atari2600Manuals_201812/Motocross Racer (USA).pdf
MotoRodeo	en	https://archive.org/download/Atari2600Manuals_201812/MotoRodeo (USA).pdf
Mountain King	en	https://archive.org/download/Atari2600Manuals_201812/Mountain King (USA).pdf
Mouse Trap	en	https://archive.org/download/Atari2600Manuals_201812/Mouse Trap (USA).pdf
Mr. Do!	en	https://archive.org/download/Atari2600Manuals_201812/Mr. Do! (USA).pdf
Mr. Do!'s Castle	en	https://archive.org/download/Atari2600Manuals_201812/Mr. Do!'s Castle (USA).pdf
Mr. Postman	en-gb,de	https://archive.org/download/Atari2600Manuals_201812/Mr. Postman (Europe).pdf
Ms. Pac-Man	en	https://archive.org/download/Atari2600Manuals_201812/Ms. Pac-Man (USA).pdf
Music Machine, The	en	https://archive.org/download/Atari2600Manuals_201812/Music Machine, The (USA).pdf
My Golf	en	https://archive.org/download/Atari2600Manuals_201812/My Golf (Australia).pdf
Name This Game	en	https://archive.org/download/Atari2600Manuals_201812/Name This Game (USA).pdf
Night Driver	en	https://archive.org/download/Atari2600Manuals_201812/Night Driver (USA).pdf
No Escape!	en	https://archive.org/download/Atari2600Manuals_201812/No Escape! (USA).pdf
Nuts	en	http://www.ataricompendium.com/archives/manuals/vcs/nuts.pdf
Obelix	en	https://archive.org/download/Atari2600Manuals_201812/Obelix (USA).pdf
Off the Wall	en	https://www.digitpress.com/library/manuals/atari2600/off_the_wall.pdf
Off Your Rocker	en	https://www.digitpress.com/library/manuals/atari2600/off_your_rocker.txt
Official Frogger, The	en	https://www.digitpress.com/library/manuals/atari2600/frogger-starpath.pdf
Oink!	en	https://www.digitpress.com/library/manuals/atari2600/oink.pdf
Omega Race	en	https://archive.org/download/Atari2600Manuals_201812/Omega Race (USA).pdf
Open Sesame	en	https://archive.org/download/Atari2600Manuals_201812/Open Sesame (Europe).pdf
Oscar's Trash Race	en	https://www.digitpress.com/library/manuals/atari2600/oscars_trash_race.pdf
Othello	en	https://www.digitpress.com/library/manuals/atari2600/othello-sears.pdf
Out of Control	en	https://archive.org/download/Atari2600Manuals_201812/Out of Control (USA).pdf
Outlaw ~ Gunslinger	en	https://archive.org/download/Atari2600Manuals_201812/Outlaw (USA).pdf
Pac-Man	en	https://archive.org/download/Atari2600Manuals_201812/Pac-Man (USA).pdf
Party Mix - Bop a Buggy, Tug of War, Wizard's Keep, Down on the Line, Handcar	en	https://archive.org/download/Atari2600Manuals_201812/Party Mix (USA).pdf
Pengo	en	https://archive.org/download/Atari2600Manuals_201812/Pengo (USA).pdf
Pete Rose Baseball	en	https://archive.org/download/Atari2600Manuals_201812/Pete Rose Baseball (USA).pdf
Pharaoh's Curse	en	https://archive.org/download/agm_Pharaohs_curse/Pharaohs_curse.pdf
Phaser Patrol	en	https://archive.org/download/Atari2600Manuals_201812/Phaser Patrol (USA).pdf
Phoenix	en	https://archive.org/download/Atari2600Manuals_201812/Phoenix (USA).pdf
Pick 'n' Pile	en	https://www.digitpress.com/library/manuals/atari2600/pick_n_pile.pdf
Pick Up	en	https://archive.org/download/Atari2600Manuals_201812/Pick Up (USA) (Proto).pdf
Picnic	en	https://archive.org/download/Atari2600Manuals_201812/Picnic (USA).pdf
Piece o' Cake	en	https://archive.org/download/Atari2600Manuals_201812/Piece o' Cake (USA).pdf
Pigs in Space - Starring Miss Piggy	en	https://archive.org/download/Atari2600Manuals_201812/Pigs in Space - Starring Miss Piggy (USA).pdf
Pitfall II - Lost Caverns	en	https://archive.org/download/Atari2600Manuals_201812/Pitfall II - Lost Caverns (USA).pdf
Pitfall! - Pitfall Harry's Jungle Adventure	en	https://www.digitpress.com/library/manuals/atari2600/pitfall.pdf
Pizza Chef	en	https://www.digitpress.com/library/manuals/atari2600/pizza_chef.txt
Planet Patrol	en	https://archive.org/download/Atari2600Manuals_201812/Planet Patrol (USA).pdf
Plaque Attack	en	https://www.digitpress.com/library/manuals/atari2600/plaque_attack.pdf
Pleiades	en	https://archive.org/download/Atari2600Manuals_201812/Pleiades (USA) (Proto).pdf
Polaris	en	https://archive.org/download/Atari2600Manuals_201812/Polaris (USA).pdf
Pole Position	en	https://www.digitpress.com/library/manuals/atari2600/pole_position.pdf
Polo	en	https://archive.org/download/Atari2600Manuals_201812/Polo (USA) (Proto).pdf
Pooyan	en	https://archive.org/download/Atari2600Manuals_201812/Pooyan (USA).pdf
Popeye	en	https://archive.org/download/Atari2600Manuals_201812/Popeye (USA).pdf
Porky's	en	https://archive.org/download/Atari2600Manuals_201812/Porky's (USA).pdf
Pressure Cooker	en	https://archive.org/download/Atari2600Manuals_201812/Pressure Cooker (USA).pdf
Private Eye	en	https://archive.org/download/Atari2600Manuals_201812/Private Eye (USA).pdf
Pursuit of the Pink Panther	en	http://www.ataricompendium.com/archives/manuals/vcs/pursuit_pink_panther.pdf
Q-bert	en	https://archive.org/download/Atari2600Manuals_201812/Q-bert (USA).pdf
Q-bert's Qubes	en	https://archive.org/download/Atari2600Manuals_201812/Q-bert's Qubes (USA).pdf
Quadrun	en	https://archive.org/download/Atari2600Manuals_201812/Quadrun (USA).pdf
Quest for Quintana Roo	en	https://archive.org/download/Atari2600Manuals_201812/Quest for Quintana Roo (USA).pdf
Quick Step!	en	https://archive.org/download/Atari2600Manuals_201812/Quick Step! (USA).pdf
Rabbit Transit	en	https://archive.org/download/Atari2600Manuals_201812/Rabbit Transit (USA).pdf
Racer	en	http://www.ataricompendium.com/archives/manuals/vcs/racer.pdf
Racquetball	en	https://archive.org/download/Atari2600Manuals_201812/Racquetball (USA).pdf
Radar	en	https://archive.org/download/Atari2600Manuals_201812/Exocet (Europe).pdf
Radar Lock	en	https://archive.org/download/Atari2600Manuals_201812/Radar Lock (USA).pdf
Raft Rider	en	https://archive.org/download/Atari2600Manuals_201812/Raft Rider (USA).pdf
Raiders of the Lost Ark	en	https://archive.org/download/Atari2600Manuals_201812/Raiders of the Lost Ark (USA).pdf
Ram It	en	https://archive.org/download/Atari2600Manuals_201812/Ram It (USA).pdf
Rampage!	en	https://archive.org/download/Atari2600Manuals_201812/Rampage! (USA).pdf
Reactor	en	https://archive.org/download/Atari2600Manuals_201812/Reactor (USA).pdf
RealSports Baseball	en	https://archive.org/download/Atari2600Manuals_201812/RealSports Baseball (USA).pdf
RealSports Basketball	en	https://www.digitpress.com/library/manuals/atari2600/rs_basketball.pdf
RealSports Boxing	en	https://www.digitpress.com/library/manuals/atari2600/rs_boxing.pdf
RealSports Football	en	https://www.digitpress.com/library/manuals/atari2600/rs_football.pdf
RealSports Soccer	en	https://www.digitpress.com/library/manuals/atari2600/rs_soccer.pdf
RealSports Tennis	en	https://archive.org/download/Atari2600Manuals_201812/RealSports Tennis (USA).pdf
RealSports Volleyball	en	https://www.digitpress.com/library/manuals/atari2600/rs_volleyball.pdf
Red Sea Crossing	en	http://www.ataricompendium.com/archives/manuals/vcs/red_sea_crossing_fan-based.pdf
Rescue Terra I	en	https://archive.org/download/Atari2600Manuals_201812/Rescue Terra I (USA).pdf
Revenge of the Beefsteak Tomatoes	en	https://archive.org/download/Atari2600Manuals_201812/Revenge of the Beefsteak Tomatoes (USA).pdf
Riddle of the Sphinx	en	https://archive.org/download/Atari2600Manuals_201812/Riddle of the Sphinx (USA).pdf
River Patrol	en	https://archive.org/download/Atari2600Manuals_201812/River Patrol (USA).pdf
River Raid	en	https://www.digitpress.com/library/manuals/atari2600/river_raid.pdf
River Raid II	en	https://archive.org/download/Atari2600Manuals_201812/River Raid II (USA).pdf
Road Runner	en	https://www.digitpress.com/library/manuals/atari2600/road_runner.pdf
Robin Hood	en	https://archive.org/download/Atari2600Manuals_201812/Robin Hood (USA).pdf
Robot Tank	en	https://archive.org/download/Atari2600Manuals_201812/Robot Tank (USA).pdf
Roc 'n Rope	en	https://archive.org/download/Atari2600Manuals_201812/Roc 'n Rope (USA).pdf
Room of Doom	en	https://archive.org/download/Atari2600Manuals_201812/Room of Doom (USA).pdf
Rubik's Cube	en	https://archive.org/download/Atari2600Manuals_201812/Atari Video Cube (USA).pdf
Rubik's Cube 3-D	en	https://archive.org/download/Atari2600Manuals_201812/Rubik's Cube 3-D (USA) (Proto).pdf
Rush Hour	en	https://archive.org/download/Atari2600Manuals_201812/Rush Hour (USA) (Proto).pdf
S.A.C. Alert	en	http://www.ataricompendium.com/archives/manuals/vcs/sac_alert.pdf
Saboteur	en	https://archive.org/download/Atari2600Manuals_201812/Saboteur (USA) (Proto).pdf
Save our Ship	en	http://www.ataricompendium.com/archives/manuals/vcs/save_our_ship.pdf
Save the Whales	en	https://archive.org/download/Atari2600Manuals_201812/Save the Whales (USA) (Proto).pdf
Sea Battle	en	https://archive.org/download/Atari2600Manuals_201812/Sea Battle (USA) (Proto).pdf
Sea Hawk	en	https://archive.org/download/Atari2600Manuals_201812/Seahawk (Europe).pdf
Sea Hunt ~ Scuba Diver	en	https://www.digitpress.com/library/manuals/atari2600/sea_hunt.pdf
Sea Monster	en-gb,de	https://archive.org/download/Atari2600Manuals_201812/Sea Monster (Europe).pdf
Seaquest	en	https://archive.org/download/Atari2600Manuals_201812/Seaquest (USA).pdf
Secret Agent	en	https://archive.org/download/Atari2600Manuals_201812/Secret Agent (USA) (Proto).pdf
Secret Quest	en	https://www.digitpress.com/library/manuals/atari2600/secret_quest.pdf
Sentinel	en	https://www.digitpress.com/library/manuals/atari2600/sentinel.pdf
Shootin' Gallery	en	https://archive.org/download/Atari2600Manuals_201812/Shootin' Gallery (USA).pdf
Shuttle Orbiter	en	https://archive.org/download/Atari2600Manuals_201812/Shuttle Orbiter (USA).pdf
Sir Lancelot	en	https://archive.org/download/Atari2600Manuals_201812/Sir Lancelot (USA).pdf
Skate Boardin'	en	https://archive.org/download/Atari2600Manuals_201812/Skate Boardin' (USA).pdf
Skeet Shoot	en	https://archive.org/download/Atari2600Manuals_201812/Skeet Shoot (USA).pdf
Skiing	en	https://www.digitpress.com/library/manuals/atari2600/skiing.pdf
Sky Alien ~ Assault	en	https://archive.org/download/Atari2600Manuals_201812/Assault (USA).pdf
Sky Diver ~ Dare Diver	en	https://archive.org/download/Atari2600Manuals_201812/Sky Diver (USA).pdf
Sky Jinks	en	https://www.digitpress.com/library/manuals/atari2600/sky_jinks.pdf
Sky Skipper	en	https://archive.org/download/Atari2600Manuals_201812/Sky Skipper (USA).pdf
Slot Machine ~ Slots	en	https://www.digitpress.com/library/manuals/atari2600/slot_machine.pdf
Slot Racers ~ Maze	en	https://archive.org/download/Atari2600Manuals_201812/Slot Racers (USA).pdf
Smurf - Rescue in Gargamel's Castle	en	https://archive.org/download/Atari2600Manuals_201812/Smurf - Rescue in Gargamel's Castle (USA).pdf
Smurfs Save the Day	en	https://archive.org/download/Atari2600Manuals_201812/Smurfs Save the Day (USA).pdf
Sneak 'n Peek	en	https://archive.org/download/Atari2600Manuals_201812/Sneak 'n Peek (USA).pdf
Snoopy and the Red Baron	en	https://archive.org/download/Atari2600Manuals_201812/Snoopy and the Red Baron (USA).pdf
Snow White and the Seven Dwarfs	en	https://archive.org/download/Atari2600Manuals_201812/Snow White and the Seven Dwarfs (USA) (Proto).pdf
Solar Fox	en	https://archive.org/download/Atari2600Manuals_201812/Solar Fox (USA).pdf
Solar Storm	en	https://archive.org/download/Atari2600Manuals_201812/Solar Storm (USA).pdf
Solaris	en	https://www.digitpress.com/library/manuals/atari2600/solaris.pdf
Sorcerer	en	https://archive.org/download/Atari2600Manuals_201812/Sorcerer (USA).pdf
Sorcerer's Apprentice	en	https://archive.org/download/Atari2600Manuals_201812/Sorcerer's Apprentice (USA).pdf
Space Attack	en	https://www.digitpress.com/library/manuals/atari2600/space_attack.pdf
Space Cavern	en	https://archive.org/download/Atari2600Manuals_201812/Space Cavern (USA).pdf
Space Invaders	en	https://www.digitpress.com/library/manuals/atari2600/space_invaders.pdf
Space Jockey	en	https://archive.org/download/Atari2600Manuals_201812/Space Jockey (USA).pdf
Space Shuttle - A Journey into Space	en	https://www.digitpress.com/library/manuals/atari2600/space_shuttle.pdf
Space Tunnel	en	https://archive.org/download/Atari2600Manuals_201812/Space Tunnel (Europe).pdf
Space War ~ Space Combat	en	https://archive.org/download/Atari2600Manuals_201812/Space War (USA).pdf
Spacechase	en	https://www.digitpress.com/library/manuals/atari2600/spacechase.pdf
SpaceMaster X-7	en	https://archive.org/download/Atari2600Manuals_201812/SpaceMaster X-7 (USA).pdf
Spider Fighter	en	https://www.digitpress.com/library/manuals/atari2600/spider_fighter.pdf
Spider-Man	en	https://www.digitpress.com/library/manuals/atari2600/spider_man.pdf
Spike's Peak	en	https://archive.org/download/Atari2600Manuals_201812/Spike's Peak (USA).pdf
Spinning Fireball	en	http://www.ataricompendium.com/archives/manuals/vcs/spinning_fireball.txt
Spitfire Attack	en	https://archive.org/download/Atari2600Manuals_201812/Spitfire Attack (USA).pdf
Springer	en	https://archive.org/download/Atari2600Manuals_201812/Springer (USA).pdf
Sprint Master	en	https://www.digitpress.com/library/manuals/atari2600/sprint_master.pdf
Spy Hunter	en	https://archive.org/download/Atari2600Manuals_201812/Spy Hunter (USA).pdf
Squeeze Box	en	https://archive.org/download/Atari2600Manuals_201812/Squeeze Box (USA).pdf
Squirrel ~ O Esquilo	en-gb,de	https://archive.org/download/Atari2600Manuals_201812/Snail Against Squirrel (Europe).pdf
Sssnake	en	https://archive.org/download/Atari2600Manuals_201812/Sssnake (USA).pdf
Stampede	en	https://archive.org/download/Atari2600Manuals_201812/Stampede (USA).pdf
Star Fox	en	https://archive.org/download/Atari2600Manuals_201812/Star Fox (USA).pdf
Star Raiders	en	https://www.digitpress.com/library/manuals/atari2600/star_raiders.pdf
Star Ship ~ Outer Space	en	https://archive.org/download/Atari2600Manuals_201812/Star Ship (USA).pdf
Star Strike	en	https://archive.org/download/Atari2600Manuals_201812/Star Strike (USA).pdf
Star Trek - Strategic Operations Simulator	en	https://archive.org/download/Atari2600Manuals_201812/Star Trek - Strategic Operations Simulator (USA).pdf
Star Voyager	en	https://www.digitpress.com/library/manuals/atari2600/star_voyager.pdf
Star Wars - Jedi Arena	en	https://archive.org/download/Atari2600Manuals_201812/Star Wars - Jedi Arena (USA).pdf
Star Wars - Return of the Jedi - Death Star Battle	en	https://archive.org/download/Atari2600Manuals_201812/Star Wars - Return of the Jedi - Death Star Battle (USA).pdf
Star Wars - Return of the Jedi - Ewok Adventure	en	https://archive.org/download/Atari2600Manuals_201812/Star Wars - Return of the Jedi - Ewok Adventure (USA) (Proto).pdf
Star Wars - The Arcade Game	en	https://archive.org/download/Atari2600Manuals_201812/Star Wars - The Arcade Game (USA).pdf
Star Wars - The Empire Strikes Back	en	https://archive.org/download/Atari2600Manuals_201812/Star Wars - The Empire Strikes Back (USA).pdf
Stargate	en	https://www.digitpress.com/library/manuals/atari2600/stargate.pdf
Stargunner	en	https://www.digitpress.com/library/manuals/atari2600/stargunner.pdf
StarMaster	en	https://www.digitpress.com/library/manuals/atari2600/starmaster.pdf
Steeplechase	en	hhttps://www.digitpress.com/library/manuals/atari2600/steeplechase.pdf
Stellar Track	en	https://archive.org/download/Atari2600Manuals_201812/Stellar Track (USA).pdf
Stone Age	en	https://archive.org/download/Atari2600Manuals_201812/Stone Age (Brazil).pdf
Strategy X	en	https://archive.org/download/Atari2600Manuals_201812/Strategy X (USA).pdf
Strawberry Shortcake - Musical Match-Ups	en	https://archive.org/download/Atari2600Manuals_201812/Strawberry Shortcake - Musical Match-Ups (USA).pdf
Street Racer ~ Speedway II	en	https://archive.org/download/Atari2600Manuals_201812/Street Racer (USA).pdf
Stronghold	en	https://archive.org/download/Atari2600Manuals_201812/Stronghold (USA).pdf
Stunt Cycle	en	https://www.digitpress.com/library/manuals/atari2600/stunt_cycle.txt
Stunt Man	en-gb,de	https://archive.org/download/Atari2600Manuals_201812/Nightmare (Europe).pdf
Sub-Scan	en	https://archive.org/download/Atari2600Manuals_201812/Sub-Scan (USA).pdf
Submarine Commander	en	https://archive.org/download/Atari2600Manuals_201812/Submarine Commander (USA).pdf
Subterranea	en	https://archive.org/download/Atari2600Manuals_201812/Subterranea (USA).pdf
Suicide Mission	en	https://archive.org/download/Atari2600Manuals_201812/Suicide Mission (USA).pdf
Summer Games	en	https://archive.org/download/Atari2600Manuals_201812/Summer Games (USA).pdf
Super Baseball	en	https://www.digitpress.com/library/manuals/atari2600/super_baseball.pdf
Super Breakout	en	https://www.digitpress.com/library/manuals/atari2600/super_breakout.pdf
Super Challenge Baseball	en	https://archive.org/download/Atari2600Manuals_201812/Super Challenge Baseball (USA).pdf
Super Challenge Football	en	https://archive.org/download/Atari2600Manuals_201812/Super Challenge Football (USA).pdf
Super Cobra	en	https://archive.org/download/Atari2600Manuals_201812/Super Cobra (USA).pdf
Super Football	en	https://www.digitpress.com/library/manuals/atari2600/super_football.pdf
Superman	en	https://archive.org/download/Atari2600Manuals_201812/Superman (USA).pdf
Surfer's Paradise - But Danger Below!	en	https://archive.org/download/Atari2600Manuals_201812/Surfer's Paradise - But Danger Below! (Europe).pdf
Surround ~ Chase	en	https://archive.org/download/Atari2600Manuals_201812/Surround (USA).pdf
Survival Island	en	https://archive.org/download/Atari2600Manuals_201812/Survival Island (USA).pdf
Survival Run	en	https://archive.org/download/Atari2600Manuals_201812/Survival Run (USA).pdf
Sword of Saros	en	https://archive.org/download/Atari2600Manuals_201812/Sword of Saros (USA).pdf
Swordfight	en	https://archive.org/download/Atari2600Manuals_201812/Swordfight (USA).pdf
SwordQuest - EarthWorld	en	https://archive.org/download/Atari2600Manuals_201812/SwordQuest - EarthWorld (USA).pdf
SwordQuest - FireWorld	en	https://archive.org/download/Atari2600Manuals_201812/SwordQuest - FireWorld (USA).pdf
SwordQuest - WaterWorld	en	https://archive.org/download/Atari2600Manuals_201812/SwordQuest - WaterWorld (USA).pdf
Tac-Scan	en	https://archive.org/download/Atari2600Manuals_201812/Tac-Scan (USA).pdf
Tanks But no Tanks	en	https://archive.org/download/Atari2600Manuals_201812/Phantom Tank (Europe).pdf
Tapeworm	en	https://www.digitpress.com/library/manuals/atari2600/tape_worm.pdf
Tapper	en	https://archive.org/download/Atari2600Manuals_201812/Tapper (USA).pdf
Tax Avoiders	en	https://archive.org/download/Atari2600Manuals_201812/Tax Avoiders (USA).pdf
Taz	en	https://www.digitpress.com/library/manuals/atari2600/taz.pdf
Tennis	en	https://www.digitpress.com/library/manuals/atari2600/tennis.pdf
Texas Chainsaw Massacre, The	en	https://archive.org/download/Atari2600Manuals_201812/Texas Chainsaw Massacre, The (USA).pdf
Threshold	en	https://archive.org/download/Atari2600Manuals_201812/Threshold (USA).pdf
Thunderground	en	https://www.digitpress.com/library/manuals/atari2600/thunderground.pdf
Thwocker	en	http://www.ataricompendium.com/archives/manuals/vcs/thwocker.pdf
Time Pilot	en	https://archive.org/download/Atari2600Manuals_201812/Time Pilot (USA).pdf
Time Warp	en-gb,fr	https://archive.org/download/Atari2600Manuals_201812/Time Warp (Europe).pdf
Title Match Pro Wrestling	en	https://archive.org/download/Atari2600Manuals_201812/Title Match Pro Wrestling (USA).pdf
Tomarc the Barbarian	en	https://archive.org/download/Atari2600Manuals_201812/Tomarc the Barbarian (USA).pdf
Tomcat - The F-14 Fighter Simulator	en	https://archive.org/download/Atari2600Manuals_201812/Tomcat - The F-14 Fighter Simulator (USA).pdf
Tooth Protectors	en	https://archive.org/download/Atari2600Manuals_201812/Tooth Protectors (USA).pdf
Towering Inferno	en	https://archive.org/download/Atari2600Manuals_201812/Towering Inferno (USA).pdf
Track and Field	en	https://archive.org/download/Atari2600Manuals_201812/Track & Field (USA).pdf
Treasure Below	en	https://archive.org/download/Atari2600Manuals_201812/Treasure Below (Europe).pdf
Treasure Island ~ Duck Shoot	en	https://www.digitpress.com/library/manuals/atari2600/treasure_island.txt
Trick Shot	en	https://archive.org/download/Atari2600Manuals_201812/Trick Shot (USA).pdf
TRON - Deadly Discs	en	https://www.digitpress.com/library/manuals/atari2600/tron_deadly_discs.pdf
Tunnel Runner	en	https://archive.org/download/Atari2600Manuals_201812/Tunnel Runner (USA).pdf
Turbo	en	http://www.ataricompendium.com/archives/manuals/vcs/turbo.pdf
Turmoil	en	https://archive.org/download/Atari2600Manuals_201812/Turmoil (USA).pdf
Tutankham	en	https://www.digitpress.com/library/manuals/atari2600/tutankham.pdf
Universal Chaos	en	https://archive.org/download/Atari2600Manuals_201812/Universal Chaos (USA).pdf
Up 'n Down	en	https://archive.org/download/Atari2600Manuals_201812/Up 'n Down (USA).pdf
Vanguard	en	https://archive.org/download/Atari2600Manuals_201812/Vanguard (USA).pdf
Vault Assault	en	https://archive.org/download/Atari2600Manuals_201812/Vault Assault (USA) (Unl).pdf
Venetian Blinds Demo	en	https://www.digitpress.com/library/manuals/atari2600/venetian_blinds.pdf
Venture	en	https://archive.org/download/Atari2600Manuals_201812/Venture (USA).pdf
Video Checkers ~ Checkers	en	https://archive.org/download/Atari2600Manuals_201812/Video Checkers (USA).pdf
Video Chess	en	https://www.digitpress.com/library/manuals/atari2600/video_chess.pdf
Video Jogger	en	https://www.digitpress.com/library/manuals/atari2600/video_jogger.txt
Video Life	en	https://archive.org/download/Atari2600Manuals_201812/Video Life (USA).pdf
Video Olympics ~ Pong Sports	en	https://archive.org/download/Atari2600Manuals_201812/Video Olympics (USA).pdf
Video Pinball ~ Arcade Pinball	en	https://www.digitpress.com/library/manuals/atari2600/video_pinball.pdf
Video Reflex	en	https://www.digitpress.com/library/manuals/atari2600/video_reflex.txt
Wabbit	en	https://archive.org/download/Atari2600Manuals_201812/Wabbit (USA).pdf
Wall Ball	en	https://archive.org/download/Atari2600Manuals_201812/Wall Ball (USA).pdf
Wall-Defender	en	https://www.digitpress.com/library/manuals/atari2600/wall_break.pdf
Warlords	en	https://archive.org/download/Atari2600Manuals_201812/Warlords (USA).pdf
Warplock	en	https://archive.org/download/Atari2600Manuals_201812/Warplock (USA).pdf
Wing War	en	https://archive.org/download/Atari2600Manuals_201812/Wing War (Europe).pdf
Winter Games	en	https://archive.org/download/Atari2600Manuals_201812/Winter Games (USA).pdf
Wizard of Wor	en	https://archive.org/download/Atari2600Manuals_201812/Wizard of Wor (USA).pdf
Word Zapper	en	https://archive.org/download/Atari2600Manuals_201812/Word Zapper (USA).pdf
Worm War I	en	https://archive.org/download/Atari2600Manuals_201812/Worm War I (USA).pdf
X-Man	en	https://www.digitpress.com/library/manuals/atari2600/xman.pdf
Xenophobe	en	https://archive.org/download/Atari2600Manuals_201812/Xenophobe (USA).pdf
Yars' Revenge	en	https://www.digitpress.com/library/manuals/atari2600/yars_revenge.pdf
Z-Tack	en	https://www.digitpress.com/library/manuals/atari2600/ztack.pdf
Zaxxon	en	https://archive.org/download/Atari2600Manuals_201812/Zaxxon (USA).pdf
