2010 - The Graphic Action Game	https://cvaddict.com/manuals/2010-the-graphic-action-game.pdf
Activision Decathlon, The	https://cvaddict.com/manuals/decathlon-the-activision.pdf
Alcazar - The Forgotten Fortress	https://archive.org/download/Alcazar_The_Forgotten_Fortress_1985_Telegames/Alcazar_The_Forgotten_Fortress_1985_Telegames.pdf
Alphabet Zoo	https://cvaddict.com/manuals/alphabet-zoo.pdf
Amazing Bumpman	https://archive.org/download/Amazing_Bumpman_1984_Telegames/Amazing_Bumpman_1984_Telegames.pdf
Antarctic Adventure	https://archive.org/download/ColecoVisionManuals_201812/Antarctic Adventure (USA, Europe).pdf
Aquattack	https://archive.org/download/Aquattack_1984_Interphase/Aquattack_1984_Interphase.pdf
Artillery Duel	https://archive.org/download/ColecoVisionManuals_201812/Artillery Duel (USA).pdf
BC's Quest for Tires	https://archive.org/download/ColecoVisionManuals_201812/BC's Quest for Tires (USA, Europe).pdf
BC's Quest for Tires II - Grog's Revenge	https://archive.org/download/ColecoVisionManuals_201812/BC's Quest for Tires II - Grog's Revenge (USA, Europe).pdf
Beamrider	https://archive.org/download/ColecoVisionManuals_201812/Beamrider (USA).pdf
Blockade Runner	https://archive.org/download/ColecoVisionManuals_201812/Blockade Runner (USA).pdf
Boulder Dash	https://archive.org/download/ColecoVisionManuals_201812/Boulder Dash (USA).pdf
Brain Strainers	https://archive.org/download/ColecoVisionManuals_201812/Brain Strainers (USA, Europe).pdf
Buck Rogers - Planet of Zoom	https://archive.org/download/ColecoVisionManuals_201812/Buck Rogers - Planet Of Zoom (USA, Europe).pdf
Bump 'n' Jump	https://archive.org/download/ColecoVisionManuals_201812/Bump 'N' Jump (USA, Europe).pdf
BurgerTime	https://archive.org/download/ColecoVisionManuals_201812/Burgertime (USA, Europe).pdf
Cabbage Patch Kids - Adventures in the Park	https://archive.org/download/ColecoVisionManuals_201812/Cabbage Patch Kids - Adventures in the Park (USA, Europe).pdf
Cabbage Patch Kids - Picture Show	https://cvaddict.com/manuals/cabbage-patch-kids-picture-show.pdf
Campaign '84	https://archive.org/download/ColecoVisionManuals_201812/Campaign '84 (USA).pdf
Carnival	https://archive.org/download/ColecoVisionManuals_201812/Carnival (USA, Europe).pdf
Centipede	https://archive.org/download/ColecoVisionManuals_201812/Centipede (USA).pdf
Choplifter!	https://archive.org/download/ColecoVisionManuals_201812/Choplifter (USA, Europe).pdf
Chuck Norris - Superkicks	https://archive.org/download/ColecoVisionManuals_201812/Chuck Norris - Super Kicks (USA).pdf
Congo Bongo	https://archive.org/download/ColecoVisionManuals_201812/Congo Bongo (USA, Europe).pdf
Cosmic Avenger	https://archive.org/download/ColecoVisionManuals_201812/Cosmic Avenger (USA, Europe).pdf
Cosmic Crisis	https://archive.org/download/Cosmic_Crisis_1983_Telegames/Cosmic_Crisis_1983_Telegames.pdf
Dam Busters, The	https://archive.org/download/ColecoVisionManuals_201812/Dam Busters, The (USA, Europe).pdf
Dance Fantasy	https://archive.org/download/ColecoVisionManuals_201812/Dance Fantasy (USA).pdf
Defender	https://archive.org/download/ColecoVisionManuals_201812/Defender (USA).pdf
Destructor	https://archive.org/download/ColecoVisionManuals_201812/Destructor (USA, Europe).pdf
Donkey Kong	https://archive.org/download/ColecoVisionManuals_201812/Donkey Kong (USA, Europe).pdf
Donkey Kong Junior	https://archive.org/download/ColecoVisionManuals_201812/Donkey Kong Jr (USA, Europe).pdf
Dr. Seuss - Fix-Up the Mix-Up Puzzler	https://archive.org/download/ColecoVisionManuals_201812/Dr. Seuss's Fix-Up The Mix-Up Puzzler (USA, Europe).pdf
Dragonfire	https://archive.org/download/ColecoVisionManuals_201812/DragonFire (USA).pdf
Dukes of Hazzard, The	https://archive.org/download/Dukes_of_Hazzard_The_1984_Coleco/Dukes_of_Hazzard_The_1984_Coleco.pdf
Evolution	https://archive.org/download/Evolution_1983_Coleco_a/Evolution_1983_Coleco_a.pdf
Facemaker	https://archive.org/download/ColecoVisionManuals_201812/Facemaker (USA).pdf
Fathom	https://archive.org/download/Fathom_1983_Coleco/Fathom_1983_Coleco.pdf
Flipper Slipper	https://archive.org/download/Flipper_Slipper_1983_Spectravideo/Flipper_Slipper_1983_Spectravideo.pdf
Fortune Builder	https://archive.org/download/ColecoVisionManuals_201812/Fortune Builder (USA, Europe).pdf
Fraction Fever	https://archive.org/download/ColecoVisionManuals_201812/Fraction Fever (USA).pdf
Frantic Freddy	https://archive.org/download/ColecoVisionManuals_201812/Frantic Freddy (USA).pdf
Frenzy	https://archive.org/download/ColecoVisionManuals_201812/Frenzy! (USA, Europe).pdf
Frogger	https://archive.org/download/ColecoVisionManuals_201812/Frogger (USA).pdf
Frogger II - ThreeeDeep!	https://archive.org/download/ColecoVisionManuals_201812/Frogger II - ThreeDeep! (USA).pdf
Front Line	https://archive.org/download/ColecoVisionManuals_201812/Frontline (USA, Europe).pdf
Galaxian	https://archive.org/download/ColecoVisionManuals_201812/Galaxian (USA).pdf
Gateway to Apshai	https://archive.org/download/ColecoVisionManuals_201812/Gateway to Apshai (USA).pdf
Gorf	https://archive.org/download/ColecoVisionManuals_201812/Gorf (USA, Europe).pdf
Gust Buster	https://archive.org/download/ColecoVisionManuals_201812/Gust Buster (USA).pdf
Gyruss	https://cvaddict.com/manuals/gyruss.pdf
H.E.R.O. - Helicopter Emergency Rescue Operation	https://archive.org/download/ColecoVisionManuals_201812/H.E.R.O (USA).pdf
Heist, The	https://archive.org/download/ColecoVisionManuals_201812/Heist, The (USA).pdf
Illusions	https://archive.org/download/ColecoVisionManuals_201812/Illusions (USA, Europe).pdf
It's Only Rock 'N' Roll	https://archive.org/download/ColecoVisionManuals_201812/Its Only Rock 'N' Roll (USA).pdf
James Bond 007	https://archive.org/download/ColecoVisionManuals_201812/James Bond (USA).pdf
Jukebox	https://archive.org/download/Juke_Box_1984_Spinnaker_Software/Juke_Box_1984_Spinnaker_Software.pdf
Jumpman Junior	https://archive.org/download/ColecoVisionManuals_201812/Jumpman Junior (USA).pdf
Jungle Hunt	https://archive.org/download/ColecoVisionManuals_201812/Jungle Hunt (USA).pdf
Ken Uston Blackjack-Poker	https://archive.org/download/ColecoVisionManuals_201812/Ken Uston's Blackjack-Poker (USA, Europe).pdf
Keystone Kapers	https://cvaddict.com/manuals/keystone-kapers.pdf
Lady Bug	https://archive.org/download/ColecoVisionManuals_201812/Lady Bug (USA, Europe).pdf
Learning with Leeper	https://cvaddict.com/manuals/learning-with-leeper.pdf
Linking Logic	https://archive.org/download/ColecoVisionManuals_201812/Linking Logic (USA).pdf
Logic Levels	https://archive.org/download/ColecoVisionManuals_201812/Logic Levels (USA).pdf
Looping	https://archive.org/download/ColecoVisionManuals_201812/Looping (USA, Europe).pdf
Lord of the Dungeon	http://www.digitpress.com/library/manuals/colecovision/lotd.txt
Memory Manor	https://archive.org/download/ColecoVisionManuals_201812/Memory Manor (USA).pdf
Miner 2049er Starring Bounty Bob	https://archive.org/download/ColecoVisionManuals_201812/Miner 2049er (USA).pdf
Monkey Academy	https://archive.org/download/ColecoVisionManuals_201812/Monkey Academy (USA, Europe).pdf
Montezuma's Revenge	https://archive.org/download/ColecoVisionManuals_201812/Montezuma's Revenge (USA).pdf
Moonsweeper	https://archive.org/download/Moonsweeper_1983_Imagic/Moonsweeper_1983_Imagic.pdf
Motocross Racer	https://archive.org/download/Motorcross_Racer_1983_Xonox/Motorcross_Racer_1983_Xonox.pdf
Mountain King	https://archive.org/download/ColecoVisionManuals_201812/Mountain King (USA).pdf
Mouse Trap	https://archive.org/download/ColecoVisionManuals_201812/Mousetrap (USA, Europe).pdf
Mr. Do!	https://archive.org/download/ColecoVisionManuals_201812/Mr. Do! (USA, Europe).pdf
Mr. Do!'s Castle	https://archive.org/download/ColecoVisionManuals_201812/Mr Do!'s Castle (USA).pdf
Nova Blast	https://archive.org/download/ColecoVisionManuals_201812/Nova Blast (USA).pdf
Oil's Well	https://archive.org/download/ColecoVisionManuals_201812/Oil's Well (USA).pdf
Omega Race	https://archive.org/download/ColecoVisionManuals_201812/Omega Race (USA, Europe).pdf
Pepper II	https://archive.org/download/ColecoVisionManuals_201812/Pepper II (USA, Europe).pdf
Pitfall II - Lost Caverns	https://archive.org/download/ColecoVisionManuals_201812/Pitfall II - Lost Caverns (USA).pdf
Pitfall!	https://archive.org/download/ColecoVisionManuals_201812/Pitfall! (USA).pdf
Pitstop	https://archive.org/download/ColecoVisionManuals_201812/Pitstop (USA).pdf
Popeye	https://archive.org/download/ColecoVisionManuals_201812/Popeye (USA).pdf
Q-bert	https://archive.org/download/ColecoVisionManuals_201812/Q-bert (USA).pdf
Q-bert's Qubes	https://archive.org/download/Q-Berts_Qubes_1984_Parker_Brothers/Q-Berts_Qubes_1984_Parker_Brothers.pdf
Quest for Quintana Roo	https://archive.org/download/Quest_for_Quintana_Roo_1983_Sunrise_Software/Quest_for_Quintana_Roo_1983_Sunrise_Software.pdf
River Raid	https://archive.org/download/ColecoVisionManuals_201812/River Raid (USA).pdf
Robin Hood	https://cvaddict.com/manuals/robin-hood.pdf
Roc 'N Rope	https://archive.org/download/ColecoVisionManuals_201812/Roc 'N Rope (USA, Europe).pdf
Rock n' Bolt	https://archive.org/download/Rock_n_Bolt_1984_Telegames/Rock_n_Bolt_1984_Telegames.pdf
Rocky - Super Action Boxing	https://archive.org/download/ColecoVisionManuals_201812/Rocky Super-Action Boxing (USA, Europe).pdf
Rolloverture	https://archive.org/download/ColecoVisionManuals_201812/Rolloverture (USA).pdf
Root Beer Tapper	https://archive.org/download/ColecoVisionManuals_201812/Tapper (USA, Europe).pdf
Sammy Lightfoot	https://archive.org/download/Sammy_Lightfoot_1983_Sierra_On-Line/Sammy_Lightfoot_1983_Sierra_On-Line.pdf
Sector Alpha	https://archive.org/download/Sector_Alpha_1984_Spectravideo/Sector_Alpha_1984_Spectravideo.pdf
Sewer Sam	https://archive.org/download/Sewer_Sam_1984_Interphase/Sewer_Sam_1984_Interphase.pdf
Sir Lancelot	https://archive.org/download/Sir_Lancelot_1983_Xonox/Sir_Lancelot_1983_Xonox.pdf
Skiing	https://archive.org/download/Skiing_1986_Telegames/Skiing_1986_Telegames.pdf
Slither	https://archive.org/download/ColecoVisionManuals_201812/Slither (USA).pdf
Slurpy	https://archive.org/download/Slurpy_1984_Xonox/Slurpy_1984_Xonox.pdf
Smurf - Paint 'n' Play WORKSHOP	https://archive.org/download/ColecoVisionManuals_201812/Smurf Paint 'n Play Workshop (USA, Europe).pdf
Smurf - Rescue in Gargamel's Castle	https://archive.org/download/ColecoVisionManuals_201812/Smurf Rescue (USA, Europe).pdf
Space Fury	https://archive.org/download/ColecoVisionManuals_201812/Space Fury (USA, Europe).pdf
Space Panic	https://archive.org/download/ColecoVisionManuals_201812/Space Panic (USA, Europe).pdf
Spectron	https://archive.org/download/ColecoVisionManuals_201812/Spectron (USA).pdf
Spy Hunter	https://archive.org/download/ColecoVisionManuals_201812/Spy Hunter (USA, Europe).pdf
Squish'em Featuring Sam	https://archive.org/download/ColecoVisionManuals_201812/Squish 'Em Sam! (USA).pdf
Star Trek - Strategic Operations Simulator	https://archive.org/download/ColecoVisionManuals_201812/Star Trek (USA, Europe).pdf
Star Wars - The Arcade Game	https://archive.org/download/ColecoVisionManuals_201812/Star Wars (USA).pdf
Strike It!	https://cvaddict.com/manuals/strike-it.pdf
Subroc	https://archive.org/download/ColecoVisionManuals_201812/Subroc (USA, Europe).pdf
Super Action Baseball	https://archive.org/download/ColecoVisionManuals_201812/Super Action Baseball (USA, Europe).pdf
Super Action Football	https://archive.org/download/ColecoVisionManuals_201812/Super Action Football (USA, Europe).pdf
Super Cobra	https://archive.org/download/ColecoVisionManuals_201812/Super Cobra (USA).pdf
Super Cross Force	https://archive.org/download/ColecoVisionManuals_201812/Super Cross Force (USA).pdf
Super Sketch - Sketch Master	https://cvaddict.com/manuals/super-sketch-sketch-master.pdf
Tank Wars	https://archive.org/download/ColecoVisionManuals_201812/Tank Wars (USA).pdf
Tarzan	https://archive.org/download/ColecoVisionManuals_201812/Tarzan (USA).pdf
Telly Turtle	https://archive.org/download/ColecoVisionManuals_201812/Telly Turtle (USA, Europe).pdf
Threshold	https://archive.org/download/ColecoVisionManuals_201812/Threshold (USA).pdf
Time Pilot	https://archive.org/download/ColecoVisionManuals_201812/Time Pilot (USA, Europe).pdf
TOMARC the Barbarian	https://archive.org/download/Tomarc_the_Barbarian_1984_Xonox/Tomarc_the_Barbarian_1984_Xonox.pdf
Tournament Tennis	https://archive.org/download/ColecoVisionManuals_201812/Tournament Tennis (USA).pdf
Turbo	https://archive.org/download/ColecoVisionManuals_201812/Turbo (USA, Europe).pdf
Tutankham	https://archive.org/download/ColecoVisionManuals_201812/Tutankham (USA).pdf
Up 'n Down	https://archive.org/download/Up_n_Down_1984_Sega/Up_n_Down_1984_Sega.pdf
Venture	https://archive.org/download/Venture_1982_Coleco/Venture_1982_Coleco.pdf
Victory	https://archive.org/download/ColecoVisionManuals_201812/Victory (USA, Europe).pdf
War Room	https://archive.org/download/ColecoVisionManuals_201812/War Room (USA).pdf
WarGames	https://archive.org/download/ColecoVisionManuals_201812/War Games (USA, Europe).pdf
Wing War	https://archive.org/download/Wing_War_1983_Coleco/Wing_War_1983_Coleco.pdf
Wizard of Id's - WizMath	https://archive.org/download/Wizard_of_Ids_Wizmath_1984_Sierra_On-Line/Wizard_of_Ids_Wizmath_1984_Sierra_On-Line.pdf
Word Feud	https://archive.org/download/ColecoVisionManuals_201812/Word Feud (USA).pdf
Zaxxon	https://archive.org/download/ColecoVisionManuals_201812/Zaxxon (USA, Europe).pdf
Zenji	https://archive.org/download/ColecoVisionManuals_201812/Zenji (USA).pdf
