20th Century Video Almanac	https://archive.org/download/Panasonic3DOManuals/20th Century Video Almanac (USA).pdf
3D Atlas	https://archive.org/download/Panasonic3DOManuals/3D Atlas (USA).pdf
3DO Game Guru	https://archive.org/download/Panasonic3DOManuals/Game Guru (USA).pdf
3DO Interactive Sampler CD 2, The	https://archive.org/download/Panasonic3DOManuals/3DO Interactive Sampler #2, The (USA).pdf
3DO Interactive Sampler CD 3, The	https://archive.org/download/Panasonic3DOManuals/3DO Interactive Sampler #3, The (USA).pdf
3DO Interactive Sampler CD 4, The	https://archive.org/download/Panasonic3DOManuals/3DO Interactive Sampler #4, The (USA).pdf
Alone in the Dark	https://archive.org/download/Panasonic3DOManuals/Alone in the Dark (USA).pdf
Alone in the Dark 2	https://archive.org/download/Panasonic3DOManuals/Alone in the Dark 2 (USA).pdf
Ballz - The Director's Cut	https://archive.org/download/Panasonic3DOManuals/Ballz - The Director's Cut (USA).pdf
Battle Chess	https://archive.org/download/Panasonic3DOManuals/Battle Chess (USA).pdf
BattleSport	https://archive.org/download/Panasonic3DOManuals/BattleSport (USA).pdf
BC Racers	https://archive.org/download/Panasonic3DOManuals/BC Racers (USA, Europe).pdf
Blade Force	https://archive.org/download/Panasonic3DOManuals/Blade Force (USA).pdf
Blood Angels	https://archive.org/download/Panasonic3DOManuals/Space Hulk - Vengeance of the Blood Angels (USA).pdf
BrainDead 13	https://archive.org/download/Panasonic3DOManuals/Brain Dead 13 Starring Fritz (USA) (Disc 1).pdf
Cannon Fodder	https://archive.org/download/Panasonic3DOManuals/Cannon Fodder (USA).pdf
Captain Quazar	https://archive.org/download/Panasonic3DOManuals/Captain Quazar (USA).pdf
Carrier - Fortress at Sea	https://archive.org/download/Panasonic3DOManuals/Carrier - Fortress at Sea (USA).pdf
Casper	https://archive.org/download/Panasonic3DOManuals/Casper (USA).pdf
Club 3DO - Station Invasion	https://archive.org/download/Panasonic3DOManuals/Club 3DO - Station Invasion (USA).pdf
Corpse Killer	https://archive.org/download/Panasonic3DOManuals/Corpse Killer (USA).pdf
Crash 'n Burn	https://archive.org/download/Panasonic3DOManuals/Crash 'n Burn (USA).pdf
Creature Shock	https://archive.org/download/Panasonic3DOManuals/Creature Shock (USA) (Disc 1).pdf
Crime Patrol	https://archive.org/download/Panasonic3DOManuals/Crime Patrol (USA).pdf
Crystal Dynamics Best Selection ~ Sample This!	https://archive.org/download/Panasonic3DOManuals/Sample This - Sampler (USA).pdf
Cyberia	https://archive.org/download/Panasonic3DOManuals/Cyberia (USA).pdf
D	https://archive.org/download/Panasonic3DOManuals/D (USA, Europe) (Disc 1).pdf
Daedalus Encounter, The	https://archive.org/download/Panasonic3DOManuals/Daedalus Encounter, The (USA) (Disc 1).pdf
DeathKeep	https://archive.org/download/Panasonic3DOManuals/DeathKeep (USA).pdf
Demolition Man	https://archive.org/download/Panasonic3DOManuals/Demolition Man (USA).pdf
Digital Dreamware	https://archive.org/download/Panasonic3DOManuals/Digital Dreamware (USA).pdf
DinoPark Tycoon	https://archive.org/download/Panasonic3DOManuals/DinoPark Tycoon (USA).pdf
Doom	https://archive.org/download/Panasonic3DOManuals/Doom (USA).pdf
Dragon Lore - The Legend Begins	https://archive.org/download/Panasonic3DOManuals/Dragon Lore - The Legend Begins (USA, Europe) (Disc 1).pdf
Dragon's Lair	https://archive.org/download/Panasonic3DOManuals/Dragon's Lair (USA).pdf
Drug Wars	https://archive.org/download/Panasonic3DOManuals/Drug Wars (USA).pdf
Escape from Monster Manor	https://archive.org/download/Panasonic3DOManuals/Escape from Monster Manor - A Terrifying Hunt for the Undead (USA).pdf
ESPN Baseball - Hitting	https://archive.org/download/Panasonic3DOManuals/ESPN - Baseball Interactive Hitting (USA).pdf
ESPN Golf - Lower Your Score with Tom Kite - Shot Making	https://archive.org/download/Panasonic3DOManuals/ESPN - Golf  Lower Your Score with Tom Kite (USA).pdf
Family Feud	https://archive.org/download/Panasonic3DOManuals/Family Feud (USA).pdf
Fatty Bear's Birthday Surprise	https://archive.org/download/Panasonic3DOManuals/Fatty Bear's Birthday Surprise (USA).pdf
Fatty Bear's Funpack	https://archive.org/download/Panasonic3DOManuals/Fatty Bear's Funpack (USA).pdf
FIFA International Soccer	https://archive.org/download/Panasonic3DOManuals/FIFA International Soccer (USA).pdf
Flashback	https://archive.org/download/Panasonic3DOManuals/Flashback - The Quest for Identity (USA).pdf
Flying Nightmares	https://archive.org/download/Panasonic3DOManuals/Flying Nightmares (USA).pdf
Foes of Ali	https://archive.org/download/Panasonic3DOManuals/Foes of Ali (USA).pdf
Gex	https://archive.org/download/Panasonic3DOManuals/Gex (USA, Europe).pdf
Gridders	https://archive.org/download/Panasonic3DOManuals/Gridders (USA).pdf
Hell - A Cyberpunk Thriller	https://archive.org/download/Panasonic3DOManuals/Hell - A Cyberpunk Thriller (USA).pdf
Horde, The	https://archive.org/download/Panasonic3DOManuals/Horde, The (USA).pdf
Immercenary - Combat in a Digital World	https://archive.org/download/Panasonic3DOManuals/Immercenary (USA).pdf
Incredible Machine, The - Pararancho	https://archive.org/download/Panasonic3DOManuals/Incredible Machine, The (USA).pdf
Interplay 3DO Buffet, The	https://archive.org/download/Panasonic3DOManuals/Interplay 3DO Buffet, The (USA).pdf
Iron Angel of the Apocalypse - The Return	https://archive.org/download/Panasonic3DOManuals/Iron Angel of the Apocalypse (USA).pdf
Johnny Bazookatone	https://archive.org/download/Panasonic3DOManuals/Johnny Bazookatone (USA).pdf
Jurassic Park Interactive	https://archive.org/download/Panasonic3DOManuals/Jurassic Park Interactive (USA).pdf
Killing Time	https://archive.org/download/Panasonic3DOManuals/Killing Time (USA).pdf
Kingdom - The Far Reaches	https://archive.org/download/Panasonic3DOManuals/Kingdom - The Far Reaches (USA, Europe).pdf
Last Bounty Hunter, The	https://archive.org/download/Panasonic3DOManuals/Last Bounty Hunter, The (USA).pdf
Lemmings	https://archive.org/download/Panasonic3DOManuals/Lemmings (USA).pdf
Let's Go Skiing	https://archive.org/download/Panasonic3DOManuals/ESPN - Let's Go Skiing (USA).pdf
Life Stage, The - Virtual House	https://archive.org/download/Panasonic3DOManuals/Life Stage, The - Virtual House (USA).pdf
Lost Eden	https://archive.org/download/Panasonic3DOManuals/Lost Eden (USA).pdf
Lost Files of Sherlock Holmes, The	https://archive.org/download/Panasonic3DOManuals/Lost Files of Sherlock Holmes, The (USA).pdf
Lucienne's Quest	https://archive.org/download/Panasonic3DOManuals/Lucienne's Quest (USA).pdf
Mad Dog II - the Lost Gold	https://archive.org/download/Panasonic3DOManuals/Mad Dog II - the Lost Gold (USA).pdf
Mad Dog McCree	https://archive.org/download/Panasonic3DOManuals/Mad Dog McCree (USA).pdf
Mathemagics - An Interactive Learning Cube	https://archive.org/download/Panasonic3DOManuals/Mathemagics - An Interactive Learning Cube (USA).pdf
Mazer	https://archive.org/download/Panasonic3DOManuals/Mazer (USA).pdf
MegaRace	https://archive.org/download/Panasonic3DOManuals/MegaRace (USA).pdf
Microcosm	https://archive.org/download/Panasonic3DOManuals/Microcosm (USA).pdf
Myst	https://archive.org/download/Panasonic3DOManuals/Myst (USA).pdf
NeuroDancer - Journey into the Neuronet!	https://archive.org/download/Panasonic3DOManuals/NeuroDancer - Journey Into The Neuronet (USA).pdf
NFL Madden Football	https://archive.org/download/Panasonic3DOManuals/John Madden Football (USA).pdf
Nova-Storm	https://archive.org/download/Panasonic3DOManuals/Novastorm (USA).pdf
Oceans Below	https://archive.org/download/Panasonic3DOManuals/Oceans Below (USA).pdf
Off-world Interceptor	https://archive.org/download/Panasonic3DOManuals/Off-world Interceptor (USA, Europe).pdf
Olympic Soccer	https://archive.org/download/Panasonic3DOManuals/Olympic Soccer (USA).pdf
Olympic Summer Games	https://archive.org/download/Panasonic3DOManuals/Olympic Summer Games (USA).pdf
Out of this World	https://archive.org/download/Panasonic3DOManuals/Out of this World (USA).pdf
Panasonic REAL 3DO Interactive Multiplayer - Sampler CD	https://archive.org/download/Panasonic_REAL_3DO_Interactive_Multiplayer_Sampler_CD_1994_Panasonic_US/Panasonic_REAL_3DO_Interactive_Multiplayer_Sampler_CD_1994_Panasonic_US.pdf
PaTaank	https://archive.org/download/Panasonic3DOManuals/PaTaank (USA, Europe).pdf
Pebble Beach Golf Links	https://archive.org/download/Panasonic3DOManuals/Pebble Beach Golf Links (USA).pdf
Perfect General, The	https://archive.org/download/Panasonic3DOManuals/Perfect General, The (USA).pdf
PGA Tour 96	https://archive.org/download/Panasonic3DOManuals/PGA Tour 96 (USA).pdf
Phoenix 3	https://archive.org/download/Panasonic3DOManuals/Phoenix 3 (USA).pdf
Plumbers Don't Wear Ties	https://archive.org/download/Panasonic3DOManuals/Plumbers Don't Wear Ties (USA).pdf
PO'ed	https://archive.org/download/Panasonic3DOManuals/PO'ed (USA, Europe).pdf
Pretty Soldier SailorMoon S	https://archive.org/download/Panasonic3DOManuals/Bishoujo Senshi Sailor Moon S (Japan).pdf
Primal Rage	https://archive.org/download/Panasonic3DOManuals/Primal Rage (USA, Europe).pdf
Psychic Detective	https://archive.org/download/Panasonic3DOManuals/Psychic Detective (USA) (Disc 1).pdf
Puzzle Bobble	https://archive.org/download/Panasonic3DOManuals/Bust-A-Move (USA).pdf
Quarantine	https://archive.org/download/Panasonic3DOManuals/Quarantine (USA).pdf
Quarterback Attack - The Professional Quarterback Simulator	https://archive.org/download/Panasonic3DOManuals/Quarterback Attack - The Professional Quarterback Simulator (USA).pdf
Real Pinball	https://archive.org/download/Panasonic3DOManuals/Real Pinball (USA).pdf
Return Fire	https://archive.org/download/Panasonic3DOManuals/Return Fire (USA).pdf
Road & Track Presents - The Need for Speed	https://archive.org/download/Panasonic3DOManuals/Need for Speed, The (USA, Europe).pdf
Road Rash	https://archive.org/download/Panasonic3DOManuals/Road Rash (USA).pdf
Samurai Shodown	https://archive.org/download/Panasonic3DOManuals/Samurai Shodown (USA, Europe).pdf
San Diego Zoo Presents...The Animals!, The	https://archive.org/download/Panasonic3DOManuals/San Diego Zoo Presents...The Animals!, The (USA).pdf
Scramble Cobra	https://archive.org/download/Panasonic3DOManuals/Scramble Cobra (USA).pdf
Seal of the Pharaoh	https://archive.org/download/Panasonic3DOManuals/Seal of the Pharaoh (USA).pdf
Sesame Street - Numbers	https://archive.org/download/Panasonic3DOManuals/Sesame Street - Numbers (USA).pdf
Shadow - War of Succession	https://archive.org/download/Panasonic3DOManuals/Shadow - War of Succession (USA).pdf
Shanghai - Triple-Threat	https://archive.org/download/Panasonic3DOManuals/Shanghai - Triple-Threat (USA).pdf
Shockwave - Invasion Earth 2019	https://archive.org/download/Panasonic3DOManuals/Shockwave - Invasion Earth 2019 (USA).pdf
Shockwave 2 - Beyond the Gate	https://archive.org/download/Panasonic3DOManuals/Shockwave 2 - Beyond the Gate (USA) (Disc 1).pdf
Slam 'N Jam '95	https://archive.org/download/Panasonic3DOManuals/Slam 'N Jam '95 (USA).pdf
Slayer	https://archive.org/download/Panasonic3DOManuals/Slayer (USA).pdf
Snow Job Starring Tracy Scoggins	https://archive.org/download/Panasonic3DOManuals/Snow Job Starring Tracy Scoggins (USA) (Disc 1).pdf
Space Ace	https://archive.org/download/Panasonic3DOManuals/Space Ace (USA).pdf
Space Pirates	https://archive.org/download/Panasonic3DOManuals/Space Pirates (USA).pdf
Space Shuttle	https://archive.org/download/Panasonic3DOManuals/Space Shuttle (USA).pdf
Star Control II	https://archive.org/download/Panasonic3DOManuals/Star Control II (USA, Europe).pdf
Star Fighter	https://archive.org/download/Panasonic3DOManuals/Star Fighter (USA, Europe).pdf
Star Wars - Rebel Assault	https://archive.org/download/Panasonic3DOManuals/Star Wars - Rebel Assault (USA, Europe).pdf
StarBlade	https://archive.org/download/Panasonic3DOManuals/StarBlade (USA).pdf
Stellar 7 - Draxon's Revenge	https://archive.org/download/Panasonic3DOManuals/Stellar 7 - Draxon's Revenge (USA).pdf
Step Aerobics	https://archive.org/download/Panasonic3DOManuals/ESPN - Step Aerobics (USA).pdf
Strahl	https://archive.org/download/Panasonic3DOManuals/Strahl (USA).pdf
Super Street Fighter II Turbo	https://archive.org/download/Panasonic3DOManuals/Super Street Fighter II Turbo (USA).pdf
Super Wing Commander	https://archive.org/download/Panasonic3DOManuals/Super Wing Commander (USA).pdf
Supreme Warrior - Ying Heung	https://archive.org/download/Panasonic3DOManuals/Supreme Warrior - Ying Heung (USA) (Disc 1).pdf
Syndicate	https://archive.org/download/Panasonic3DOManuals/Syndicate (USA).pdf
Theme Park	https://archive.org/download/Panasonic3DOManuals/Theme Park (USA).pdf
Toon Time...in the classroom	https://archive.org/download/Panasonic3DOManuals/Toon Time...in the classroom (USA).pdf
Total Eclipse	https://archive.org/download/Panasonic3DOManuals/Total Eclipse (USA).pdf
Twisted - The Game Show	https://archive.org/download/Panasonic3DOManuals/Twisted - The Game Show (USA).pdf
Virtuoso	https://archive.org/download/Panasonic3DOManuals/Virtuoso (USA).pdf
VR Stalker	https://archive.org/download/Panasonic3DOManuals/VR Stalker (USA).pdf
Way of the Warrior	https://archive.org/download/Panasonic3DOManuals/Way of the Warrior (USA).pdf
Who Shot Johnny Rock	https://archive.org/download/Panasonic3DOManuals/Who Shot Johnny Rock (USA).pdf
Wing Commander III - Heart of the Tiger	https://archive.org/download/Panasonic3DOManuals/Wing Commander III - Heart of the Tiger (USA) (Disc 1).pdf
Wolfenstein 3D	https://archive.org/download/Panasonic3DOManuals/Wolfenstein 3D (USA).pdf
Woody Woodpecker & Friends Vol. 1	https://archive.org/download/Panasonic3DOManuals/Woody Woodpecker & Friends Vol. 1 (USA).pdf
World Cup Golf - Hyatt Dorado Beach	https://archive.org/download/Panasonic3DOManuals/World Cup Golf - Hyatt Dorado Beach (USA).pdf
Zhadnost - The Peoples Party	https://archive.org/download/Panasonic3DOManuals/Zhadnost - The Peoples Party (USA, Europe).pdf
