2Tax Gold	ja	https://segaretro.org/images/a/a4/2TaxGold_SS_jp_manual.pdf
3D Baseball	en	https://segaretro.org/images/5/5c/3dbaseball_sat_us_manual.pdf
3D Lemmings	fr	https://segaretro.org/images/5/5d/3D_Lemmings_Sat_EU_Manual.pdf
Airs Adventure	ja	https://segaretro.org/images/b/be/AirsAdventure_Sat_JP_manual.pdf
Akumajou Dracula X - Gekka no Yasoukyoku	ja	https://segaretro.org/images/b/be/Adxgny_sat_jp_manual.PDF
Albert Odyssey - Legend of Eldean	en	https://archive.org/download/SEGASaturnManuals_201812/Albert Odyssey - Legend of Eldean (USA).pdf
Albert Odyssey - Legend of Eldean	ja	https://archive.org/download/albertodysseygaidenmanualscanjpsegasaturn/Albert Odyssey Gaiden (Manual)(Scan)(JP)(Sega Saturn).pdf
Alien Trilogy	en	https://archive.org/download/SEGASaturnManuals_201812/Alien Trilogy (USA).pdf
Alien Trilogy	en-gb,de,es,fr,it	https://archive.org/download/Alien_Trilogy_1996_Acclaim_EU/Alien_Trilogy_1996_Acclaim_EU.pdf
All-Star Baseball '97 Featuring Frank Thomas	en	https://archive.org/download/SEGASaturnManuals_201812/All Star Baseball '97 Featuring Frank Thomas (USA).pdf
Alone in the Dark - One-Eyed Jack's Revenge	en	https://archive.org/download/SEGASaturnManuals_201812/Alone in the Dark - One-Eyed Jack's Revenge (USA).pdf
Amok	en	https://archive.org/download/SEGASaturnManuals_201812/A+M+O+K (USA).pdf
Amok	pt	https://archive.org/download/AMOK_199x_Br/AMOK_199x_Br.cbr
Andretti Racing	en	https://archive.org/download/SEGASaturnManuals_201812/Andretti Racing (USA).pdf
Andretti Racing	pt	https://segaretro.org/images/1/1e/Andretti_Racing_Sat_BR_Manual.pdf
AnEarth Fantasy Stories - The First Volume	ja	https://segaretro.org/images/a/a9/AnEarth_Fantasy_Stories_The_First_Volume_Sat_JP_Manual.pdf
Angelique Duet	ja	https://segaretro.org/images/b/b7/AngeliqueDuet_SS_jp_manual.pdf
Aqua-world - Umi Monogatari	ja	https://archive.org/download/Aqua-World_Umi_Monogatari_1996_J_color/Aqua-World_Umi_Monogatari_1996_J_color.cbr
Aquazone - Desktop Life	ja	https://archive.org/download/Aquazone_Desktop_Life_1996_J_color/Aquazone_Desktop_Life_1996_J_color.cbr
Aquazone - Desktop Life Option Disc Series 2 - Black Molly	ja	https://archive.org/download/Aquazone_Option_Disc_Series_2_Black_Molly_1996_J_color/Aquazone_Option_Disc_Series_2_Black_Molly_1996_J_color.cbr
Arcade Gears Vol. 1 - Pu-Li-Ru-La	ja	https://archive.org/download/Pu-Li-Ru-La_Booklet_1997_J_color/Pu-Li-Ru-La_Booklet_1997_J_color.cbr
Arcade's Greatest Hits	en	https://archive.org/download/SEGASaturnManuals_201812/Arcade's Greatest Hits - Williams (USA).pdf
Arcade's Greatest Hits - The Atari Collection 1	en	https://archive.org/download/SEGASaturnManuals_201812/Arcade's Greatest Hits - The Atari Collection 1 (USA).pdf
Arcana Strikes	ja	https://archive.org/download/ArcanaStrikesManualJPSegaSaturn/Arcana Strikes (Manual)(JP)(Sega Saturn)_text.pdf
Area 51	en	https://archive.org/download/SEGASaturnManuals_201812/Area 51 (USA).pdf
Assault Rigs	ja	https://archive.org/download/Assault_Rigs_1997_J_color/Assault_Rigs_1997_J_color.cbr
Astal	en	https://archive.org/download/SEGASaturnManuals_201812/Astal (USA).pdf
Asuka 120% Limited - Burning Fest. Limited	ja	https://archive.org/download/Asuka120LimitedManualsJPSegaSaturn/Asuka 120 Limited (Manual)(JP)(Sega Saturn).pdf
Atlantis - The Lost Tales	en-gb	https://archive.org/download/SEGASaturnManuals_201812/Atlantis - The Lost Tales (Europe) (Disc 1).pdf
Azel - Panzer Dragoon RPG	ja	https://archive.org/download/Azel_Panzer_Dragoon_RPG_1998_J_color/Azel_Panzer_Dragoon_RPG_1998_J_color.cbr
Baku Baku Animal - World Zookeeper Contest	en	https://archive.org/download/Baku_Baku_1996_U/Baku_Baku_1996_U.cbr
Baku Baku Animal - World Zookeeper Contest	ja	https://archive.org/download/Baku_Baku_Animal_1995_J_color/Baku_Baku_Animal_1995_J_color.cbr
Bakuretsu Hunter	ja	https://archive.org/download/Bakuretsu_Hunter_1996_J_color/Bakuretsu_Hunter_1996_J_color.cbr
Bakuretsu Hunter R	ja	https://archive.org/download/Bakuretsu_Hunter_R_1997_J_color/Bakuretsu_Hunter_R_1997_J_color.cbr
Baroque	ja	https://archive.org/download/baroquemanualscanjpsegasaturn/Baroque (Manual)(Scan)(JP)(Sega Saturn).pdf
Bases Loaded '96 - Double Header	en	https://archive.org/download/SEGASaturnManuals_201812/Bases Loaded '96 - Double Header (USA).pdf
Batman Forever - The Arcade Game	en	https://archive.org/download/SEGASaturnManuals_201812/Batman Forever - The Arcade Game (USA).pdf
Batsugun	ja	https://archive.org/download/Batsugun_1996_J_color/Batsugun_1996_J_color.cbr
Battle Arena Toshinden Remix	en	https://archive.org/download/SEGASaturnManuals_201812/Battle Arena Toshinden Remix (USA).pdf
Battle Arena Toshinden URA - Ultimate Revenge Attack	en	https://archive.org/download/SEGASaturnManuals_201812/Battle Arena Toshinden URA (USA).pdf
Battle Arena Toshinden URA - Ultimate Revenge Attack	ja	https://archive.org/download/Toshinden_Ultimate_Revenge_Attack_1996_J_color/Toshinden_Ultimate_Revenge_Attack_1996_J_color.cbr
Battle Monsters	en	https://archive.org/download/SEGASaturnManuals_201812/Battle Monsters (USA).pdf
Battle Stations	en	https://archive.org/download/SEGASaturnManuals_201812/Battle Stations (USA).pdf
Battle Stations	en-gb	https://archive.org/download/Battle_Stations_1997_E/Battle_Stations_1997_E.cbr
BattleSport	en	https://archive.org/download/SEGASaturnManuals_201812/BattleSport (USA).pdf
Black Dawn	en	https://archive.org/download/SEGASaturnManuals_201812/Black Dawn (USA).pdf
Black Dawn	pt	https://segaretro.org/images/9/90/Black_Dawn_Sat_BR_Manual.pdf
BlackFire	en	https://archive.org/download/SEGASaturnManuals_201812/Black Fire (USA).pdf
Blast Chamber	en	https://archive.org/download/SEGASaturnManuals_201812/Blast Chamber (USA).pdf
Blazing Dragons	en	https://archive.org/download/SEGASaturnManuals_201812/Blazing Dragons (USA).pdf
Blazing Heroes	en	https://archive.org/download/SEGASaturnManuals_201812/Blazing Heroes (USA).pdf
Bomberman Wars	ja	https://archive.org/compress/bombermanwarssaturn/formats=JPEG&file=/bombermanwarssaturn.zip	filter=manual*
Bottom of the 9th	en	https://archive.org/download/SEGASaturnManuals_201812/Bottom of the 9th (USA).pdf
BrainDead 13	en	https://archive.org/download/SEGASaturnManuals_201812/Brain Dead 13 (USA).pdf
Break Point Tennis	en	https://archive.org/download/SEGASaturnManuals_201812/Break Point Tennis (USA).pdf
Bubble Bobble also featuring Rainbow Islands	en	https://archive.org/download/SEGASaturnManuals_201812/Bubble Bobble - Also featuring Rainbow Islands (USA).pdf
Bug Too!	en	https://archive.org/download/SEGASaturnManuals_201812/Bug Too! (USA).pdf
Bug!	en	https://archive.org/download/SEGASaturnManuals_201812/Bug! (USA).pdf
Bug!	ja	https://archive.org/download/Bug_Jump_Shite_Fundzukechatte_Pecchanko_1995_J_color/Bug_Jump_Shite_Fundzukechatte_Pecchanko_1995_J_color.cbr
Burning Rangers	en	https://archive.org/download/SEGASaturnManuals_201812/Burning Rangers (USA).pdf
Burning Rangers	ja	https://archive.org/download/Burning_Rangers_1998_J_color/Burning_Rangers_1998_J_color.cbr
Burning Rangers	pt	https://archive.org/download/Burning_Rangers_199x_Br/Burning_Rangers_199x_Br.cbr
Bust-A-Move 2 - Arcade Edition	en	https://archive.org/download/SEGASaturnManuals_201812/Bust-A-Move 2 - Arcade Edition (USA).pdf
Bust-A-Move 2 - Arcade Edition	en-gb	https://archive.org/download/Bust-A-Move_2_Arcade_Edition_1996_Acclaim_EU/Bust-A-Move_2_Arcade_Edition_1996_Acclaim_EU.pdf
Bust-A-Move 3	en	https://archive.org/download/SEGASaturnManuals_201812/Bust-A-Move 3 (USA).pdf
Can Can Bunny Premiere 2	ja	https://archive.org/download/Can_Can_Bunny_Premiere_2_1996_J_color/Can_Can_Bunny_Premiere_2_1996_J_color.cbr
Capcom Generation - Dai-2-shuu Makai to Kishi	ja	https://archive.org/download/Capcom_Generation_Dai_2_Shuu_Makai_To_Kishi_1998_J_color/Capcom_Generation_Dai_2_Shuu_Makai_To_Kishi_1998_J_color.cbr
Casper	en	https://archive.org/download/SEGASaturnManuals_201812/Casper (USA).pdf
Center Ring Boxing	en	https://archive.org/download/SEGASaturnManuals_201812/Center Ring Boxing (USA).pdf
Chaos Control	en-gb,fr	https://archive.org/download/SEGASaturnManuals_201812/Chaos Control (Europe).pdf
Choro Q Park	ja	https://archive.org/download/Choro_Q_Park_1998_J_color/Choro_Q_Park_1998_J_color.cbr
Chou Jikuu Yousai Macross - Ai Oboete Imasu ka	ja	https://archive.org/download/Choujikuu_Yousai_Macross_Ai_Oboete_Imasu_Ka_1997_J_color/Choujikuu_Yousai_Macross_Ai_Oboete_Imasu_Ka_1997_J_color.cbr
Christmas NiGHTS into Dreams...	ja	https://archive.org/download/Christmas_NiGHTS_Into_Dreams_1996_J_color/Christmas_NiGHTS_Into_Dreams_1996_J_color.cbr
Clockwork Knight - Pepperouchau's Adventure	en	https://archive.org/download/SEGASaturnManuals_201812/Clockwork Knight (USA).pdf
Clockwork Knight - Pepperouchau's Adventure	ja	https://archive.org/download/Clockwork_Knight_Pepperouchau_No_Daibouken_Joukan_1994_J_color/Clockwork_Knight_Pepperouchau_No_Daibouken_Joukan_1994_J_color.cbr
Clockwork Knight 2 - Pepperouchau's Adventure	en	https://archive.org/download/SEGASaturnManuals_201812/Clockwork Knight 2 (USA).pdf
Clockwork Knight 2 - Pepperouchau's Adventure	ja	https://archive.org/download/Clockwork_Knight_Pepperouchau_No_Daibouken_Gekan_1995_J_color/Clockwork_Knight_Pepperouchau_No_Daibouken_Gekan_1995_J_color.cbr
College Slam	en	https://archive.org/download/SEGASaturnManuals_201812/College Slam (USA).pdf
Command & Conquer	en	https://archive.org/download/SEGASaturnManuals_201812/Command & Conquer (USA) (Disc 1).pdf
Command & Conquer	en-gb	https://archive.org/download/Command_Conquer_1996_E/Command__Conquer_1996_E.cbr
Congo - The Movie - The Lost City of Zinj	en	https://archive.org/download/SEGASaturnManuals_201812/Congo - The Movie - The Lost City Of Zinj (USA).pdf
Contra - Legacy of War	en	https://archive.org/download/SEGASaturnManuals_201812/Contra - Legacy of War (USA).pdf
Corpse Killer - Graveyard Edition	en	https://archive.org/download/SEGASaturnManuals_201812/Corpse Killer - Graveyard Edition (USA) (Disc 1).pdf
Courier Crisis - The Saga of the Modern Fatalist	en	https://archive.org/download/SEGASaturnManuals_201812/Courier Crisis (USA).pdf
Creature Shock - Special Edition	en	https://archive.org/download/SEGASaturnManuals_201812/Creature Shock (USA) (Disc 1).pdf
Crimewave	en	https://archive.org/download/SEGASaturnManuals_201812/Crime Wave (USA).pdf
Criticom	en	https://archive.org/download/SEGASaturnManuals_201812/Criticom - The Critical Combat (USA).pdf
Croc - Legend of the Gobbos	en	https://archive.org/download/SEGASaturnManuals_201812/Croc - Legend of the Gobbos (USA).pdf
Crow, The - City of Angels	en	https://archive.org/download/SEGASaturnManuals_201812/Crow, The - City of Angels (USA).pdf
Crusader - No Remorse	en	https://archive.org/download/SEGASaturnManuals_201812/Crusader - No Remorse (USA).pdf
Crypt Killer	en	https://archive.org/download/SEGASaturnManuals_201812/Crypt Killer (USA).pdf
Cube Battler - Story of Shou	ja	https://archive.org/download/Cube_Battler_Story_Of_Shou_1997_J_color/Cube_Battler_Story_Of_Shou_1997_J_color.cbr
Cyber Speedway	en	https://archive.org/download/SEGASaturnManuals_201812/Cyber Speedway (USA).pdf
Cyberia	en	https://archive.org/download/SEGASaturnManuals_201812/Cyberia (USA).pdf
D	en	https://archive.org/download/SEGASaturnManuals_201812/D (USA) (Disc 1).pdf
D	ja	https://archive.org/download/D_No_Shokutaku_1995_J_color/D_No_Shokutaku_1995_J_color.cbr
Darius Gaiden	en	https://archive.org/download/SEGASaturnManuals_201812/Darius Gaiden (USA).pdf
Darius Gaiden	ja	https://archive.org/download/Darius_Gaiden_1995_J_color/Darius_Gaiden_1995_J_color.cbr
Darius II	ja	https://archive.org/download/dariusii/dariusii.pdf
Dark Legend	en	https://archive.org/download/SEGASaturnManuals_201812/Dark Legend (USA).pdf
Dark Savior	en	https://archive.org/download/SEGASaturnManuals_201812/Dark Savior (USA).pdf
Dark Savior	ja	https://archive.org/download/Dark_Savior_1996_J_color/Dark_Savior_1996_J_color.cbr
Dark Seed II	ja	https://archive.org/download/Dark_Seed_II_1997_J_color/Dark_Seed_II_1997_J_color.cbr
Darklight Conflict	en	https://archive.org/download/SEGASaturnManuals_201812/Darklight Conflict (USA).pdf
Darkseed	ja	https://archive.org/download/DarkSeedManualJPSegaSaturn/Dark Seed (Manual)(JP)(Sega Saturn).pdf
Daytona USA	en	https://archive.org/download/SEGASaturnManuals_201812/Daytona USA (USA).pdf
Daytona USA	en-gb,fr	https://archive.org/download/Daytona_USA_1995_E_2L/Daytona_USA_1995_E_2L.cbr
Daytona USA	ja	https://archive.org/download/Daytona_USA_1995_J_color/Daytona_USA_1995_J_color.cbr
Daytona USA - Championship Circuit Edition	en	https://archive.org/download/SEGASaturnManuals_201812/Daytona USA - Championship Circuit Edition (USA).pdf
Daytona USA - Championship Circuit Edition	en-gb,de,es,fr,it,nl	https://archive.org/download/Daytona_USA_Championship_Circuit_Edition_1996_E_6L/Daytona_USA_Championship_Circuit_Edition_1996_E_6L.cbr
Daytona USA - Championship Circuit Edition	pt	https://archive.org/download/Daytona_USA_Championship_Circuit_Edition_199x_Br/Daytona_USA_Championship_Circuit_Edition_199x_Br.cbr
Dead or Alive	ja	https://archive.org/download/Dead_Or_Alive_1997_J_color/Dead_Or_Alive_1997_J_color.cbr
DeathMask	ja	https://archive.org/download/DeathMask_1996_J_color/DeathMask_1996_J_color.cbr
DecAthlete	en	https://archive.org/download/SEGASaturnManuals_201812/Decathlete (USA).pdf
DecAthlete	ja	https://archive.org/download/Decathlete_1996_J_color/Decathlete_1996_J_color.cbr
Deep Fear	en-gb,de,es,fr,it,nl	https://archive.org/download/SEGASaturnManuals_201812/Deep Fear (Europe) (Disc 1).pdf
Deep Fear	ja	https://archive.org/download/Deep_Fear_1998_J_color/Deep_Fear_1998_J_color.cbr
Defcon 5 - Peace Has a Price...	en	https://archive.org/download/SEGASaturnManuals_201812/Defcon 5 (USA).pdf
Densetsu no Ogre Battle	ja	https://archive.org/download/DensetsuNoOgreBattleSegaSaturnJPManuals/Densetsu no Ogre Battle (Manual)(JP)(Sega Saturn).pdf
Destruction Derby	ja	https://archive.org/download/Destruction_Derby_1996_J_color_w_pages_1819/Destruction_Derby_1996_J_color_w_pages_1819.cbr
Detana Twinbee Yahoo! Deluxe Pack	ja	https://archive.org/download/Detana_Twinbee_Yahoo_Deluxe_Pack_1995_J_color/Detana_Twinbee_Yahoo_Deluxe_Pack_1995_J_color.cbr
Devil Summoner - Soul Hackers	ja	https://archive.org/download/Devil_Summoner_Soul_Hackers_1997_J_color/Devil_Summoner_Soul_Hackers_1997_J_color.cbr
Dezaemon 2	ja	https://archive.org/download/Dezaemon2SegaSaturnJPManuals/Dezaemon 2 (Manual)(JP)(Sega Saturn).pdf
Die Hard Arcade	en	https://archive.org/download/SEGASaturnManuals_201812/Die Hard Arcade (USA).pdf
Die Hard Arcade	en-gb,de,fr	https://archive.org/download/Die_Hard_Arcade_1997_E_3L/Die_Hard_Arcade_1997_E_3L.cbr
Die Hard Trilogy	en	https://archive.org/download/SEGASaturnManuals_201812/Die Hard Trilogy (USA).pdf
Digital Ange - Dennou Tenshi SS	ja	https://archive.org/download/DigitalAngeDennouTenshiSSManualScanJPSegaSaturn/Digital Ange Dennou Tenshi SS (Manual)(Scan)(JP)(Sega Saturn).pdf
Digital Pinball - Last Gladiators Ver.9.7	ja	https://archive.org/download/Digital_Pinball_Last_Gladiators_1995_J_color/Digital_Pinball_Last_Gladiators_1995_J_color.cbr
Digital Pinball - Necronomicon	ja	https://archive.org/download/Digital_Pinball_Necronomicon_1996_J_color/Digital_Pinball_Necronomicon_1996_J_color.cbr
Doom	en	https://archive.org/download/SEGASaturnManuals_201812/Doom (USA).pdf
Doom	en-gb,de,es,fr,it	https://archive.org/download/Doom_1997_E_5L/Doom_1997_E_5L.cbr
Double Switch	en	https://archive.org/download/SEGASaturnManuals_201812/Double Switch (USA) (Disc 1).pdf
Doukoku Soshite...	ja	https://archive.org/download/Doukoku_Soshite..._1998_J_color/Doukoku_Soshite..._1998_J_color.cbr
Dragon Ball Z - Idainaru Dragon Ball Densetsu	es	https://archive.org/download/Dragon_Ball_Z_The_Legend_1996_Bandai_ES/Dragon_Ball_Z_The_Legend_1996_Bandai_ES.pdf
Dragon Ball Z - Idainaru Dragon Ball Densetsu	fr	https://archive.org/download/Dragon_Ball_Z_The_Legend_1996_Bandai_FR_a/Dragon_Ball_Z_The_Legend_1996_Bandai_FR_a.pdf
Dragon Ball Z - Idainaru Dragon Ball Densetsu	ja	https://archive.org/download/Dragon_Ball_Z_Idainaru_Dragon_Ball_Densetsu_1996_Bandai_JP/Dragon_Ball_Z_Idainaru_Dragon_Ball_Densetsu_1996_Bandai_JP.pdf
Dragon Ball Z - Shinbutouden	ja	https://archive.org/download/Dragon_Ball_Z_Shinbutouden_1995_J_color/Dragon_Ball_Z_Shinbutouden_1995_J_color.cbr
Dragon Force	en	https://archive.org/download/SEGASaturnManuals_201812/Dragon Force (USA).pdf
Dragon Force	ja	https://archive.org/download/DragonForceManualJPSegaSaturn/Dragon Force (Manual)(JP)(Sega Saturn).pdf
Dragon Force II - Kami Sarishi Daichi ni	ja	https://archive.org/download/Dragon_Force_II_Kami_Sarishi_Daichi_Ni_1998_J_color/Dragon_Force_II_Kami_Sarishi_Daichi_Ni_1998_J_color.cbr
DragonHeart - Fire & Steel	en	https://archive.org/download/SEGASaturnManuals_201812/Dragonheart - Fire & Steel (USA).pdf
Duke Nukem 3D	en	https://archive.org/download/Duke_Nukem_3D_1997_U/Duke_Nukem_3D_1997_U.cbr
Duke Nukem 3D	en-gb	https://archive.org/download/Duke_Nukem_3D_1997_E/Duke_Nukem_3D_1997_E.cbr
Dungeon Master Nexus	ja	https://archive.org/download/Dungeon_Master_Nexus_1998_J_color/Dungeon_Master_Nexus_1998_J_color.cbr
Dungeons & Dragons Collection	ja	https://archive.org/download/Dungeons_Dragons_Collection_1999_J_color/Dungeons__Dragons_Collection_1999_J_color.cbr
Earthworm Jim 2	en	https://archive.org/download/SEGASaturnManuals_201812/Earthworm Jim 2 (USA).pdf
Enemy Zero	en	https://archive.org/download/SEGASaturnManuals_201812/Enemy Zero (USA) (Disc 1).pdf
Enemy Zero	ja	https://archive.org/download/Enemy_Zero_1996_J_color/Enemy_Zero_1996_J_color.cbr
Enemy Zero	pt	https://archive.org/download/Enemy_Zero_199x_Br/Enemy_Zero_199x_Br.cbr
Eve - Burst Error	ja	https://archive.org/download/EVE_Burst_Error_1997_J_color/EVE_Burst_Error_1997_J_color.cbr
F1 Challenge	en	https://archive.org/download/SEGASaturnManuals_201812/F1 Challenge (USA).pdf
Falcom Classics	ja	https://archive.org/download/Falcom_Classics_1997_J_color/Falcom_Classics_1997_J_color.cbr
Fantastep	ja	https://archive.org/download/Fantastep_1997_Jaleco_JP/Fantastep_1997_Jaleco_JP.pdf
FIFA - Road to World Cup 98	en	https://archive.org/download/SEGASaturnManuals_201812/FIFA - Road to World Cup 98 (USA).pdf
FIFA - Road to World Cup 98	en-gb	https://archive.org/download/FIFA_Road_to_World_Cup_98_1997_EA_Sports_EU/FIFA_Road_to_World_Cup_98_1997_EA_Sports_EU.pdf
FIFA - Road to World Cup 98	fr	https://archive.org/download/FIFA_Road_To_World_Cup_98_1997_Fr/FIFA_Road_To_World_Cup_98_1997_Fr.cbr
FIFA Soccer 96	en	https://archive.org/download/SEGASaturnManuals_201812/FIFA Soccer 96 (USA).pdf
FIFA Soccer 97	en	https://archive.org/download/SEGASaturnManuals_201812/FIFA Soccer 97 (USA).pdf
Fighter's History Dynamite	ja	https://archive.org/download/Fighters_History_Dynamite_1997_J_color/Fighters_History_Dynamite_1997_J_color.cbr
Fighters Megamix	en	https://archive.org/download/SEGASaturnManuals_201812/Fighters Megamix (USA).pdf
Fighters Megamix	ja	https://archive.org/download/Fighters_Megamix_1996_J_color/Fighters_Megamix_1996_J_color.cbr
Fighting Vipers	en	https://archive.org/download/SEGASaturnManuals_201812/Fighting Vipers (USA).pdf
Fighting Vipers	en-gb,de,es,fr,it,nl	https://segaretro.org/images/6/61/Fighting_Vipers_Sat_EU_Manual.pdf
Fighting Vipers	ja	https://archive.org/download/Fighting_Vipers_1996_J_color/Fighting_Vipers_1996_J_color.cbr
Find Love 2 - The Prologue	ja	https://archive.org/download/Find_Love_2_-_The_Prologue_-_1998_J_color/Find_Love_2_-_The_Prologue_-_1998_J_color.cbr
Fire Prowrestling S - 6Men Scramble	ja	https://archive.org/download/FireProWrestlingS6MenScrambleSegaSaturnJPManuals/Fire Pro Wrestling S 6 Men Scramble (Manual)(JP)(Sega Saturn).pdf
Formula Karts - Special Edition	en-gb,de,es,fr,it,nl	https://archive.org/download/Formula_Karts_Special_Edition_1997_E_6L/Formula_Karts_Special_Edition_1997_E_6L.cbr
Frank Thomas Big Hurt Baseball	en	https://archive.org/download/SEGASaturnManuals_201812/Frank Thomas Big Hurt Baseball (USA).pdf
Frank Thomas Big Hurt Baseball	ja	https://archive.org/download/Frank_Thomas_Big_Hurt_Baseball_1996_J_color/Frank_Thomas_Big_Hurt_Baseball_1996_J_color.cbr
Frankenstein - Through the Eyes of the Monster	en-gb,de,es,fr	https://archive.org/download/Frankenstein_Through_the_Eyes_of_the_Monster_1997_Interplay_US/Frankenstein_Through_the_Eyes_of_the_Monster_1997_Interplay_US.pdf
Galactic Attack	en	https://archive.org/download/SEGASaturnManuals_201812/Galactic Attack (USA).pdf
Galactic Attack	ja	https://archive.org/download/Layer_Section_1995_J_color/Layer_Section_1995_J_color.cbr
Galaxy Fight	en	https://archive.org/download/SEGASaturnManuals_201812/Galaxy Fight (USA).pdf
Gale Racer	ja	https://archive.org/download/Gale_Racer_1994_J_color/Gale_Racer_1994_J_color.cbr
Game-Ware	ja	https://archive.org/download/Game-Ware_1996_J_color/Game-Ware_1996_J_color.cbr
Garou Densetsu 3 - Road to the Final Victory	ja	https://archive.org/download/Garou_Densetsu_3_Road_To_The_Final_Victory_1996_J_color/Garou_Densetsu_3_Road_To_The_Final_Victory_1996_J_color.cbr
GeGeGe no Kitarou - Gentou Kaikitan	ja	https://archive.org/download/Gegege_No_Kitarou_Gentou_Kaikitan_1996_J_color/Gegege_No_Kitarou_Gentou_Kaikitan_1996_J_color.cbr
Gekka no Kishi - Ouryuu-sen	ja	https://archive.org/download/Gekka_Mugentan_Torico_1996_J_color/Gekka_Mugentan_Torico_1996_J_color.cbr
Gensou Suikoden	ja	https://segaretro.org/images/8/8d/GensouSuikoden_Saturn_JP_Manual.pdf
Gex	en	https://archive.org/download/SEGASaturnManuals_201812/Gex (USA).pdf
Ghen War	en	https://archive.org/download/SEGASaturnManuals_201812/Ghen War (USA).pdf
Ginga Ojousama Densetsu Yuna 3 - Lightning Angel	ja	https://archive.org/download/GingaOjousamaDensetsuYuna3ManualJPSegaSaturn/Ginga Ojousama Densetsu Yuna 3 (Manual)(JP)(Sega Saturn).pdf
Golden Axe - The Duel	en	https://archive.org/download/SEGASaturnManuals_201812/Golden Axe - The Duel (USA).pdf
Gradius Deluxe Pack	ja	https://archive.org/download/Gradius_Deluxe_Pack_1996_J_color/Gradius_Deluxe_Pack_1996_J_color.cbr
Grand Slam	en	https://archive.org/download/SEGASaturnManuals_201812/Grand Slam (USA).pdf
Grandia	ja	https://archive.org/download/Grandia_Adventure_Manual_1997_J_color/Grandia_Adventure_Manual_1997_J_color.cbr
Grid Runner	en	https://archive.org/download/SEGASaturnManuals_201812/Grid Runner (USA).pdf
Guardian Heroes	en	https://archive.org/download/SEGASaturnManuals_201812/Guardian Heroes (USA).pdf
Guardian Heroes	en-gb,de,es,fr,it,nl	https://archive.org/download/Guardian_Heroes_1996_E_6L/Guardian_Heroes_1996_E_6L.cbr
Gungriffon	en	https://archive.org/download/SEGASaturnManuals_201812/Gungriffon (USA).pdf
Gussun Oyoyo S	ja	https://archive.org/download/Gussun_Oyoyo-S_1996_J_color/Gussun_Oyoyo-S_1996_J_color.cbr
Hang-On GP	en	https://archive.org/download/SEGASaturnManuals_201812/Hang-on Gp (USA).pdf
Harukaze Sentai V-Force	ja	https://archive.org/download/Harukaze_Sentai_V-Force_VHS_Cover_1997_J/Harukaze_Sentai_V-Force_VHS_Cover_1997_J.cbr
Heir of Zendor - The Legend and The Land	en	https://archive.org/download/SEGASaturnManuals_201812/Heir of Zendor - The Legend and The Land (USA).pdf
Herc's Adventures	en	https://archive.org/download/SEGASaturnManuals_201812/Herc's Adventures (USA).pdf
Hexen	en	https://archive.org/download/SEGASaturnManuals_201812/Hexen - Beyond Heretic (USA).pdf
Hi-Octane - The Track Fights Back!	en	https://archive.org/download/SEGASaturnManuals_201812/Hi-Octane - The Track Fights Back! (USA).pdf
High Velocity - Mountain Racing Challenge	en	https://archive.org/download/SEGASaturnManuals_201812/High Velocity - Mountain Racing Challenge (USA).pdf
Highway 2000	en	https://archive.org/download/SEGASaturnManuals_201812/Highway 2000 (USA).pdf
Highway 2000	ja	https://archive.org/download/Wangan_Dead_Heat_1995_J_color/Wangan_Dead_Heat_1995_J_color.cbr
Hokuto no Ken	ja	https://archive.org/download/Hokuto_No_Ken_1995_J_color/Hokuto_No_Ken_1995_J_color.cbr
Horde, The	en	https://archive.org/download/SEGASaturnManuals_201812/Horde, The (USA).pdf
Horror Tour	ja	https://archive.org/download/Horror_Tour_1996_J_color/Horror_Tour_1996_J_color.cbr
Houma Hunter Lime Perfect Collection	ja	https://archive.org/download/Houma_Hunter_Lime_Perfect_Collection_1995_J_color/Houma_Hunter_Lime_Perfect_Collection_1995_J_color.cbr
House of the Dead, The	en	https://archive.org/download/SEGASaturnManuals_201812/House of the Dead, The (USA).pdf
House of the Dead, The	en-gb,de,es,fr,it,nl	https://segaretro.org/images/6/67/The_House_of_the_Dead_Sat_EU_Manual.pdf
House of the Dead, The	ja	https://archive.org/download/House_Of_The_Dead_Taikenban_The_1998_J_color/House_Of_The_Dead_Taikenban_The_1998_J_color.cbr
Hyper 3-D Pinball	en	https://archive.org/download/SEGASaturnManuals_201812/Hyper 3-D Pinball (USA).pdf
Idol Janshi Suchie-Pai Special	ja	https://archive.org/download/Idol_Janshi_Suchie-Pai_Special_Booklet_1995_J_color/Idol_Janshi_Suchie-Pai_Special_Booklet_1995_J_color.cbr
Impact Racing	en	https://archive.org/download/SEGASaturnManuals_201812/Impact Racing (USA).pdf
In the Hunt	en	https://archive.org/download/SEGASaturnManuals_201812/In the Hunt (USA).pdf
Incredible Hulk, The - The Pantheon Saga	en	https://archive.org/download/SEGASaturnManuals_201812/Incredible Hulk, The - The Pantheon Saga (USA).pdf
Independence Day	en	https://archive.org/download/SEGASaturnManuals_201812/Independence Day (USA).pdf
Iron Man & X-O Manowar in Heavy Metal	en	https://archive.org/download/SEGASaturnManuals_201812/Iron Man X-O Manowar in Heavy Metal (USA).pdf
Iron Storm	en	https://archive.org/download/SEGASaturnManuals_201812/Iron Storm (USA).pdf
Iron Storm	ja	https://segaretro.org/images/0/00/WADIronStorm_SS_jp_manual.pdf
Ishin no Arashi	ja	https://segaretro.org/images/0/00/Ishin_no_Arashi_JP_取扱説明書.pdf
J.League Jikkyou Honoo no Striker	ja	https://archive.org/download/j-league-honoo-saturn-manual/J League Honoo Saturn Manual.pdf
J.League Victory Goal '96	ja	https://archive.org/download/Victory_Goal_96_1996_J_color/Victory_Goal_96_1996_J_color.cbr
Jikkyou Powerful Pro Yakyuu S	ja	https://archive.org/download/Jikkyou_Powerful_Pro_Yakyuu_S_1997_J_color/Jikkyou_Powerful_Pro_Yakyuu_S_1997_J_color.cbr
Jissen Pachinko Hisshou-hou! Twin	ja	https://archive.org/download/Jissen_Pachinko_Hisshouhou_Twin_1997_J_color/Jissen_Pachinko_Hisshouhou_Twin_1997_J_color.cbr
Johnny Bazookatone	en	https://archive.org/download/SEGASaturnManuals_201812/Johnny Bazookatone (USA).pdf
Junclassic C.C. & Rope Club	ja	https://archive.org/download/Junclassic_C.C._Rope_Club_1997_J_color/Junclassic_C.C.__Rope_Club_1997_J_color.cbr
Jungle Park - Saturn Shima	ja	https://archive.org/download/Jungle_Park_Saturn_Jima_1998_J_color/Jungle_Park_Saturn_Jima_1998_J_color.cbr
Keio Flying Squadron 2	en-gb,de,fr	https://segaretro.org/images/7/74/Keio_Flying_Squadron_2_Sat_EU_Manual.pdf
Keio Flying Squadron 2	ja	https://archive.org/download/Keiou_Yuugekitai_Katsugeki-Hen_1996_J_color/Keiou_Yuugekitai_Katsugeki-Hen_1996_J_color.cbr
Kidou Senkan Nadesico - Yappari Saigo wa Ai ga Katsu	ja	https://archive.org/download/Kidou_Senkan_Nadesico_Yappari_Saigo_Ha_Ai_Ga_Katsu_1997_J_color/Kidou_Senkan_Nadesico_Yappari_Saigo_Ha_Ai_Ga_Katsu_1997_J_color.cbr
Kidou Senshi Gundam - Gihren no Yabou	ja	https://archive.org/download/Kidou_Senshi_Gundam_1995_J_color/Kidou_Senshi_Gundam_1995_J_color.cbr
Kidou Senshi Gundam - Gihren no Yabou - Kouryaku Shireisho	ja	https://archive.org/download/Kidou_Senshi_Gundam_Giren_No_Yabou_Genteiban_1998_J_color/Kidou_Senshi_Gundam_Giren_No_Yabou_Genteiban_1998_J_color.cbr
Kidou Senshi Z Gundam - Zenpen Zeta no Kodou	ja	https://archive.org/download/Kidou_Senshi_Z_Gundam_Zenpen_Zeta_No_Kodou_1997_J_color/Kidou_Senshi_Z_Gundam_Zenpen_Zeta_No_Kodou_1997_J_color.cbr
Kindaichi Shounen no Jikenbo - Hoshimitou Kanashimi no Fukushuuki	ja	https://archive.org/download/KindaichiShounenNoJikenboManualJPSegaSaturn/Kindaichi Shounen no Jikenbo (Manual)(JP)(Sega Saturn).pdf
King of Fighters '96, The	ja	https://archive.org/download/King_Of_Fighters_96_The_1996_J_color/King_Of_Fighters_96_The_1996_J_color.cbr
King of Fighters '97, The	ja	https://segaretro.org/images/2/2b/The_King_of_Fighters_'97_Sat_JP_Manual.pdf
Koden Koureijutsu - Hyaku Monogatari - Honto ni Atta Kowai Hanashi	ja	https://segaretro.org/images/0/0d/Koden_Koureijutsu_Hyaku_Monogatari_Hontoni_Atta_Kowai_Hanashi_JP_取扱説明書.pdf
Konami Antiques - MSX Collection Ultra Pack	ja	https://archive.org/download/Konami_Antiques_MSX_Collection_Ultra_Pack_1998_J_color/Konami_Antiques_MSX_Collection_Ultra_Pack_1998_J_color.cbr
Kuro no Danshou - The Literary Fragment	ja	https://archive.org/download/Kuro_No_Danshou_The_Literary_Fragment_Genteiban_1997_J_color/Kuro_No_Danshou_The_Literary_Fragment_Genteiban_1997_J_color.cbr
Langrisser - Dramatic Edition	ja	https://segaretro.org/images/9/95/Langrisser_Dramatic_Edition_JP_取扱説明書.pdf
Langrisser III	ja	https://segaretro.org/images/d/d9/Langrisser_III_JP_取扱説明書.pdf
Langrisser IV	ja	https://archive.org/download/Langrisser_IV_1997_J_color/Langrisser_IV_1997_J_color.cbr
Langrisser V - The End of Legend	ja	https://segaretro.org/images/b/b2/Langrisser_V_The_End_of_Legend_JP_取扱説明書.pdf
Last Bronx	en	https://archive.org/download/SEGASaturnManuals_201812/Last Bronx (USA).pdf
Last Bronx	ja	https://archive.org/download/Last_Bronx_1997_J_color/Last_Bronx_1997_J_color.cbr
Last Bronx	pt	https://segaretro.org/images/b/b6/Last-bronx-manual-saturn-br.pdf
Last Gladiators - Digital Pinball	en	https://archive.org/download/SEGASaturnManuals_201812/Last Gladiators - Digital Pinball (USA).pdf
Last Gladiators - Digital Pinball	ja	https://archive.org/download/Digital_Pinball_Last_Gladiators_1995_J_color/Digital_Pinball_Last_Gladiators_1995_J_color.cbr
Layer Section II	ja	https://archive.org/download/Layer_Section_Satakore_1997_J_color/Layer_Section_Satakore_1997_J_color.cbr
Legend of Oasis, The	en	https://archive.org/download/SEGASaturnManuals_201812/Legend of Oasis, The (USA).pdf
Legend of Oasis, The	ja	https://archive.org/download/Thor_Seireioukiden_1996_J_color/Thor_Seireioukiden_1996_J_color.cbr
Linkle Liver Story	ja	https://archive.org/compress/Linkleliverstory/formats=JPEG&file=/Linkleliverstory.zip
Loaded	en	https://archive.org/download/SEGASaturnManuals_201812/Loaded (USA).pdf
Lost World, The - Jurassic Park	en	https://archive.org/download/SEGASaturnManuals_201812/Lost World, The - Jurassic Park (USA).pdf
Lost World, The - Jurassic Park	en-gb	https://archive.org/download/Lost_World_Jurassic_Park_The_1997_E/Lost_World_Jurassic_Park_The_1997_E.cbr
Lost World, The - Jurassic Park	ja	https://archive.org/download/Lost_World_Jurassic_Park_The_1997_J_color/Lost_World_Jurassic_Park_The_1997_J_color.cbr
Lunacy	en	https://archive.org/download/SEGASaturnManuals_201812/Lunacy (USA) (Disc 1).pdf
Lunar - Silver Star Story	ja	https://archive.org/download/Lunar_Silver_Star_Story_1996_J_color/Lunar_Silver_Star_Story_1996_J_color.cbr
Lunar 2 - Eternal Blue	ja	https://archive.org/download/Lunar_2_Eternal_Blue_1998_J_color/Lunar_2_Eternal_Blue_1998_J_color.cbr
Machi	ja	https://archive.org/download/Machi_1998_J_color/Machi_1998_J_color.cbr
Machine Head	en	https://archive.org/download/SEGASaturnManuals_201812/Machine Head (USA).pdf
Machine Head	pt	https://segaretro.org/images/1/11/Machine_Head_Sat_BR_Manual.pdf
Madden NFL 97	en	https://archive.org/download/SEGASaturnManuals_201812/Madden NFL 97 (USA).pdf
Madden NFL 98	en	https://archive.org/download/SEGASaturnManuals_201812/Madden NFL 98 (USA).pdf
Magic Carpet	en	https://archive.org/download/SEGASaturnManuals_201812/Magic Carpet (USA).pdf
Magic Knight Rayearth	en	https://archive.org/download/SEGASaturnManuals_201812/Magic Knight Rayearth (USA).pdf
Magic Knight Rayearth	ja	https://archive.org/download/Magic_Knight_Rayearth_1995_J_color/Magic_Knight_Rayearth_1995_J_color.cbr
Magical Drop III - Toretate Zoukan-gou!	ja	https://archive.org/download/Magical_Drop_III_Toretate_Zoukangou_1997_J_color/Magical_Drop_III_Toretate_Zoukangou_1997_J_color.cbr
Magical Night Dreams - Cotton 2	ja	https://segaretro.org/images/2/2e/CottonSaturnJPManual.pdf
Mahou Gakuen Lunar!	ja	https://archive.org/download/Mahou_Gakuen_Lunar_1997_J_color/Mahou_Gakuen_Lunar_1997_J_color.cbr
Mahou Shoujo Pretty Samy - Heart no Kimochi	ja	https://archive.org/download/Mahou_Shoujo_Pretty_Samy_Heart_No_Kimochi_1998_J_color/Mahou_Shoujo_Pretty_Samy_Heart_No_Kimochi_1998_J_color.cbr
Mahou Shoujo Pretty Samy - Osorubeshi Shintai Sokutei! Kakubakuhatsu 5-Byou-mae!!	ja	https://archive.org/download/Mahou_Shoujo_Pretty_Samy_Osorubeshi_Shintkutei_Kakubakuhatsu_5_Byou_Mae_1997_J_c/Mahou_Shoujo_Pretty_Samy_Osorubeshi_Shintaisokutei_Kakubakuhatsu_5_Byou_Mae_1997_J_color.cbr
Mahoutsukai ni Naru Houhou	ja	https://archive.org/download/mahou-tsukai-ni-naru-houhou-manual-scan-jp-sega-saturn/Mahou Tsukai ni Naru Houhou (Manual)(Scan)(JP)(Sega Saturn).pdf
Mansion of Hidden Souls, The	en	https://archive.org/download/SEGASaturnManuals_201812/Mansion of Hidden Souls, The (USA).pdf
Mansion of Hidden Souls, The	fr	https://archive.org/download/Manoir_Des_Ames_Perdues_Le_1995_Fr/Manoir_Des_Ames_Perdues_Le_1995_Fr.cbr
Manx TT SuperBike	en	https://archive.org/download/SEGASaturnManuals_201812/Manx TT SuperBike (USA).pdf
Marie no Atelier Ver. 1.3 - Salburg no Renkinjutsushi	ja	https://archive.org/download/MarieNoAtelierVer1.3ManualJPSegaSaturn/Marie no Atelier Ver 1.3 (Manual)(JP)(Sega Saturn).pdf
Marvel Super Heroes	en	https://archive.org/download/SEGASaturnManuals_201812/Marvel Super Heroes (USA).pdf
Marvel Super Heroes	ja	https://archive.org/download/Marvel_Super_Heroes_1997_J_color/Marvel_Super_Heroes_1997_J_color.cbr
Mass Destruction	en	https://archive.org/download/SEGASaturnManuals_201812/Mass Destruction (USA).pdf
Masters - Harukanaru Augusta 3	ja	https://archive.org/download/Masters_Harukanaru_Augusta_3_1995_J_color/Masters_Harukanaru_Augusta_3_1995_J_color.cbr
Maximum Force	en	https://archive.org/download/SEGASaturnManuals_201812/Maximum Force (USA).pdf
MechWarrior 2 - 31st Century Combat - Arcade Combat Edition	en	https://archive.org/download/SEGASaturnManuals_201812/Mechwarrior 2 - 31st Century Combat (USA).pdf
Mega Man 8	en	https://archive.org/download/SEGASaturnManuals_201812/Mega Man 8 - Anniversary Collector's Edition (USA).pdf
Mega Man X4	en	https://archive.org/download/SEGASaturnManuals_201812/Megaman X4 (USA).pdf
Metal Slug - Super Vehicle-001	ja	https://archive.org/download/Metal_Slug_1997_J_color/Metal_Slug_1997_J_color.cbr
Minnesota Fats - Pool Legend	en	https://archive.org/download/SEGASaturnManuals_201812/Minnesota Fats - Pool Legend (USA).pdf
Minnesota Fats - Pool Legend	ja	https://archive.org/download/Side_Pocket_2_Legend_Of_Hustler_1995_J_color/Side_Pocket_2_Legend_Of_Hustler_1995_J_color.cbr
Mortal Kombat II	en	https://archive.org/download/SEGASaturnManuals_201812/Mortal Kombat II (USA).pdf
Mortal Kombat Trilogy	en	https://archive.org/download/SEGASaturnManuals_201812/Mortal Kombat Trilogy (USA).pdf
Mortal Kombat Trilogy	pt	https://archive.org/download/Mortal_Kombat_Trilogy_199x_Br/Mortal_Kombat_Trilogy_199x_Br.cbr
Mr. Bones	en	https://archive.org/download/SEGASaturnManuals_201812/Mr. Bones (USA) (Disc 1).pdf
Mr. Bones	ja	https://archive.org/download/Mr._Bones_1997_J_color/Mr._Bones_1997_J_color.cbr
My Best Friends - St. Andrew Jogakuin-hen	ja	https://archive.org/download/My_Best_Friends_St._Andrew_Jogakuin_Hen_1996_J_color/My_Best_Friends_St._Andrew_Jogakuin_Hen_1996_J_color.cbr
Myst	en	https://archive.org/download/SEGASaturnManuals_201812/Myst (USA).pdf
Myst	ja	https://archive.org/download/Myst_1994_J_color/Myst_1994_J_color.cbr
Myst	pt	https://archive.org/download/Myst_1996_Br/Myst_1996_Br.cbr
Mystaria - The Realms of Lore	en	https://archive.org/download/SEGASaturnManuals_201812/Mystaria - The Realms of Lore (USA).pdf
NASCAR 98	en	https://archive.org/download/SEGASaturnManuals_201812/NASCAR '98 (USA).pdf
NBA Action	en	https://archive.org/download/SEGASaturnManuals_201812/NBA Action (USA).pdf
NBA Action 98	en	https://archive.org/download/SEGASaturnManuals_201812/NBA Action 98 (USA).pdf
NBA Jam - Tournament Edition	en	https://archive.org/download/SEGASaturnManuals_201812/NBA Jam Tournament Edition (USA).pdf
NBA Jam - Tournament Edition	ja	https://archive.org/download/NBA_Jam_Tournament_Edition_1995_J/NBA_Jam_Tournament_Edition_1995_J.cbr
NBA Jam Extreme	en	https://archive.org/download/SEGASaturnManuals_201812/NBA Jam Extreme (USA).pdf
NBA Jam Extreme	en-gb	https://archive.org/download/NBA_Jam_Extreme_1996_E/NBA_Jam_Extreme_1996_E.cbr
NBA Live 97	en	https://archive.org/download/SEGASaturnManuals_201812/NBA Live 97 (USA).pdf
NBA Live 98	en	https://archive.org/download/SEGASaturnManuals_201812/NBA Live 98 (USA).pdf
Neon Genesis - Evangelion - Koutetsu no Girlfriend	ja	https://archive.org/download/evangelion-koutetsu-no-girlfriend-manual/Evangelion Koutetsu no Girlfriend Saturn Manual.pdf
NFL '97	en	https://archive.org/download/SEGASaturnManuals_201812/NFL '97 (USA).pdf
NFL Quarterback Club 96	en	https://archive.org/download/SEGASaturnManuals_201812/NFL Quarterback Club '96 (USA).pdf
NFL Quarterback Club 96	ja	https://archive.org/download/NFL_Quarterback_Club_96_1996_J/NFL_Quarterback_Club_96_1996_J.cbr
NFL Quarterback Club 97	en	https://archive.org/download/SEGASaturnManuals_201812/NFL Quarterback Club '97 (USA).pdf
NFL Quarterback Club 97	ja	https://archive.org/download/NFL_Quarterback_Club_97_1997_Acclaim_JP/NFL_Quarterback_Club_97_1997_Acclaim_JP.pdf
NHL 97	en	https://archive.org/download/SEGASaturnManuals_201812/NHL 97 (USA).pdf
NHL 98	en	https://archive.org/download/SEGASaturnManuals_201812/NHL 98 (USA).pdf
NHL All-Star Hockey	en	https://archive.org/download/SEGASaturnManuals_201812/NHL All-Star Hockey (USA).pdf
NHL All-Star Hockey 98	en	https://archive.org/download/SEGASaturnManuals_201812/NHL All-Star Hockey 98 (USA).pdf
NHL Powerplay '96	en	https://archive.org/download/SEGASaturnManuals_201812/NHL Powerplay '96 (USA).pdf
NHL Powerplay '96	ja	https://archive.org/download/NHL_Powerplay_96_1997_J_color/NHL_Powerplay_96_1997_J_color.cbr
Night Warriors - Darkstalkers' Revenge	en	https://archive.org/download/SEGASaturnManuals_201812/Night Warriors - Darkstalkers' Revenge (USA).pdf
Nightruth - Explanation of the Paranormal - Futatsu dake no Shinjitsu	ja	https://archive.org/download/nightruth-shinjitsu-manual/Nightruth Shinjitsu Manual.pdf
Nightruth - Explanation of the Paranormal - Maria	ja	https://archive.org/download/nightruth-maria-manual/Nightruth Maria Manual.pdf
NiGHTS into Dreams...	en	https://archive.org/download/SEGASaturnManuals_201812/NiGHTS into Dreams... (USA).pdf
NiGHTS into Dreams...	en-gb,de,es,fr,it,nl	https://archive.org/download/NiGHTS_Into_Dreams_1996_E_6L/NiGHTS_Into_Dreams_1996_E_6L.cbr
NiGHTS into Dreams...	ja	https://archive.org/download/NiGHTS_Into_Dreams_1996_J_color/NiGHTS_Into_Dreams_1996_J_color.cbr
NiGHTS into Dreams...	pt	https://segaretro.org/images/5/58/NiGHTS_into_Dreams_Sat_BR_Manual.pdf
Nihon Daihyou Team no Kantoku ni Naruu! Sekaihatsu Soccer RPG - Become the Coach for the National Team!	ja	https://archive.org/download/Nippon_Daihyou_Team_No_Kantoku_Ni_Narou_Sekaihatsu_Soccer_RPG_1998_J_color/Nippon_Daihyou_Team_No_Kantoku_Ni_Narou_Sekaihatsu_Soccer_RPG_1998_J_color.cbr
Ninpen Manmaru	ja	https://archive.org/download/1-merged_20210627/ilovepdf_merged.pdf
Nonomura Byouin no Hitobito	ja	https://archive.org/download/NonomuraByouinNoHitobitoManualJPSegaSaturn/Nonomura Byouin no Hitobito (Manual)(JP)(Sega Saturn).pdf
Norse by Norsewest - The Return of the Lost Vikings	en	https://archive.org/download/SEGASaturnManuals_201812/Norse by Norsewest - The Return of The Lost Vikings (USA).pdf
Off-World Interceptor Extreme	en	https://archive.org/download/SEGASaturnManuals_201812/Off-World Interceptor Extreme (USA).pdf
Ojousama Express	ja	https://archive.org/download/Ojousama_Tokkyuu_1998_J_color/Ojousama_Tokkyuu_1998_J_color.cbr
Ojousama o Nerae!!	ja	https://archive.org/download/Ojousama_Wo_Nerae_1998_J_color/Ojousama_Wo_Nerae_1998_J_color.cbr
Olympic Soccer	en	https://archive.org/download/SEGASaturnManuals_201812/Olympic Soccer (USA).pdf
Olympic Soccer	ja	https://archive.org/download/Olympic_Soccer_1996_J_color/Olympic_Soccer_1996_J_color.cbr
Omakase! Savers	ja	https://archive.org/download/Omakase_Savers_1996_J_color/Omakase_Savers_1996_J_color.cbr
P.T.O. - Pacific Theater of Operations II	en	https://archive.org/download/SEGASaturnManuals_201812/P.T.O. II - Pacific Theater of Operations (USA).pdf
Pandemonium!	en	https://archive.org/download/SEGASaturnManuals_201812/Pandemonium! (USA).pdf
Pandemonium!	ja	https://archive.org/download/Magical_Hoppers_1997_J_color/Magical_Hoppers_1997_J_color.cbr
Panic-chan	ja	https://archive.org/download/Panic_Chan_Genteiban_Audio_Mini_CD_1997_J/Panic_Chan_Genteiban_Audio_Mini_CD_1997_J.cbr
Panzer Dragoon	en	https://archive.org/download/SEGASaturnManuals_201812/Panzer Dragoon (USA).pdf
Panzer Dragoon	en-gb,de,es,fr,it,nl	https://archive.org/download/Panzer_Dragoon_1995_E_6L/Panzer_Dragoon_1995_E_6L.cbr
Panzer Dragoon	ja	https://archive.org/download/Panzer_Dragoon_Booklet_1995_J_color/Panzer_Dragoon_Booklet_1995_J_color.cbr
Panzer Dragoon II Zwei	en	https://archive.org/download/SEGASaturnManuals_201812/Panzer Dragoon II - Zwei (USA).pdf
Panzer Dragoon II Zwei	en-gb,de,es,fr,it,nl	https://archive.org/download/Panzer_Dragoon_II_Zwei_1996_E_6L/Panzer_Dragoon_II_Zwei_1996_E_6L.cbr
Panzer Dragoon II Zwei	ja	https://archive.org/download/Panzer_Dragoon_Zwei_1996_J_color/Panzer_Dragoon_Zwei_1996_J_color.cbr
Panzer Dragoon Saga	en	https://archive.org/download/SEGASaturnManuals_201812/Panzer Dragoon Saga (USA) (Disc 1).pdf
Panzer Dragoon Saga	en-gb,de,es,fr,it,nl	https://archive.org/download/Panzer_Dragoon_Saga_1998_E_6L/Panzer_Dragoon_Saga_1998_E_6L.cbr
Panzer Dragoon Saga	ja	https://segaretro.org/images/b/b1/PanzerDragoonSaga_SS_jp_manual.pdf
Pappara Paoon	ja	https://archive.org/download/Pappara_Paoon_1995_J_color/Pappara_Paoon_1995_J_color.cbr
Pebble Beach Golf Links	en	https://archive.org/download/SEGASaturnManuals_201812/Pebble Beach Golf Links (USA).pdf
Pebble Beach Golf Links	ja	https://archive.org/download/Pebble_Beach_Golf_Links_Stadler_Ni_Chousen_1995_J_color/Pebble_Beach_Golf_Links_Stadler_Ni_Chousen_1995_J_color.cbr
PGA Tour 97	en	https://archive.org/download/SEGASaturnManuals_201812/PGA Tour 97 (USA).pdf
Photo Genic	ja	https://archive.org/download/Photo_Genic_1998_J_color/Photo_Genic_1998_J_color.cbr
Photograph of a Crime, The - Hankou Shashin - Shibarareta Shoujo-tachi no Mita Mono wa	ja	https://archive.org/download/HankouShashinManualJPSegaSaturn/Hankou Shashin (Manual)(JP)(Sega Saturn).pdf
PictFlash Don Don	ja	https://archive.org/download/Pict_Flash_Dondon_1996_J_color/Pict_Flash_Dondon_1996_J_color.cbr
Pinball Graffiti	en-gb,de,fr	https://archive.org/download/Pinball_Graffiti_1996_E_3L/Pinball_Graffiti_1996_E_3L.cbr
Pocket Fighter	ja	https://archive.org/download/Pocket_Fighter_1998_J_color/Pocket_Fighter_1998_J_color.cbr
Policenauts	ja	https://archive.org/download/Policenauts_1996_Konami_JP/Policenauts_1996_Konami_JP.pdf
Powerslave	en	https://archive.org/download/SEGASaturnManuals_201812/Powerslave (USA).pdf
Powerslave	ja	https://archive.org/download/Seireki_1999_Pharaoh_No_Fukkatsu_1996_J_color/Seireki_1999_Pharaoh_No_Fukkatsu_1996_J_color.cbr
PriKura	ja	https://archive.org/download/PriCla_Daisakusen_1996_J_color/PriCla_Daisakusen_1996_J_color.cbr
Primal Rage	en	https://archive.org/download/SEGASaturnManuals_201812/Primal Rage (USA).pdf
Primal Rage	en-gb,de,es,fr,it	https://archive.org/download/Primal_Rage_1996_E_5L/Primal_Rage_1996_E_5L.cbr
Princess Crown	ja	https://segaretro.org/images/c/c4/Princess_Crown_Sat_JP_Manual.pdf
Princess Maker - Yumemiru Yousei	ja	https://archive.org/download/PrincessMakerYumemiruYouseiManualJPSegaSaturn/Princess Maker Yumemiru Yousei (Manual)(JP)(Sega Saturn).pdf
Princess Maker 2	ja	https://archive.org/download/Princess_Maker_2_1995_J_color/Princess_Maker_2_1995_J_color.cbr
Pro Mahjong Kiwame-S	ja	https://archive.org/download/Pro_Mahjong_Kiwame_S_Satakore_1997_J_color/Pro_Mahjong_Kiwame_S_Satakore_1997_J_color.cbr
Pro Yakyuu Greatest Nine '97	ja	https://segaretro.org/images/0/09/GreatestNine97_Saturn_JP_Manual.pdf
Pro Yakyuu Greatest Nine '98	ja	https://archive.org/download/Pro_Yakyuu_Greatest_Nine_98_1998_J_color/Pro_Yakyuu_Greatest_Nine_98_1998_J_color.cbr
Pro Yakyuu Greatest Nine '98 - Summer Action	ja	https://archive.org/download/Pro_Yakyuu_Greatest_Nine_98_Summer_Action_1998_J_color/Pro_Yakyuu_Greatest_Nine_98_Summer_Action_1998_J_color.cbr
Pro Yakyuu Team mo Tsukurou!	ja	https://archive.org/download/Pro_Yakyuu_Team_Mo_Tsukurou_1998_J_color/Pro_Yakyuu_Team_Mo_Tsukurou_1998_J_color.cbr
Pro-Pinball	en	https://archive.org/download/SEGASaturnManuals_201812/Pro Pinball (USA).pdf
Puyo Puyo Sun	ja	https://archive.org/download/Puyo_Puyo_Sun_1997_J_color/Puyo_Puyo_Sun_1997_J_color.cbr
Puyo Puyo Tsuu	ja	https://archive.org/download/Puyo_Puyo_Tsuu_1995_J_color/Puyo_Puyo_Tsuu_1995_J_color.cbr
Quake	en	https://archive.org/download/SEGASaturnManuals_201812/Quake (USA).pdf
Quake	pt	https://archive.org/download/Quake_199x_Br/Quake_199x_Br.cbr
Quantum Gate I - Akumu no Joshou	ja	https://archive.org/download/Quantum_Gate_I_Akumu_No_Joshou_1995_J_color/Quantum_Gate_I_Akumu_No_Joshou_1995_J_color.cbr
Quarterback Attack	en	https://archive.org/download/SEGASaturnManuals_201812/Quarterback Attack with Mike Ditka (USA).pdf
QuoVadis	ja	https://archive.org/download/quovadismanualscanjpsegasaturn/QuoVadis (Manual)(Scan)(JP)(Sega Saturn).pdf
QuoVadis 2 - Wakusei Kyoushuu Ovan Rei	ja	https://archive.org/download/quovadis2manualscanjpsegasaturn/QuoVadis 2 (Manual)(Scan)(JP)(Sega Saturn).pdf
Radiant Silvergun	ja	https://archive.org/download/SEGASaturnManuals_201812/Radiant Silvergun (Japan).pdf
Rampage - World Tour	en	https://archive.org/download/SEGASaturnManuals_201812/Rampage - World Tour (USA).pdf
Rayman	en	https://archive.org/download/SEGASaturnManuals_201812/Rayman (USA).pdf
Real Sound - Kaze no Regret	ja	https://archive.org/compress/Real_Sound_Kaze_no_Regret_Documents/formats=PNG&file=/Real_Sound_Kaze_no_Regret_Documents.zip
Resident Evil	en	https://archive.org/download/SEGASaturnManuals_201812/Resident Evil (USA).pdf
Resident Evil	en-gb,de,es,fr,it,nl	https://archive.org/download/Resident_Evil_1997_E_6L/Resident_Evil_1997_E_6L.cbr
Resident Evil	ja	https://archive.org/download/Bio_Hazard_1997_J_color/Bio_Hazard_1997_J_color.cbr
Resident Evil	pt	https://archive.org/download/Resident_Evil_199x_Br/Resident_Evil_199x_Br.cbr
Return to Zork	ja	https://segaretro.org/images/7/74/Return_to_Zork_Sat_JP_Manual.pdf
Revolution X - Music Is the Weapon	en	https://archive.org/download/SEGASaturnManuals_201812/Revolution X (USA).pdf
Revolution X - Music Is the Weapon	ja	https://archive.org/download/Revolution_X_1996_J/Revolution_X_1996_J.cbr
Rise 2 - Resurrection	en	https://archive.org/download/SEGASaturnManuals_201812/Resurrection - Rise 2 (USA).pdf
Riven - The Sequel to Myst	pt	https://archive.org/download/Riven_The_Sequel_To_Myst_199x_Br/Riven_The_Sequel_To_Myst_199x_Br.cbr
Road & Track Presents - The Need for Speed	en	https://archive.org/download/SEGASaturnManuals_201812/Need for Speed, The (USA).pdf
Road Rash	en	https://archive.org/download/SEGASaturnManuals_201812/Road Rash (USA).pdf
Robo Pit	en	https://archive.org/download/SEGASaturnManuals_201812/Robo Pit (USA).pdf
Robotica	en	https://archive.org/download/SEGASaturnManuals_201812/Robotica (USA).pdf
Romance of the Three Kingdoms IV - Wall of Fire	en	https://archive.org/download/SEGASaturnManuals_201812/Romance of the Three Kingdoms IV - Wall Of Fire (USA).pdf
Sakura Taisen	ja	https://archive.org/download/Sakura_Taisen_1996_J_color/Sakura_Taisen_1996_J_color.cbr
Sakura Taisen - Hanagumi Tsuushin	ja	https://archive.org/download/Sakura_Taisen_Hanagumi_Tsuushin_1997_J_color/Sakura_Taisen_Hanagumi_Tsuushin_1997_J_color.cbr
Sakura Taisen 2 - Kimi, Shinitamou Koto Nakare	ja	https://archive.org/download/Sakura_Taisen_2_Kimi_Shinitamou_Koto_Nakare_1998_J_color/Sakura_Taisen_2_Kimi_Shinitamou_Koto_Nakare_1998_J_color.cbr
Salamander Deluxe Pack Plus	ja	https://archive.org/download/Salamander_Deluxe_Pack_Plus_1997_J_color/Salamander_Deluxe_Pack_Plus_1997_J_color.cbr
Samurai Spirits - Amakusa Kourin	ja	https://archive.org/download/Samurai_Spirits_Amakusa_Kourin_1997_J_color/Samurai_Spirits_Amakusa_Kourin_1997_J_color.cbr
Samurai Spirits - Zankurou Musouken	ja	https://archive.org/download/Samurai_Spirits_Zankurou_Musouken_1996_J_color/Samurai_Spirits_Zankurou_Musouken_1996_J_color.cbr
Sangokushi Koumeiden	ja	https://segaretro.org/images/a/a0/Sangokushi_Koumeiden_1997_J_color.pdf
Saturn Bomberman	en	https://archive.org/download/saturnbomberman/US.pdf
Saturn Bomberman	en-gb,de,fr	https://archive.org/download/SEGASaturnManuals_201812/Saturn Bomber Man (Europe).pdf
Saturn Bomberman	ja	https://archive.org/download/Saturn_Bomberman_1996_J_color/Saturn_Bomberman_1996_J_color.cbr
Saturn Bomberman Fight!!	ja	https://archive.org/download/Saturn_Bomberman_Fight_1997_J_color/Saturn_Bomberman_Fight_1997_J_color.cbr
Scorcher	en	https://archive.org/download/SEGASaturnManuals_201812/Scorcher (USA).pdf
Scorcher	pt	https://archive.org/download/Scorcher_199x_Br/Scorcher_199x_Br.cbr
Scud - The Disposable Assassin	en	https://archive.org/download/SEGASaturnManuals_201812/Scud - The Disposable Assassin (USA).pdf
SD Gundam - GCentury S	ja	https://archive.org/download/SD_Gundam_G_Century_S_1998_J_color/SD_Gundam_G_Century_S_1998_J_color.cbr
Sega Ages - Fantasy Zone	ja	https://archive.org/download/Sega_Ages_Fantasy_Zone_1997_J_color/Sega_Ages_Fantasy_Zone_1997_J_color.cbr
Sega Ages - OutRun	ja	https://segaretro.org/images/3/3e/Sega_Ages_OutRun_(Manual)(JP)(Sega_Saturn).pdf
Sega Ages - Space Harrier	ja	https://archive.org/download/Sega_Ages_Vol.2_Space_Harrier_1996_J_color/Sega_Ages_Vol.2_Space_Harrier_1996_J_color.cbr
Sega Ages Volume 1	en	https://archive.org/download/SEGASaturnManuals_201812/Sega Ages (USA).pdf
Sega Rally Championship	en	https://archive.org/download/SEGASaturnManuals_201812/Sega Rally Championship (USA).pdf
Sega Rally Championship	en-gb,de,es,fr,it,nl	https://archive.org/download/Sega_Rally_Championship_1995_Sega_EU_M6/Sega_Rally_Championship_1995_Sega_EU_M6.pdf
Sega Rally Championship	ja	https://archive.org/download/Sega_Rally_Championship_1995_1995_J_color/Sega_Rally_Championship_1995_1995_J_color.cbr
Sega Rally Championship Plus	ja	https://archive.org/download/Sega_Rally_Championship_NetLink_Edition_1998_U/Sega_Rally_Championship_NetLink_Edition_1998_U.cbr
Sega Rally Championship Plus Netlink Edition	en	https://segaretro.org/images/5/54/Segarallynetlink_sat_us_manual.pdf
Sega Touring Car Championship	en	https://archive.org/download/SEGASaturnManuals_201812/Sega Touring Car Championship (USA).pdf
Sega Touring Car Championship	ja	https://archive.org/download/Sega_Touring_Car_Championship_1997_J_color/Sega_Touring_Car_Championship_1997_J_color.cbr
Sega Worldwide Soccer '97	en	https://archive.org/download/SEGASaturnManuals_201812/Sega Worldwide Soccer '97 (USA).pdf
Sega Worldwide Soccer '97	pt	https://archive.org/download/Sega_Worldwide_Soccer_97_199x_Br/Sega_Worldwide_Soccer_97_199x_Br.cbr
Sega Worldwide Soccer '98	en	https://archive.org/download/SEGASaturnManuals_201812/Sega Worldwide Soccer '98 (USA).pdf
Sega Worldwide Soccer '98	en-gb	https://archive.org/download/Sega_Worldwide_Soccer_98_Club_Edition_1997_E/Sega_Worldwide_Soccer_98_Club_Edition_1997_E.cbr
Segata Sanshirou - Shinken Yuugi	ja	https://archive.org/download/Segata_Sanshirou_Shinken_Yuugi_1998_J_color/Segata_Sanshirou_Shinken_Yuugi_1998_J_color.cbr
Sentimental Graffiti	ja	https://archive.org/download/Sentimental_Graffiti_1998_J_color/Sentimental_Graffiti_1998_J_color.cbr
Sento Monogatari Sono I	ja	https://archive.org/download/Sento_Monogatari_Sono_I_1995_J_color/Sento_Monogatari_Sono_I_1995_J_color.cbr
Shanghai - Triple-Threat	en	https://archive.org/download/SEGASaturnManuals_201812/Shanghai - Triple Threat (USA).pdf
She'sn	ja	https://archive.org/download/Shesn_1998_J_color/Shesn_1998_J_color.cbr
Shellshock	en	https://archive.org/download/SEGASaturnManuals_201812/Shellshock (USA).pdf
Shellshock	fr	https://archive.org/download/Shellshock_1996_Core_FR/Shellshock_1996_Core_FR.pdf
Shichisei Toushin Guyferd - Crown Kaimetsu Sakusen	ja	https://archive.org/download/Shichisei_Toushin_Guyferd_Crown_Kaimetsu_Sakusen_1998_J_color/Shichisei_Toushin_Guyferd_Crown_Kaimetsu_Sakusen_1998_J_color.cbr
Shin Kaitei Gunkan - Koutetsu no Kodoku	ja	https://archive.org/download/Shin_Kaitei_Gunkan_Koutetsu_No_Kodoku_1997_J_color/Shin_Kaitei_Gunkan_Koutetsu_No_Kodoku_1997_J_color.cbr
Shin Megami Tensei - Devil Summoner	ja	https://archive.org/download/Shin_Megami_Tensei_Devil_Summoner_1995_J_color/Shin_Megami_Tensei_Devil_Summoner_1995_J_color.cbr
Shin Seiki Evangelion	ja	https://archive.org/download/Shinseiki_Evangelion_1996_J_color/Shinseiki_Evangelion_1996_J_color.cbr
Shin Seiki Evangelion - 2nd Impression	ja	https://archive.org/download/Shinseiki_Evangelion_2nd_Impression_1997_J_color/Shinseiki_Evangelion_2nd_Impression_1997_J_color.cbr
Shining Force III	en	https://archive.org/download/SEGASaturnManuals_201812/Shining Force III (USA).pdf
Shining the Holy Ark	en	https://archive.org/download/SEGASaturnManuals_201812/Shining The Holy Ark (USA).pdf
Shining the Holy Ark	ja	https://archive.org/download/shiningtheholyarksegasaturnhiresscans/Shining the Holy Ark - Manual (Searchable).pdf
Shining Wisdom	en	https://archive.org/download/SEGASaturnManuals_201812/Shining Wisdom (USA).pdf
Shinobi Legions	en	https://archive.org/download/SEGASaturnManuals_201812/Shinobi Legions (USA).pdf
Shinobi Legions	ja	https://segaretro.org/images/e/e8/Shinobi_Legions_Sat_JP_Manual.pdf
Shockwave Assault	en	https://archive.org/download/SEGASaturnManuals_201812/Shockwave Assault (USA).pdf
Shoujo Kakumei Utena - Itsuka Kakumei Sareru Monogatari	ja	https://archive.org/download/Shoujo_Kakumei_Utena_Itsuka_Kakumei_Sareru_Monogatari_1998_J_color/Shoujo_Kakumei_Utena_Itsuka_Kakumei_Sareru_Monogatari_1998_J_color.cbr
Side Pocket 3	ja	https://archive.org/download/Side_Pocket_3_1997_J_color/Side_Pocket_3_1997_J_color.cbr
Silhouette Mirage	ja	https://segaretro.org/images/2/2b/Silhouette_Mirage_Sat_JP_Manual.pdf
SimCity 2000	en	https://archive.org/download/SEGASaturnManuals_201812/SimCity 2000 (USA).pdf
Skeleton Warriors	en	https://archive.org/download/SEGASaturnManuals_201812/Skeleton Warriors (USA).pdf
Sky Target	en	https://archive.org/download/SEGASaturnManuals_201812/Sky Target (USA).pdf
Sky Target	ja	https://archive.org/download/Sky_Target_1997_J_color/Sky_Target_1997_J_color.cbr
Slam 'n Jam '96 featuring Magic & Kareem	en	https://archive.org/download/SEGASaturnManuals_201812/Slam 'N Jam '96 featuring Magic & Kareem (USA).pdf
Snatcher	ja	https://archive.org/download/Snatcher_1996_J_color/Snatcher_1996_J_color.cbr
Solar Eclipse	en	https://archive.org/download/SEGASaturnManuals_201812/Solar Eclipse (USA).pdf
Sonic 3D Blast	en	https://archive.org/download/SEGASaturnManuals_201812/Sonic 3D Blast (USA).pdf
Sonic 3D Blast	en-gb,de,es,fr,it,nl	https://archive.org/download/Sonic_3D_Flickies_Island_1997_E/Sonic_3D_Flickies_Island_1997_E.cbr
Sonic 3D Blast	ja	https://archive.org/download/Sonic_3D_Flickies_Island_1997_J_color/Sonic_3D_Flickies_Island_1997_J_color.cbr
Sonic Jam	en	https://archive.org/download/Sonic_Jam_1997_U/Sonic_Jam_1997_U.cbr
Sonic Jam	en-gb,de,es,fr,it,nl	https://archive.org/download/Sonic_Jam_1997_E_6L/Sonic_Jam_1997_E_6L.cbr
Sonic Jam	ja	https://archive.org/download/Sonic_Jam_1997_J_color/Sonic_Jam_1997_J_color.cbr
Sonic Jam	pt	https://archive.org/download/SonicJam-ManualDeInstruesPT/Publicação1.pdf
Sonic R	en	https://archive.org/download/Sonic_R_1997_U/Sonic_R_1997_U.cbr
Sonic R	ja	https://archive.org/download/Sonic_R_1997_J_color/Sonic_R_1997_J_color.cbr
Sonic R	pt	https://archive.org/download/Sonic_R_1997_Br/Sonic_R_1997_Br.cbr
Sotsugyou II - Neo Generation	ja	https://segaretro.org/images/2/27/SotsugyouII_Sat_JP_manual.pdf
Soukyuu Gurentai	ja	https://archive.org/download/Soukyugurentai_1997_J_color/Soukyugurentai_1997_J_color.cbr
Soviet Strike	en	https://archive.org/download/SEGASaturnManuals_201812/Soviet Strike (USA).pdf
Soviet Strike	en-gb	https://archive.org/download/Soviet_Strike_1997_Electronic_Arts_EU/Soviet_Strike_1997_Electronic_Arts_EU.pdf
Space Hulk - Vengeance of the Blood Angels	en	https://archive.org/download/SEGASaturnManuals_201812/Space Hulk - Vengeance of the Blood Angels (USA).pdf
Space Jam	en	https://archive.org/download/SEGASaturnManuals_201812/Space Jam (USA).pdf
Spot Goes to Hollywood	en	https://archive.org/download/SEGASaturnManuals_201812/Spot Goes To Hollywood (USA).pdf
Star Fighter	en	https://archive.org/download/SEGASaturnManuals_201812/Star Fighter (USA).pdf
Steam-Heart's	ja	https://archive.org/download/Steam-Hearts_1998_J_color/Steam-Hearts_1998_J_color.cbr
Steep Slope Sliders	en	https://archive.org/download/SEGASaturnManuals_201812/Steep Slope Sliders (USA).pdf
Street Fighter - The Movie	en	https://archive.org/download/SEGASaturnManuals_201812/Street Fighter - The Movie (USA).pdf
Street Fighter Alpha - Warriors' Dreams	en	https://archive.org/download/SEGASaturnManuals_201812/Street Fighter Alpha - Warrior's Dreams (USA).pdf
Street Fighter Alpha - Warriors' Dreams	ja	https://archive.org/download/Street_Fighter_Zero_1996_J_color/Street_Fighter_Zero_1996_J_color.cbr
Street Fighter Alpha 2	en	https://archive.org/download/SEGASaturnManuals_201812/Street Fighter Alpha 2 (USA).pdf
Street Fighter Alpha 2	ja	https://archive.org/download/Street_Fighter_Zero_2_1996_J_color/Street_Fighter_Zero_2_1996_J_color.cbr
Street Fighter Collection	en	https://archive.org/download/SEGASaturnManuals_201812/Street Fighter Collection (USA) (Disc 1).pdf
Street Fighter Collection	ja	https://archive.org/download/Street_Fighter_Collection_1997_J_color/Street_Fighter_Collection_1997_J_color.cbr
Street Fighter Collection	pt	https://archive.org/download/Street_Fighter_Collection_199x_Br/Street_Fighter_Collection_199x_Br.cbr
Striker 96	en	https://archive.org/download/SEGASaturnManuals_201812/Striker '96 (USA).pdf
Super Puzzle Fighter II Turbo	en	https://archive.org/download/SEGASaturnManuals_201812/Super Puzzle Fighter II Turbo (USA).pdf
Super Puzzle Fighter II Turbo	ja	https://archive.org/download/Super_Puzzle_Fighter_II_X_1996_J_color/Super_Puzzle_Fighter_II_X_1996_J_color.cbr
Super Real Mahjong P.V	ja	https://archive.org/download/Super_Real_Mahjong_PV_1995_J_color/Super_Real_Mahjong_PV_1995_J_color.cbr
Super Robot Taisen F	ja	https://archive.org/download/Super_Robot_Taisen_F_1997_J_color/Super_Robot_Taisen_F_1997_J_color.cbr
Super Robot Taisen F - Kanketsu-hen	ja	https://segaretro.org/images/9/94/Super_Robot_Taisen_F_Kanketsuhen_(スーパーロボット大戦Ｆ_～完結編～)_Saturn_JP_取扱説明書を取る.pdf
Sword & Sorcery	ja	https://archive.org/download/SwordSorcerySegaSaturnJPManuals/Sword and Sorcery (Manual)(JP)(Sega Saturn).pdf
Tactics Ogre - Let Us Cling Together	ja	https://archive.org/download/Tactics_Ogre_1996_J_color/Tactics_Ogre_1996_J_color.cbr
Tanjou - Debut S	ja	https://segaretro.org/images/f/f6/TanjouSDebut_Saturn_JP_Manual.pdf
Tempest 2000	en	https://archive.org/download/SEGASaturnManuals_201812/Tempest 2000 (USA).pdf
Ten Pin Alley	en	https://archive.org/download/SEGASaturnManuals_201812/Ten Pin Alley (USA).pdf
Tenchi Muyou! Toukou Muyou - Aniraji Collection	ja	https://archive.org/download/Tenchi_Muyou_Toukou_Muyou_-Aniraji_Collection-_1996_J_color/Tenchi_Muyou_Toukou_Muyou_-Aniraji_Collection-_1996_J_color.cbr
Tenchi o Kurau II - Sekiheki no Tatakai	ja	https://segaretro.org/images/7/74/Tenchi_wo_Kurau_II：Sekiheki_no_Tatakai_Saturn_JP_取扱説明書.pdf
Terra Phantastica	ja	https://archive.org/download/TerraPhantasticaManualJPSegaSaturn/Terra Phantastica (Manual)(JP)(Sega Saturn).pdf
Tetris Plus	en	https://archive.org/download/SEGASaturnManuals_201812/Tetris Plus (USA).pdf
Theme Park	en	https://archive.org/download/SEGASaturnManuals_201812/Theme Park (USA).pdf
Three Dirty Dwarves	en	https://archive.org/download/SEGASaturnManuals_201812/Three Dirty Dwarves (USA).pdf
Thunderstrike 2	en	https://archive.org/download/SEGASaturnManuals_201812/Thunderstrike 2 (USA).pdf
Thunderstrike 2	en-gb,es,fr,it	https://archive.org/download/Firestorm_Thunderhawk_2_1995_Core_EU/Firestorm_Thunderhawk_2_1995_Core_EU.pdf
TNN Motor Sports HardCore 4X4	en	https://archive.org/download/SEGASaturnManuals_201812/TNN Motor Sports - Hardcore 4X4 (USA).pdf
Tokimeki Memorial Taisen Puzzledama	ja	https://archive.org/download/tokimeki-memorial-puzzle-manual/tokimeki memorial puzzle manual.pdf
Tomb Raider	en	https://archive.org/download/SEGASaturnManuals_201812/Tomb Raider (USA).pdf
Tomb Raider	ja	https://archive.org/download/Tomb_Raiders_1997_J_color/Tomb_Raiders_1997_J_color.cbr
Tomb Raider	pt	https://archive.org/download/Tomb_Raider_199x_Br/Tomb_Raider_199x_Br.cbr
Touge King the Spirits 2	ja	https://archive.org/download/touge-king-2-manual/touge king 2 manual.pdf
True Pinball	en	https://archive.org/download/SEGASaturnManuals_201812/True Pinball (USA).pdf
True Pinball	ja	https://archive.org/download/Tekkyuu_True_Pinball_1996_J_color/Tekkyuu_True_Pinball_1996_J_color.cbr
Tunnel B1	en	https://archive.org/download/SEGASaturnManuals_201812/Tunnel B1 (USA).pdf
TurfWind '96 - Take Yutaka Kyousouba Ikusei Game	ja	https://archive.org/download/TurfWind_96_Take_Yutaka_Kyousouba_Ikusei_Game_1996_J_color/TurfWind_96_Take_Yutaka_Kyousouba_Ikusei_Game_1996_J_color.cbr
UEFA Euro 96 - England	en-gb,de,es,fr,it	https://archive.org/download/SEGASaturnManuals_201812/UEFA Euro 96 England (Europe).pdf
Ultimate Mortal Kombat 3	en	https://archive.org/download/SEGASaturnManuals_201812/Ultimate Mortal Kombat 3 (USA).pdf
Valora Valley Golf	en	https://archive.org/download/SEGASaturnManuals_201812/Valora Valley Golf (USA).pdf
Vampire Hunter - Darkstalker's Revenge	ja	https://archive.org/download/Vampire_Hunter_Darkstalkers_Revenge_1996_J_color/Vampire_Hunter_Darkstalkers_Revenge_1996_J_color.cbr
Vampire Savior	ja	https://archive.org/download/SEGASaturnManuals_201812/Vampire Savior (Japan).pdf
Victory Goal	ja	https://archive.org/download/Victory_Goal_1995_J_color/Victory_Goal_1995_J_color.cbr
Virtua Cop	en	https://archive.org/download/SEGASaturnManuals_201812/Virtua Cop (USA).pdf
Virtua Cop	ja	https://archive.org/download/Virtua_Cop_1995_J_color/Virtua_Cop_1995_J_color.cbr
Virtua Cop 2	en	https://archive.org/download/SEGASaturnManuals_201812/Virtua Cop 2 (USA).pdf
Virtua Cop 2	ja	https://archive.org/download/Virtua_Cop_2_1996_J_color/Virtua_Cop_2_1996_J_color.cbr
Virtua Cop 2	pt	https://archive.org/download/manual-virtua-cop-2/manual-virtua-cop-2.pdf
Virtua Fighter	en	https://archive.org/download/SEGASaturnManuals_201812/Virtua Fighter Remix (USA).pdf
Virtua Fighter	fr	https://archive.org/download/Virtua_Fighter_1995_E-Fr/Virtua_Fighter_1995_E-Fr.cbr
Virtua Fighter	ja	https://archive.org/download/Virtua_Fighter_1994_J_color/Virtua_Fighter_1994_J_color.cbr
Virtua Fighter	pt	https://archive.org/download/virtua-fighter-saturn-manual/virtua-fighter-saturn-manual.pdf
Virtua Fighter 2	en	https://archive.org/download/SEGASaturnManuals_201812/Virtua Fighter 2 (USA).pdf
Virtua Fighter 2	ja	https://archive.org/download/Virtua_Fighter_2_1995_J_color/Virtua_Fighter_2_1995_J_color.cbr
Virtua Fighter CG Portrait Series Vol. 1 - Sarah Bryant	ja	https://archive.org/download/Virtua_Fighter_CG_Portrait_Series_Vol.1_Sarah_Bryant_1995_Sega_JP/Virtua_Fighter_CG_Portrait_Series_Vol.1_Sarah_Bryant_1995_Sega_JP.pdf
Virtua Fighter CG Portrait Series Vol. 10 - Jeffry McWild	ja	https://archive.org/download/Virtua_Fighter_CG_Portrait_Series_Vol.10_Jeffry_McWild_1996_Sega_JP/Virtua_Fighter_CG_Portrait_Series_Vol.10_Jeffry_McWild_1996_Sega_JP.pdf
Virtua Fighter CG Portrait Series Vol. 2 - Jacky Bryant	ja	https://archive.org/download/Virtua_Fighter_CG_Portrait_Series_Vol.2_Jacky_Bryant_1995_Sega_JP/Virtua_Fighter_CG_Portrait_Series_Vol.2_Jacky_Bryant_1995_Sega_JP.pdf
Virtua Fighter CG Portrait Series Vol. 3 - Akira Yuki	ja	https://archive.org/download/Virtua_Fighter_CG_Portrait_Series_Vol.3_Akira_Yuki_1995_Sega_JP/Virtua_Fighter_CG_Portrait_Series_Vol.3_Akira_Yuki_1995_Sega_JP.pdf
Virtua Fighter CG Portrait Series Vol. 4 - Pai Chan	ja	https://archive.org/download/Virtua_Fighter_CG_Portrait_Series_Vol.4_Pai_Chan_1996_Sega_JP/Virtua_Fighter_CG_Portrait_Series_Vol.4_Pai_Chan_1996_Sega_JP.pdf
Virtua Fighter CG Portrait Series Vol. 5 - Wolf Hawkfield	ja	https://archive.org/download/Virtua_Fighter_CG_Portrait_Series_Vol.5_Wolf_Hawkfield_1995_Sega_JP/Virtua_Fighter_CG_Portrait_Series_Vol.5_Wolf_Hawkfield_1995_Sega_JP.pdf
Virtua Fighter CG Portrait Series Vol. 6 - Lau Chan	ja	https://archive.org/download/Virtua_Fighter_CG_Portrait_Series_Vol.6_Lau_Chan_v1.000_1995_Sega_JP/Virtua_Fighter_CG_Portrait_Series_Vol.6_Lau_Chan_v1.000_1995_Sega_JP.pdf
Virtua Fighter CG Portrait Series Vol. 7 - Shun Di	ja	https://archive.org/download/Virtua_Fighter_CG_Portrait_Series_Vol.7_Shun_Di_1995_Sega_JP/Virtua_Fighter_CG_Portrait_Series_Vol.7_Shun_Di_1995_Sega_JP.pdf
Virtua Fighter CG Portrait Series Vol. 9 - Kage Maru	ja	https://archive.org/download/Virtua_Fighter_CG_Portrait_Series_Vol.9_Kage_Maru_1996_Sega_JP/Virtua_Fighter_CG_Portrait_Series_Vol.9_Kage_Maru_1996_Sega_JP.pdf
Virtua Fighter Kids	en	https://archive.org/download/SEGASaturnManuals_201812/Virtua Fighter Kids (USA).pdf
Virtua Fighter Kids	ja	https://archive.org/download/Virtua_Fighter_Kids_1996_J_color/Virtua_Fighter_Kids_1996_J_color.cbr
Virtua Fighter Remix	ja	https://archive.org/download/Virtua_Fighter_Remix_1995_J_color/Virtua_Fighter_Remix_1995_J_color.cbr
Virtua Fighter Remix	pt	https://archive.org/download/Virtua_Fighter_Remix_199x_Br/Virtua_Fighter_Remix_199x_Br.cbr
Virtua Photo Studio - Cameraman Simulation	ja	https://archive.org/download/Virtua_Photo_Studio_Cameraman_Simulation_1996_J_color/Virtua_Photo_Studio_Cameraman_Simulation_1996_J_color.cbr
Virtua Racing	en	https://archive.org/download/SEGASaturnManuals_201812/VR Virtua Racing (USA).pdf
Virtuacall S	ja	https://archive.org/download/Virtuacall_S_Genteiban_1998_J_color/Virtuacall_S_Genteiban_1998_J_color.cbr
Virtual Casino	en	https://archive.org/download/SEGASaturnManuals_201812/Virtual Casino (USA).pdf
Virtual Hydlide	en	https://archive.org/download/SEGASaturnManuals_201812/Virtual Hydlide (USA).pdf
Virtual Hydlide	ja	https://archive.org/download/VirtualHydlideManualsJPSegaSaturn/Virtual Hydlide (Manual)(JP)(Sega Saturn).pdf
Virtual On - Cyber Troopers	en	https://archive.org/download/SEGASaturnManuals_201812/Virtual-On - Cyber Troopers (USA).pdf
Virtual On - Cyber Troopers	ja	https://archive.org/download/Dennou_Senki_Virtual-On_1996_J_color/Dennou_Senki_Virtual-On_1996_J_color.cbr
Virtual On - Cyber Troopers Net Link Edition	en	https://archive.org/download/Virtual-On_Cyber_Troopers_NetLink_Edition_1997_U/Virtual-On_Cyber_Troopers_NetLink_Edition_1997_U.cbr
Virtual Open Tennis	en	https://archive.org/download/SEGASaturnManuals_201812/Virtual Open Tennis (USA).pdf
Virtual Volleyball	ja	https://archive.org/download/Virtual_Volleyball_1995_J_color/Virtual_Volleyball_1995_J_color.cbr
VR Golf '97	en	https://archive.org/download/SEGASaturnManuals_201812/VR Golf '97 (USA).pdf
VR Soccer	en	https://archive.org/download/SEGASaturnManuals_201812/VR Soccer (USA).pdf
Wachenroeder	ja	https://archive.org/download/Wachenroder_1998_J_color/Wachenroder_1998_J_color.cbr
WanChai Connection	ja	https://archive.org/download/WanChai_Connection_1994_J_color/WanChai_Connection_1994_J_color.cbr
Wangan Dead Heat + Real Arrange	ja	https://archive.org/download/Wangan_Dead_Heat_Real_Arrange_1996_J_color/Wangan_Dead_Heat__Real_Arrange_1996_J_color.cbr
WarCraft II - The Dark Saga	en	https://archive.org/download/SEGASaturnManuals_201812/WarCraft II - The Dark Saga (USA).pdf
WarCraft II - The Dark Saga	pt	https://archive.org/download/war2-manual/war2-manual.pdf
Willy Wombat	ja	https://archive.org/compress/willywombat/formats=JPEG&file=/willywombat.zip
Wing Arms	en	https://archive.org/download/SEGASaturnManuals_201812/Wing Arms (USA).pdf
Wing Arms	en-gb	https://archive.org/download/Wing_Arms_1995_E/Wing_Arms_1995_E.cbr
Wing Arms	ja	https://segaretro.org/images/a/a2/Wing_Arms_Sat_JP_Manual.pdf
Winning Post	en	https://archive.org/download/SEGASaturnManuals_201812/Winning Post (USA).pdf
Winning Post EX	ja	https://segaretro.org/images/a/a0/Winningpost_sat_us_manual.pdf
Winter Heat	en	https://archive.org/download/SEGASaturnManuals_201812/Winter Heat (USA).pdf
WipEout	en	https://archive.org/download/SEGASaturnManuals_201812/WipEout (USA).pdf
WipEout 2097	ja	https://archive.org/download/Wipeout_XL_1998_J_color/Wipeout_XL_1998_J_color.cbr
Wizard's Harmony	ja	https://archive.org/download/WizardsHarmonyManualJPSegaSaturn/Wizard's Harmony (Manual)(JP)(Sega Saturn).pdf
Wizardry Nemesis - The Wizardry Adventure	ja	https://archive.org/download/Wizardry_Nemesis_1998_J_color/Wizardry_Nemesis_1998_J_color.cbr
Wizardry VI & VII Complete	ja	https://archive.org/download/Wizardry_VI_VII_Complete_1996_J_color/Wizardry_VI__VII_Complete_1996_J_color.cbr
World Advanced Daisenryaku - Sakusen File	ja	https://segaretro.org/images/7/7d/WADOperationFiles_SS_jp_manual.pdf
World Cup Golf - Professional Edition	en	https://archive.org/download/SEGASaturnManuals_201812/World Cup Golf - Professional Edition (USA).pdf
World Series Baseball	en	https://archive.org/download/SEGASaturnManuals_201812/World Series Baseball (USA).pdf
World Series Baseball 98	en	https://archive.org/download/SEGASaturnManuals_201812/World Series Baseball '98 (USA).pdf
World Series Baseball II	en	https://archive.org/download/SEGASaturnManuals_201812/World Series Baseball II (USA).pdf
Worldwide Soccer - Sega International Victory Goal Edition	en	https://archive.org/download/SEGASaturnManuals_201812/Worldwide Soccer - Sega International Victory Goal Edition (USA).pdf
Worms	en	https://archive.org/download/SEGASaturnManuals_201812/Worms (USA).pdf
WWF In Your House	en	https://archive.org/download/SEGASaturnManuals_201812/WWF In Your House (USA).pdf
WWF WrestleMania - The Arcade Game	en	https://archive.org/download/SEGASaturnManuals_201812/WWF Wrestlemania - The Arcade Game (USA).pdf
X-Men - Children of the Atom	en	https://archive.org/download/SEGASaturnManuals_201812/X-Men - Children of the Atom (USA).pdf
X-Men - Children of the Atom	ja	https://archive.org/download/X-Men_Children_of_the_Atom_1996_Acclaim_JP/X-Men_Children_of_the_Atom_1996_Acclaim_JP.pdf
X-Men vs. Street Fighter	ja	https://segaretro.org/images/4/45/X-menvsstreetfighter_manual.pdf
Yakyuuken Special, The - Kon'ya wa 12-kaisen!!	ja	https://segaretro.org/images/c/c6/The_Yakyuuken_Special_JP.pdf
Yellow Brick Road	ja	https://archive.org/download/Yellow_Brick_Road_1996_J_color/Yellow_Brick_Road_1996_J_color.cbr
Zork I - The Great Underground Empire	ja	https://archive.org/download/Zork_I_The_Great_Underground_Empire_1996_J_color/Zork_I_The_Great_Underground_Empire_1996_J_color.cbr
