5 in One FunPak	https://archive.org/download/SEGAGameGearManuals/5 in 1 Funpak (USA).pdf
Aa Harimanada	https://archive.org/download/SEGAGameGearManuals/Aa Harimanada (Japan).pdf
Addams Family, The	https://segaretro.org/images/0/0a/The_Addams_Family_GG_US_Manual.pdf
Adventures of Batman & Robin, The	https://archive.org/download/SEGAGameGearManuals/Adventures of Batman & Robin, The (USA, Europe).pdf
Aerial Assault	https://segaretro.org/images/d/d7/Aerialassault_gg_us_manual.pdf
Aladdin	https://archive.org/download/SEGAGameGearManuals/Aladdin (USA, Europe).pdf
Alien 3	https://archive.org/download/SEGAGameGearManuals/Alien 3 (USA, Europe).pdf
Alien Syndrome	https://segaretro.org/images/b/bd/Aliensyndrome_gg_eu_manual.pdf
Andre Agassi Tennis	https://segaretro.org/images/1/1e/Andre_Agassi_Tennis_GG_US_Manual.pdf
Arcade Classics	https://segaretro.org/images/d/d4/Arcadeclassics_gg_us_manual.pdf
Arch Rivals - The Arcade Game	https://segaretro.org/images/5/51/Arch_Rivals_GG_US_Manual.pdf
Arena - Maze of Death ~ Arena	https://segaretro.org/images/4/41/Arena_Maze_of_Death_GG_US_Manual.pdf
Ariel the Little Mermaid	https://segaretro.org/images/2/29/Ariel_gg_us_manual.pdf
Asterix and the Great Rescue	https://segaretro.org/images/a/a2/Ast%C3%A9rix_and_The_Great_Rescue_GG_US_Manual.pdf
Ax Battler - A Legend of Golden Axe ~ Golden Axe	https://archive.org/download/SEGAGameGearManuals/Ax Battler - A Legend of Golden Axe (USA, Europe).pdf
Ayrton Senna's Super Monaco GP II	https://segaretro.org/images/c/cb/SuperMonacoGPII_gg_us_manual.pdf
Baku Baku	https://segaretro.org/images/a/a6/Baku_Baku_GG_US_Manual.pdf
Barbie Super Model	https://segaretro.org/images/c/c1/Batterup_gg_us_manual.pdf
Bare Knuckle ~ Streets of Rage	https://segaretro.org/images/4/46/Streets_of_Rage_GG_US_Manual.pdf
Bare Knuckle II ~ Streets of Rage 2 ~ Streets of Rage II	https://segaretro.org/images/6/67/Sor2_gg_us_manual.pdf
Batman Forever	https://archive.org/download/SEGAGameGearManuals/Batman Forever (World).pdf
Batman Returns	https://segaretro.org/images/d/d7/Batmanreturns_gg_us_manual.pdf
Batter Up	https://archive.org/download/SEGAGameGearManuals/Batter Up (USA, Europe).pdf
Battleship - The Classic Naval Combat Game	https://segaretro.org/images/1/18/Battleship_GG_US_Manual.pdf
Battletoads	https://segaretro.org/images/1/12/Battletoads_GG_US_Manual.pdf
Beavis and Butt-Head	https://segaretro.org/images/0/0c/Beavis_and_Butt-Head_GG_US_Manual.pdf
Berenstain Bears' Camping Adventure, The	https://segaretro.org/images/1/14/The_Berenstain_Bears%27_Camping_Adventure_GG_US_Manual.pdf
Bonkers Wax Up!	https://segaretro.org/images/0/05/Bonkers_Wax_Up%21_GG_EU_Manual.pdf
Bram Stoker's Dracula	https://segaretro.org/images/8/8b/Bram_Stoker%27s_Dracula_GG_US_Manual.pdf
Bubble Bobble	https://segaretro.org/images/d/db/Bubble_Bobble_GG_US_Manual.pdf
Bugs Bunny in Double Trouble	https://segaretro.org/images/5/5c/BBiDT_gg_us_manual.pdf
Bust-A-Move	https://archive.org/download/SEGAGameGearManuals/Bust-A-Move (USA, Europe).pdf
Caesars Palace	https://segaretro.org/images/6/6f/Caesars_Palace_GG_US_Manual.pdf
Captain America and the Avengers	https://archive.org/download/SEGAGameGearManuals/Captain America and the Avengers (USA, Europe).pdf
Casino FunPak	https://segaretro.org/images/3/3c/Casino_Funpak_GG_US_Manual.pdf
Castle of Illusion Starring Mickey Mouse	https://segaretro.org/images/6/6b/Castleofillusion_gg_us_manual.pdf
Chakan	https://archive.org/download/SEGAGameGearManuals/Chakan (USA, Europe).pdf
Cheese Cat-Astrophe Starring Speedy Gonzales	https://segaretro.org/images/5/53/CCSSG_gg_us_manual.pdf
Chessmaster, The	https://segaretro.org/images/1/14/Chessmaster_gg_us_manual.pdf
Chicago Syndicate	https://segaretro.org/images/8/89/Chicago_Syndicate_GG_US_Manual.pdf
Chuck Rock	https://segaretro.org/images/d/d2/Chuckrock_gg_us_manual.pdf
Clutch Hitter	https://archive.org/download/SEGAGameGearManuals/Clutch Hitter (USA).pdf
Columns	https://archive.org/download/SEGAGameGearManuals/Columns (USA, Europe).pdf
Cool Spot	https://segaretro.org/images/2/29/Cool_Spot_GG_US_Manual.pdf
Crystal Warriors	https://segaretro.org/images/3/3c/Crystal_Warriors_GG_US_Manual.pdf
CutThroat Island	https://archive.org/download/SEGAGameGearManuals/Cutthroat Island (USA, Europe).pdf
Deep Duck Trouble Starring Donald Duck	https://segaretro.org/images/1/1c/Deep_Duck_Trouble_Starring_Donald_Duck_GG_US_Manual.pdf
Defenders of Oasis	https://archive.org/download/SEGAGameGearManuals/Defenders of Oasis (USA, Europe).pdf
Desert Speedtrap Starring Road Runner and Wile E. Coyote	https://segaretro.org/images/6/64/Desert_Speedtrap_Starring_Road_Runner_and_Wile_E._Coyote_GG_US_Manual.pdf
Desert Strike	https://segaretro.org/images/b/b5/Desertstrike_gg_us_manual.pdf
Devilish	https://segaretro.org/images/6/66/Devilish_GG_US_Manual.pdf
Double Dragon	https://segaretro.org/images/6/69/Double_Dragon_GG_US_Manual.pdf
Dr. Robotnik's Mean Bean Machine	https://info.sonicretro.org/images/1/18/DRMBM_GG_US_manual.pdf
Dragon - The Bruce Lee Story	https://segaretro.org/images/7/71/Dragon_The_Bruce_Lee_Story_GG_US_Manual.pdf
Dragon Crystal	https://archive.org/download/SEGAGameGearManuals/Dragon Crystal (USA, Europe).pdf
Dynamite Headdy	https://archive.org/download/SEGAGameGearManuals/Dynamite Headdy (USA, Europe).pdf
Earthworm Jim	https://segaretro.org/images/1/14/Earthworm_Jim_GG_US_Manual.pdf
Ecco - The Tides of Time	https://archive.org/download/SEGAGameGearManuals/Ecco II - The Tides of Time (USA, Europe).pdf
Ecco the Dolphin	https://archive.org/download/SEGAGameGearManuals/Ecco the Dolphin (USA, Europe).pdf
Evander Holyfield's 'Real Deal' Boxing	https://archive.org/download/SEGAGameGearManuals/Evander Holyfield Boxing (USA, Europe).pdf
F-15 Strike Eagle	https://segaretro.org/images/7/7e/F-15_Strike_Eagle_GG_US_Manual.pdf
F1~ Formula One	https://segaretro.org/images/1/1d/F1_GG_US_Manual.pdf
Factory Panic	https://archive.org/download/SEGAGameGearManuals/Factory Panic (Europe).pdf
Fantasy Zone Gear ~ Fantasy Zone	https://archive.org/download/SEGAGameGearManuals/Fantasy Zone (USA).pdf
Fred Couples Golf	https://segaretro.org/images/1/13/Fred_Couples_Golf_GG_US_Manual.pdf
G-LOC - Air Battle	https://archive.org/download/SEGAGameGearManuals/G-LOC Air Battle (USA, Europe).pdf
G-Sonic ~ Sonic Blast	https://info.sonicretro.org/images/6/6e/Sonic_Blast_GG_US_Manual.pdf
Garfield - Caught in the Act	https://segaretro.org/images/6/6c/Garfield_Caught_in_the_Act_GG_US_Manual.pdf
Gear Works	https://segaretro.org/images/0/02/Gear_Works_GG_US_Manual.pdf
George Foreman's KO Boxing	https://segaretro.org/images/d/da/GFKOB_gg_us_manual.pdf
GG Shinobi II, The ~ Shinobi II - The Silent Fury	https://segaretro.org/images/e/e4/Shinobi_II_GG_US_Manual.pdf
GG Shinobi, The ~ Shinobi	https://segaretro.org/images/7/76/Shinobi_GG_US_Manual.pdf
Global Gladiators	https://segaretro.org/images/6/68/Mick_%26_Mack_as_the_Global_Gladiators_GG_EU_Manual.pdf
GP Rider	https://segaretro.org/images/d/d4/GP_Rider_GG_US_Manual.pdf
Gunstar Heroes	https://archive.org/download/SEGAGameGearManuals/Gunstar Heroes (Japan).pdf
Halley Wars	https://segaretro.org/images/a/a8/Halleywars_gg_us_manual.pdf
Home Alone	https://segaretro.org/images/2/26/Home_Alone_GG_US_Manual.pdf
Hook	https://segaretro.org/images/b/b0/Hook_GG_US_Manual.pdf
Incredible Crash Dummies, The ~ Crash Dummy - Slick Bouya no Daichousen	https://segaretro.org/images/6/64/The_Incredible_Crash_Dummies_GG_US_Manual.pdf
Incredible Hulk, The	https://segaretro.org/images/e/ea/The_Incredible_Hulk_GG_US_Manual.pdf
Indiana Jones and the Last Crusade	https://segaretro.org/images/b/be/Indiana_Jones_and_the_Last_Crusade_GG_BR_Manual.pdf
Iron Man X-O Manowar in Heavy Metal	https://segaretro.org/images/c/c3/Iron_Man-_X-O_Manowar_in_Heavy_Metal_GG_US_Manual.pdf
Itchy & Scratchy Game, The	https://segaretro.org/images/e/e2/TIaSG_GG_US_Manual.pdf
James Pond II - Codename RoboCod	https://segaretro.org/images/b/b2/JamesPondII_gg_us_manual.pdf
Jeopardy!	https://segaretro.org/images/d/dc/Jeopardy_gg_us_manual.pdf
Joe Montana Football	https://archive.org/download/SEGAGameGearManuals/Joe Montana's Football (USA, Europe).pdf
Journey from Darkness - Strider Returns	https://segaretro.org/images/0/0a/Strider_II_GG_US_Manual.pdf
Judge Dredd	https://archive.org/download/SEGAGameGearManuals/Judge Dredd (USA, Europe).pdf
Junction	https://segaretro.org/images/a/a5/Junction_gg_us_manual.pdf
Jungle Book, The	https://segaretro.org/images/3/3b/Junglebook_gg_us_manual.pdf
Jurassic Park	https://archive.org/download/SEGAGameGearManuals/Jurassic Park (USA, Europe).pdf
Kawasaki Superbike Challenge	https://archive.org/download/SEGAGameGearManuals/Kawasaki Superbike Challenge (USA, Europe).pdf
KLAX	https://segaretro.org/images/b/b5/Klax_GG_US_Manual.pdf
Krusty's Fun House	https://segaretro.org/images/a/a4/KFH_gg_us_manual.pdf
Land of Illusion Starring Mickey Mouse	https://archive.org/download/SEGAGameGearManuals/Land of Illusion Starring Mickey Mouse (USA, Europe).pdf
Last Action Hero	https://segaretro.org/images/1/10/Last_Action_Hero_GG_US_Manual.pdf
Legend of Illusion Starring Mickey Mouse	https://segaretro.org/images/d/db/Legend_of_Illusion_Starring_Mickey_Mouse_GG_US_Manual.pdf
Lemmings	https://segaretro.org/images/c/ce/Lemmings_GG_US_Manual.pdf
Lion King, The	https://segaretro.org/images/6/64/Lionking_gg_us_manual.pdf
Lost World, The - Jurassic Park	https://segaretro.org/images/b/b6/The_Lost_World_Jurassic_Park_GG_US_Manual.pdf
Lucky Dime Caper Starring Donald Duck, The	https://archive.org/download/SEGAGameGearManuals/Lucky Dime Caper, The (USA, Europe).pdf
Madden NFL 95	https://archive.org/download/SEGAGameGearManuals/Madden NFL '95 (USA).pdf
Magical Puzzle Popils	https://segaretro.org/images/e/e1/Magical_Puzzle_Popils_GG_US_Manual.pdf
Majors, The - Pro Baseball	https://archive.org/download/SEGAGameGearManuals/Majors Pro Baseball, The (USA).pdf
Marble Madness	https://segaretro.org/images/7/7b/Marble_Madness_GG_US_Manual.pdf
Master of Darkness	https://segaretro.org/images/f/f3/Master_of_Darkness_GG_US_Manual.pdf
Mega Man	https://segaretro.org/images/d/d5/Mega_Man_GG_US_Manual.pdf
Mickey's Ultimate Challenge	https://segaretro.org/images/8/80/Mickey%27s_Ultimate_Challenge_GG_US_Manual.pdf
Micro Machines	https://segaretro.org/images/9/9c/Micro_Machines_GG_US_Manual.pdf
Mighty Morphin Power Rangers	https://segaretro.org/images/9/9b/MMPR_gg_us_manual.pdf
Mighty Morphin Power Rangers - The Movie	https://segaretro.org/images/5/55/Mighty_Morphin_Power_Rangers_The_Movie_GG_US_Manual.pdf
MLBPA Baseball	https://segaretro.org/images/5/55/MLBPA_Baseball_GG_US_Manual.pdf
Monster Truck Wars	https://segaretro.org/images/5/52/Monster_Truck_Wars_GG_US_Manual.pdf
Mortal Kombat	https://archive.org/download/SEGAGameGearManuals/Mortal Kombat (USA, Europe).pdf
Mortal Kombat II	https://archive.org/download/SEGAGameGearManuals/Mortal Kombat II (World).pdf
Ms. Pac-Man	https://segaretro.org/images/4/41/Ms._Pac-Man_GG_US_Manual.pdf
NBA Action Starring David Robinson	https://segaretro.org/images/8/8b/NBAASDR_gg_us_manual.pdf
NBA Jam	https://segaretro.org/images/9/90/Nbajam_gg_us_manual.pdf
NBA Jam - Tournament Edition	https://archive.org/download/SEGAGameGearManuals/NBA Jam Tournament Edition (USA, Europe).pdf
NFL '95	https://archive.org/download/SEGAGameGearManuals/NFL '95 (USA).pdf
NFL Quarterback Club	https://segaretro.org/images/f/f0/Nflqbclub_gg_us_manual.pdf
NFL Quarterback Club 96	https://segaretro.org/images/7/77/NFL_Quarterback_Club_96_GG_US_Manual.pdf
NHL All-Star Hockey	https://segaretro.org/images/f/ff/NHL_All-Star_Hockey_GG_CA_Manual.pdf
NHL Hockey	https://segaretro.org/images/f/fe/NHL_Hockey_GG_US_Manual.pdf
Ninja Gaiden	https://segaretro.org/images/3/37/Ninja_Gaiden_GG_US_Manual.pdf
Olympic Gold	https://segaretro.org/images/e/e8/Olympic_Gold_GG_US_Manual.pdf
OutRun	https://segaretro.org/images/2/20/OutRun_GG_EU_Manual.pdf
OutRun Europa	https://segaretro.org/images/c/c3/OutRun_Europa_GG_US_Manual.pdf
Pac-Man	https://segaretro.org/images/6/62/Pacman_gg_us_manual.pdf
Paperboy	https://archive.org/download/SEGAGameGearManuals/Paperboy (USA, Europe).pdf
Paperboy 2	https://segaretro.org/images/9/9b/Paperboy_2_GG_US_Manual.pdf
Pengo	https://segaretro.org/images/5/5d/Pengo_GG_JP_Manual.pdf
Pete Sampras Tennis	https://segaretro.org/images/6/62/Pete_Sampras_Tennis_GG_US_Manual.pdf
PGA Tour 96	https://segaretro.org/images/4/45/PGA_Tour_96_GG_US_Manual.pdf
PGA Tour Golf II	https://segaretro.org/images/c/c3/PGATGII_gg_us_manual.pdf
Phantom 2040	https://segaretro.org/images/f/f8/Phantom_2040_GG_US_Manual.pdf
Pinball Dreams	https://segaretro.org/images/2/23/Pinball_Dreams_GG_US_Manual.pdf
Poker Face Paul's Blackjack	https://segaretro.org/images/6/69/PFPBJ_gg_us_manual.pdf
Poker Face Paul's Gin	https://segaretro.org/images/4/42/PFPG_gg_us_manual.pdf
Poker Face Paul's Poker	https://segaretro.org/images/9/9c/PFPP_gg_us_manual.pdf
Poker Face Paul's Solitaire	https://segaretro.org/images/7/75/PFPS_gg_us_manual.pdf
Predator 2	https://segaretro.org/images/2/2f/Predator_2_GG_US_Manual.pdf
Primal Rage	https://segaretro.org/images/8/80/Primal_Rage_GG_US_Manual.pdf
Prince of Persia	https://segaretro.org/images/2/2d/Prince_of_Persia_GG_US_Manual.pdf
Psychic World	https://segaretro.org/images/e/e4/Psychicworld_gg_us_manual.pdf
Putt & Putter - Miniature Golf ~ Putt & Putter ~ Minigolf	https://segaretro.org/images/8/86/Puttputter_gg_us_manual.pdf
Quest for the Shaven Yak Starring Ren Hoek & Stimpy	https://archive.org/download/SEGAGameGearManuals/Quest for the Shaven Yak Starring Ren Hoek & Stimpy (USA, Europe).pdf
R.C. Grand Prix	https://segaretro.org/images/c/c0/R.C._Grand_Prix_GG_US_Manual.pdf
Riddick Bowe Boxing	https://segaretro.org/images/3/34/Riddick_Bowe_Boxing_GG_US_Manual.pdf
Rise of the Robots	https://segaretro.org/images/4/43/Rise_of_the_Robots_GG_US_Manual.pdf
Ristar ~ Ristar - The Shooting Star	https://segaretro.org/images/2/2d/Ristar_GG_US_Manual.pdf
Road Rash	https://archive.org/download/SEGAGameGearManuals/Road Rash (USA).pdf
RoboCop 3	https://segaretro.org/images/0/0a/RoboCop_3_GG_US_Manual.pdf
RoboCop versus The Terminator	https://segaretro.org/images/c/c3/RoboCop_vs._The_Terminator_GG_US_Manual.pdf
Samurai Shodown	https://segaretro.org/images/0/05/Samurai_Shodown_GG_US_Manual.pdf
Scratch Golf	https://segaretro.org/images/a/a8/Scratch_Golf_GG_US_Manual.pdf
Shaq Fu	https://segaretro.org/images/f/f8/Shaq_Fu_GG_US_Manual.pdf
Shining Force - The Sword of Hajya	https://archive.org/download/SEGAGameGearManuals/Shining Force II - The Sword of Hajya (USA, Europe).pdf
Side Pocket	https://segaretro.org/images/8/8e/Side_Pocket_GG_US_Manual.pdf
Simpsons, The - Bart vs. the Space Mutants	https://segaretro.org/images/f/fc/BvtSM_gg_us_manual.pdf
Simpsons, The - Bart vs. the World ~ Bart World	https://segaretro.org/images/3/35/The_Simpsons_Bart_vs._the_World_GG_US_Manual.pdf
Simpsons, The - Bartman Meets Radioactive Man	https://segaretro.org/images/4/42/The_Simpsons_Bart_Meets_Radioactive_Man_GG_US_Manual.pdf
Slider	https://segaretro.org/images/2/21/Slider_gg_us_manual.pdf
Solitaire FunPak	https://segaretro.org/images/2/29/Solitaire_FunPak_GG_US_Manual.pdf
Solitaire Poker	https://segaretro.org/images/a/aa/Solitairepoker_gg_us_manual.pdf
Sonic Chaos	https://archive.org/download/SEGAGameGearManuals/Sonic Chaos (USA, Europe).pdf
Sonic Drift Racing ~ Sonic Drift 2	http://info.sonicretro.org/images/1/10/SonicDrift2_GG_US_manual.pdf
Sonic Labyrinth	http://info.sonicretro.org/images/f/fc/SonicLabyrinth_GG_US_manual.pdf
Sonic Spinball	https://archive.org/download/SEGAGameGearManuals/Sonic Spinball (USA, Europe).pdf
Sonic The Hedgehog	http://info.sonicretro.org/images/2/23/Sonic1_GG_US_manual.pdf
Sonic The Hedgehog - Triple Trouble	https://info.sonicretro.org/images/f/fb/SonicTripleTrouble_GG_US_manual.pdf
Sonic The Hedgehog 2	https://archive.org/download/SEGAGameGearManuals/Sonic the Hedgehog 2 (World).pdf
Space Harrier	https://segaretro.org/images/d/d7/Space_Harrier_GG_US_Manual.pdf
Spider-Man	https://segaretro.org/images/a/a7/Spiderman_gg_us_manual.pdf
Spider-Man - Return of the Sinister Six	https://segaretro.org/images/f/f1/Spider-Man_Return_of_the_Sinister_Six_GG_US_Manual.pdf
Spider-Man - X-Men - Arcade's Revenge	https://segaretro.org/images/e/e9/SMatXMiAR_gg_us_manual.pdf
Sports Illustrated - Championship Football & Baseball	https://segaretro.org/images/0/01/Sports_Illustrated_Championship_Football_%26_Baseball_GG_US_Manual.pdf
Sports Trivia - Championship Edition	https://segaretro.org/images/6/6c/Sports_Trivia_Championship_Edition_GG_US_Manual.pdf
Star Trek - The Next Generation - The Advanced Holodeck Tutorial	https://segaretro.org/images/5/5b/Star_Trek_The_Next_Generation_The_Advanced_Holodeck_Tutorial_GG_US_Manual.pdf
Star Trek Generations - Beyond the Nexus	https://segaretro.org/images/6/6c/Star_Trek_Generations_Beyond_the_Nexus_GG_US_Manual.pdf
Star Wars	https://archive.org/download/SEGAGameGearManuals/Star Wars (USA).pdf
Stargate	https://segaretro.org/images/4/4b/Stargate_GG_US_Manual.pdf
Super Battletank	https://segaretro.org/images/0/01/Super_Battletank_GG_US_Manual.pdf
Super Columns	https://archive.org/download/SEGAGameGearManuals/Super Columns (USA, Europe).pdf
Super Golf	https://segaretro.org/images/3/3a/Super_Golf_GG_US_Manual.pdf
Super Monaco GP	https://segaretro.org/images/3/36/Supermonacogp_gg_us_manual.pdf
Super Off Road	https://segaretro.org/images/1/18/Super_Off_Road_GG_US_Manual.pdf
Super Smash T.V.	https://segaretro.org/images/e/e8/Smash_T.V._GG_US_Manual.pdf
Super Space Invaders	https://segaretro.org/images/d/dd/Super_Space_Invaders_GG_US_Manual.pdf
Super Star Wars - Return of the Jedi	https://segaretro.org/images/b/b4/Super_Star_Wars_Return_of_the_Jedi_GG_US_Manual.pdf
Surf Ninjas	https://segaretro.org/images/5/57/Surfninjas_gg_us_manual.pdf
T2 - The Arcade Game	https://segaretro.org/images/b/be/T2tAG_gg_us_manual.pdf
Tails Adventure ~ Tails Adventures	https://info.sonicretro.org/images/1/16/TailsAdventures_GG_EU_manual.pdf
TaleSpin	https://segaretro.org/images/3/3f/TaleSpin_GG_US_Manual.pdf
Taz-Mania	https://archive.org/download/SEGAGameGearManuals/Taz-Mania - The Search for the Lost Seabirds (USA, Europe).pdf
Tempo Jr.	https://segaretro.org/images/b/b1/Tempo_Jr._GG_US_Manual.pdf
Tengen World Cup Soccer	https://segaretro.org/images/9/91/World_Cup_Soccer%28Tengen%29_GG_US_Manual.pdf
Terminator 2 - Judgment Day	https://segaretro.org/images/4/4d/Terminator_2_Judgment_Day_GG_US_Manual.pdf
Terminator, The	https://segaretro.org/images/9/9c/The_Terminator_GG_US_Manual.pdf
Tesserae	https://segaretro.org/images/5/51/Tesserae_GG_US_Manual.pdf
Tom and Jerry - The Movie	https://segaretro.org/images/2/29/Tomjerry_gg_us_manual.pdf
True Lies	https://segaretro.org/images/8/8d/True_Lies_GG_US_Manual.pdf
Virtua Fighter Animation	https://segaretro.org/images/2/21/Virtua_Fighter_Animation_GG_US_Manual.pdf
Wheel of Fortune	https://segaretro.org/images/a/aa/Wheel_of_Fortune_GG_US_Manual.pdf
Wimbledon	https://segaretro.org/images/e/e0/Wimbledon_GG_US_Manual.pdf
Winter Olympic Games ~ Winter Olympics	https://segaretro.org/images/2/25/Winter_Olympics_GG_US_Manual.pdf
Woody Pop	https://segaretro.org/images/0/09/Woody_Pop_GG_US_Manual.pdf
World Class Leaderboard Golf ~ World Class Leader Board	https://segaretro.org/images/5/55/Wclb_gg_us_manual.pdf
World Cup USA 94	https://segaretro.org/images/c/c5/Worldcup94_gg_us_manual.pdf
World Series Baseball	https://segaretro.org/images/d/dd/WSB_gg_us_manual.pdf
World Series Baseball '95	https://segaretro.org/images/6/67/World_Series_Baseball_%2795_GG_US_Manual.pdf
WWF Raw	https://archive.org/download/SEGAGameGearManuals/WWF Raw (USA, Europe).pdf
WWF Wrestlemania - Steel Cage Challenge	https://segaretro.org/images/6/65/WWFWSCC_gg_us_manual.pdf
X-Men	https://archive.org/download/SEGAGameGearManuals/X-Men (USA).pdf
X-Men - Mojo World	https://segaretro.org/images/a/aa/XMMW_gg_us_manual.pdf
Zool - Ninja of the 'Nth' Dimension	https://archive.org/download/SEGAGameGearManuals/Zool - Ninja of the Nth Dimension (USA).pdf
