18 Wheeler - American Pro Trucker	https://archive.org/download/SEGADreamcastManuals_201812/18 Wheeler - American Pro Trucker (USA).pdf
4 Wheel Thunder	https://archive.org/download/SEGADreamcastManuals_201812/4 Wheel Thunder (USA).pdf
4x4 Evo	https://archive.org/download/SEGADreamcastManuals_201812/4x4 Evolution (USA).pdf
AeroWings	https://archive.org/download/SEGADreamcastManuals_201812/Aerowings (USA).pdf
AeroWings 2 - Airstrike	https://archive.org/download/SEGADreamcastManuals_201812/AeroWings 2 - Air Strike (USA).pdf
Alienfront Online	https://archive.org/download/SEGADreamcastManuals_201812/Alien Front Online (USA).pdf
Alone in the Dark - The New Nightmare	https://archive.org/download/SEGADreamcastManuals_201812/Alone in the Dark - The New Nightmare (USA).pdf
Armada	https://archive.org/download/SEGADreamcastManuals_201812/Armada (USA).pdf
Army Men - Sarge's Heroes	https://archive.org/download/SEGADreamcastManuals_201812/Army Men - Sarge's Heroes (USA).pdf
Atari Anniversary Edition	https://archive.org/download/SEGADreamcastManuals_201812/Atari Anniversary Edition (USA).pdf
Bakumatsu Roman Daini Maku - Gekka no Kenshi - Final Edition	https://segaretro.org/images/9/9e/Gekka_No_Kenshi_Final_DC_JP_Manual.pdf
Bang! Gunship Elite	https://archive.org/download/SEGADreamcastManuals_201812/BANG! Gunship Elite (USA).pdf
Bangai-O	https://archive.org/download/SEGADreamcastManuals_201812/Bangai-O (USA).pdf
Biohazard - Code - Veronica	https://archive.org/download/Biohazard_Code_Veronica_2001_Capcom_JP/Biohazard_Code_Veronica_2001_Capcom_JP.pdf
Biohazard 2 - Value Plus	https://segaretro.org/images/7/78/ResidentEvil2_DC_JP_Manual.pdf
Blue Stinger	https://archive.org/download/SEGADreamcastManuals_201812/Blue Stinger (USA).pdf
Bomber Hehhe!	https://archive.org/download/SEGADreamcastManuals_201812/Bomber Hehhe! (Japan).pdf
Bomberman Online	https://archive.org/download/SEGADreamcastManuals_201812/Bomberman Online (USA).pdf
Buggy Heat	https://archive.org/download/SEGADreamcastManuals_201812/TNN Motorsports Hardcore Heat (USA).pdf
Buggy Heat (Japan)	https://segaretro.org/images/d/d4/Buggy_Heat_DC_JP_Manual.pdf
Bust-A-Move 4	https://archive.org/download/SEGADreamcastManuals_201812/Bust-A-Move 4 (USA).pdf
Caesars Palace 2000 - Millennium Gold Edition	https://archive.org/download/SEGADreamcastManuals_201812/Caesars Palace 2000 - Millennium Gold Edition (USA).pdf
Cannon Spike	https://archive.org/download/SEGADreamcastManuals_201812/Cannon Spike (USA).pdf
Capcom vs. SNK	https://archive.org/download/SEGADreamcastManuals_201812/Capcom vs. SNK (USA).pdf
Capcom vs. SNK - Millennium Fight 2000	https://segaretro.org/images/e/e5/CapcomVsSNK2000DCJPManual.pdf
Carrier	https://archive.org/download/SEGADreamcastManuals_201812/Carrier (USA).pdf
Carrier (Europe)	https://archive.org/download/SEGADreamcastManuals_201812/Carrier (Europe).pdf
Carrier (Japan)	https://segaretro.org/images/6/62/CarrierDCJPManual.pdf
Centipede	https://archive.org/download/SEGADreamcastManuals_201812/Centipede (USA).pdf
Championship Surfer	https://archive.org/download/SEGADreamcastManuals_201812/Championship Surfer (USA).pdf
Charge 'N Blast	https://archive.org/download/SEGADreamcastManuals_201812/Charge 'N Blast (USA).pdf
Charge 'N Blast (Japan)	https://segaretro.org/images/3/3d/ChargeNBlastDCJPManual.pdf
Chicken Run	https://archive.org/download/SEGADreamcastManuals_201812/Chicken Run (USA).pdf
ChuChu Rocket!	https://archive.org/download/SEGADreamcastManuals_201812/Chu Chu Rocket! (USA).pdf
Climax Landers	https://segaretro.org/images/5/50/ClimaxLandersDCJPManual.pdf
Coaster Works	https://archive.org/download/SEGADreamcastManuals_201812/Coaster Works (USA).pdf
Confidential Mission	https://archive.org/download/SEGADreamcastManuals_201812/Confidential Mission (USA).pdf
Conflict Zone	https://archive.org/download/SEGADreamcastManuals_201812/Conflict Zone - Modern War Strategy (USA).pdf
Conflict Zone (Europe)	https://archive.org/download/SEGADreamcastManuals_201812/Conflict Zone (Europe).pdf
Cool Boarders Burrrn!	https://archive.org/download/SEGADreamcastManuals_201812/Rippin' Riders (USA).pdf
Cosmic Smash	https://archive.org/download/SEGADreamcastManuals_201812/Cosmic Smash (Japan).pdf
Crazy Taxi	https://archive.org/download/SEGADreamcastManuals_201812/Crazy Taxi (USA).pdf
Crazy Taxi (Japan)	https://segaretro.org/images/5/5e/Crazytaxi_dc_jp_manual.pdf
Crazy Taxi 2	https://archive.org/download/SEGADreamcastManuals_201812/Crazy Taxi 2 (USA).pdf
Crazy Taxi 2 (Japan)	https://segaretro.org/images/b/b0/CrazyTaxi2DCJPManual.pdf
Cyber Troopers - Virtual-On - Oratorio Tangram	https://segaretro.org/images/f/fe/CyberTroopersDCUSManual.pdf
D2	https://archive.org/download/SEGADreamcastManuals_201812/D2 (USA).pdf
Dave Mirra Freestyle BMX	https://archive.org/download/SEGADreamcastManuals_201812/Dave Mirra Freestyle BMX (USA).pdf
Daytona USA 2001	https://archive.org/download/SEGADreamcastManuals_201812/Daytona USA (USA).pdf
Daytona USA 2001 (Japan)	https://segaretro.org/images/2/2e/Daytonausa_dc_jp_manual.pdf
Dead or Alive 2	https://archive.org/download/SEGADreamcastManuals_201812/Dead or Alive 2 (USA).pdf
Deadly Skies	https://archive.org/download/SEGADreamcastManuals_201812/Airforce Delta (USA).pdf
Death Crimson OX	https://archive.org/download/SEGADreamcastManuals_201812/Death Crimson OX (USA).pdf
Deep Fighter	https://archive.org/download/SEGADreamcastManuals_201812/Deep Fighter (USA).pdf
Demolition Racer - No Exit	https://archive.org/download/SEGADreamcastManuals_201812/Demolition Racer - No Exit (USA).pdf
Dino Crisis	https://archive.org/download/SEGADreamcastManuals_201812/Dino Crisis (USA).pdf
Disney's 102 Dalmatians - Puppies to the Rescue	https://archive.org/download/SEGADreamcastManuals_201812/Disney's 102 Dalmatians - Puppies to the Rescue (USA).pdf
Disney's Dinosaur	https://archive.org/download/SEGADreamcastManuals_201812/Disney's Dinosaur (USA).pdf
Disney's Donald Duck - Quack Attack	https://archive.org/download/SEGADreamcastManuals_201812/Disney's Donald Duck - Goin' Quackers (USA).pdf
Disney-Pixar Buzz Lightyear of Star Command	https://archive.org/download/SEGADreamcastManuals_201812/Buzz Lightyear of Star Command (USA).pdf
Disney-Pixar Toy Story 2 - Buzz Lightyear to the Rescue!	https://archive.org/download/SEGADreamcastManuals_201812/Toy Story 2 - Buzz Lightyear to the Rescue! (USA).pdf
Dragon Riders - Chronicles of Pern	https://archive.org/download/SEGADreamcastManuals_201812/Dragon Riders - Chronicles of Pern (USA).pdf
Dragons Blood	https://archive.org/download/SEGADreamcastManuals_201812/Draconus - Cult of the Wyrm (USA).pdf
Ducati World	https://archive.org/download/SEGADreamcastManuals_201812/Ducati World Racing Challenge (USA).pdf
Dux Version 1.5	https://archive.org/download/SEGADreamcastManuals_201812/DUX (Europe).pdf
Dynamite Cop	https://archive.org/download/SEGADreamcastManuals_201812/Dynamite Cop! (USA).pdf
Dynamite Deka 2	https://segaretro.org/images/2/2b/Dynamite_Deka_2_DC_JP_Manual.pdf
Ecco the Dolphin - Defender of the Future	https://archive.org/download/SEGADreamcastManuals_201812/Ecco the Dolphin - Defender of the Future (USA).pdf
ECW Anarchy Rulz	https://archive.org/download/SEGADreamcastManuals_201812/ECW Anarchy Rulz (USA).pdf
ECW Hardcore Revolution	https://segaretro.org/images/1/1b/ECWDCUSManual.pdf
Elemental Gimmick Gear	https://archive.org/download/SEGADreamcastManuals_201812/EGG - Elemental Gimmick Gear (USA).pdf
Elemental Gimmick Gear (Japan)	https://segaretro.org/images/4/4d/Elemental_Gimmick_Gear_DC_JP_Manual.pdf
ESPN International Track & Field	https://archive.org/download/SEGADreamcastManuals_201812/ESPN International Track & Field (USA).pdf
ESPN NBA 2Night	https://archive.org/download/SEGADreamcastManuals_201812/ESPN NBA 2Night (USA).pdf
Eternal Arcadia (Japan)	https://segaretro.org/images/4/47/SkiesofArcadia_DC_JP_Manual.pdf
Evil Dead - Hail to the King	https://archive.org/download/SEGADreamcastManuals_201812/Evil Dead - Hail to the King (USA).pdf
Evil Dead - Hail to the King (France)	https://archive.org/download/SEGADreamcastManuals_201812/Evil Dead - Hail to the King (France).pdf
Evil Twin - Cyprien's Chronicles	https://archive.org/download/SEGADreamcastManuals_201812/Evil Twin - Cyprien's Chronicles (Europe).pdf
Evolution - The World of Sacred Device	https://archive.org/download/SEGADreamcastManuals_201812/Evolution - The World of Sacred Device (USA).pdf
Evolution 2 - Far Off Promise	https://archive.org/download/SEGADreamcastManuals_201812/Evolution 2 - Far Off Promise (USA).pdf
F1 World Grand Prix	https://archive.org/download/SEGADreamcastManuals_201812/F1 World Grand Prix (USA).pdf
F1 World Grand Prix II for Dreamcast	https://archive.org/download/SEGADreamcastManuals_201812/F1 World Grand Prix II (Europe).pdf
F355 Challenge (Japan)	https://segaretro.org/images/f/f6/F355Challenge_DC_JP_Manual.pdf
F355 Challenge - Passione Rossa	https://archive.org/download/SEGADreamcastManuals_201812/F355 Challenge - Passione Rossa (USA).pdf
Fatal Fury - Mark of the Wolves	https://archive.org/download/SEGADreamcastManuals_201812/Fatal Fury - Mark of the Wolves (USA).pdf
Feet of Fury	https://archive.org/download/SEGADreamcastManuals_201812/Feet of Fury (Europe) (Proto).pdf
Fighting Force 2	https://archive.org/download/SEGADreamcastManuals_201812/Fighting Force 2 (USA).pdf
Fighting Vipers 2	https://segaretro.org/images/b/bd/Fighting_Vipers_2_DC_JP_Manual_23.pdf
Flag to Flag	https://archive.org/download/SEGADreamcastManuals_201812/Flag to Flag (USA).pdf
Floigan Bros. - Episode 1	https://segaretro.org/images/9/96/FloiganBrosDCUSManual.pdf
Freestyle Scooter	https://archive.org/download/SEGADreamcastManuals_201812/Razor Freestyle Scooter (USA).pdf
Frogger 2 - Swampy's Revenge	https://segaretro.org/images/5/59/Frogger2DCUSManual.pdf
Fur Fighters	https://archive.org/download/SEGADreamcastManuals_201812/Fur Fighters (USA).pdf
Garou - Mark of the Wolves	https://segaretro.org/images/4/45/Garou_Mark_Of_The_Wolves_DC_JP_Manual.pdf
Gauntlet Legends	https://archive.org/download/SEGADreamcastManuals_201812/Gauntlet Legends (USA).pdf
Get Bass	https://segaretro.org/images/0/0b/GetBassDCJPManual.pdf
Ghost Blade	https://segaretro.org/images/b/b5/GhostBlade_DC_le_manual.pdf
GigaWing	https://archive.org/download/SEGADreamcastManuals_201812/Giga Wing (USA).pdf
GigaWing (Japan)	https://segaretro.org/images/c/ce/Giga_Wing_DC_JP_Manual.pdf
GigaWing 2	https://segaretro.org/images/e/ef/GigaWing2_DC_US_Manual.pdf
GigaWing 2 (Japan)	https://segaretro.org/images/6/66/Giga_Wing_2_DC_JP_Manual.pdf
Golf Shiyou yo	https://segaretro.org/images/d/d5/Golf_Shiyouyo_DC_JP_Manual.pdf
Grand Theft Auto 2	https://segaretro.org/images/8/88/GTA2_DC_US_Manual.pdf
Grandia II	https://segaretro.org/images/9/9b/GrandiaII_DC_US_Manual.pdf
Grandia II (Japan)	https://segaretro.org/images/e/e4/Grandia2DCJPManual.pdf
Grinch, The	https://segaretro.org/images/f/fc/Grinch_DC_US_Manual.pdf
Gunbird 2	https://segaretro.org/images/f/f9/Gunbird2_DC_US_Manual.pdf
Gunbird 2 (Europe)	https://archive.org/download/SEGADreamcastManuals_201812/Gunbird 2 (Europe).pdf
Gunbird 2 (Japan)	https://segaretro.org/images/6/60/Gunbird_2_DC_JP_Manual.pdf
Gundam Side Story 0079 - Rise from the Ashes	https://segaretro.org/images/d/db/GundamSideStory0079_DC_US_Manual.pdf
Headhunter	https://archive.org/download/SEGADreamcastManuals_201812/Headhunter (Europe).pdf
Heavy Metal - Geomatrix	https://archive.org/download/SEGADreamcastManuals_201812/Heavy Metal - Geomatrix (USA).pdf
Hidden & Dangerous	https://archive.org/download/SEGADreamcastManuals_201812/Hidden & Dangerous (USA).pdf
House of the Dead 2, The	https://archive.org/download/SEGADreamcastManuals_201812/House of the Dead 2, The (USA).pdf
House of the Dead 2, The (Japan)	https://segaretro.org/images/5/51/House_Of_The_Dead_2_DC_JP_Manual.pdf
Hoyle Casino	https://segaretro.org/images/3/3d/HoyleCasino_DC_US_Manual.pdf
Hydro Thunder	https://archive.org/download/SEGADreamcastManuals_201812/Hydro Thunder (USA).pdf
Illbleed	https://segaretro.org/images/2/2c/Illbleed_DC_JP_Manual.pdf
Incoming	https://archive.org/download/SEGADreamcastManuals_201812/Incoming (USA).pdf
Industrial Spy - Operation Espionage	https://archive.org/download/SEGADreamcastManuals_201812/Industrial Spy - Operation Espionage (USA).pdf
Irides - Master of Blocks	https://segaretro.org/images/d/d9/Irides_-_Master_of_Blocks_(World)_(Unl)_DC_Manual.PDF
Iron Aces	https://archive.org/download/SEGADreamcastManuals_201812/Iron Aces (USA).pdf
Jeremy McGrath Supercross 2000	https://archive.org/download/SEGADreamcastManuals_201812/Jeremy Mcgrath Supercross 2000 (USA).pdf
Jet Set Radio	https://archive.org/download/SEGADreamcastManuals_201812/Jet Grind Radio (USA).pdf
Jet Set Radio (Japan)	https://segaretro.org/images/3/3b/Jet_Set_Radio_DC_JP_Manual.pdf
Jimmy White's 2 - Cueball	https://archive.org/download/SEGADreamcastManuals_201812/Jimmy White's 2 - Cueball (Europe).pdf
Jojo no Kimyou na Bouken - Mirai e no Isan	https://segaretro.org/images/b/bf/Jojo_DC_JP_Manual.pdf
JoJo's Bizarre Adventure	https://archive.org/download/SEGADreamcastManuals_201812/JoJo's Bizarre Adventure (USA).pdf
Kao the Kangaroo	https://archive.org/download/SEGADreamcastManuals_201812/Kao the Kangaroo (USA).pdf
King of Fighters '99, The - Evolution (Japan)	https://segaretro.org/images/8/82/King_Of_Fighters_99_Evolution_DC_JP_Manual.pdf
King of Fighters, The - Dream Match 1999	https://archive.org/download/SEGADreamcastManuals_201812/King of Fighters Dream Match 1999, The (USA).pdf
King of Fighters, The - Dream Match 1999 (Japan)	https://segaretro.org/images/0/0f/King_Of_Fighters_Dream_Match_1999_DC_JP_Manual.pdf
King of Fighters, The - Evolution	https://archive.org/download/SEGADreamcastManuals_201812/King of Fighters '99 Evolution, The (USA).pdf
KISS Psycho Circus - The Nightmare Child	https://archive.org/download/SEGADreamcastManuals_201812/KISS Psycho Circus - The Nightmare Child (USA).pdf
Last Blade 2, The - Heart of the Samurai	https://archive.org/download/SEGADreamcastManuals_201812/Last Blade 2 - Heart of the Samurai, The (USA).pdf
Last Hope	https://archive.org/download/SEGADreamcastManuals_201812/Last Hope - Limited Edition (Europe).pdf
Le Mans 24 Hours	https://archive.org/download/SEGADreamcastManuals_201812/Test Drive Le Mans (USA).pdf
Legacy of Kain - Soul Reaver	https://archive.org/download/SEGADreamcastManuals_201812/Legacy of Kain - Soul Reaver (USA).pdf
Legacy of Kain - Soul Reaver (France)	https://archive.org/download/SEGADreamcastManuals_201812/Legacy of Kain - Soul Reaver (France).pdf
Looney Tunes - Space Race	https://segaretro.org/images/7/7a/Looney_Tunes_Space_Race_DC_US_Manual.pdf
MagForce Racing	https://archive.org/download/SEGADreamcastManuals_201812/MagForce Racing (USA).pdf
Maken X	https://archive.org/download/SEGADreamcastManuals_201812/Maken X (USA).pdf
Maken X (Japan)	https://segaretro.org/images/f/f9/MakenXDCJPManual.pdf
Maqiupai	https://segaretro.org/images/d/dd/Maqiupai_(World)_(Unl)_Manual.pdf
Mars Matrix	https://archive.org/download/SEGADreamcastManuals_201812/Mars Matrix (USA).pdf
Marvel vs. Capcom - Clash of Super Heroes	https://archive.org/download/SEGADreamcastManuals_201812/Marvel vs. Capcom (USA).pdf
Marvel vs. Capcom - Clash of Super Heroes (Europe)	https://archive.org/download/SEGADreamcastManuals_201812/Marvel vs. Capcom (France).pdf
Marvel vs. Capcom - Clash of Super Heroes (Japan)	https://segaretro.org/images/1/12/Marvel_Vs_Capcom_DC_JP_Manual.pdf
Marvel vs. Capcom 2 - New Age of Heroes	https://archive.org/download/SEGADreamcastManuals_201812/Marvel vs. Capcom 2 (USA).pdf
Marvel vs. Capcom 2 - New Age of Heroes (Europe)	https://archive.org/download/SEGADreamcastManuals_201812/Marvel Vs. Capcom 2 - New Age Of Heroes (Europe).pdf
Marvel vs. Capcom 2 - New Age of Heroes (Japan)	https://segaretro.org/images/0/09/MarvelvsCapcom2_DC_JP_Manual.pdf
Mat Hoffman's Pro BMX	https://archive.org/download/SEGADreamcastManuals_201812/Mat Hoffman's Pro BMX (USA).pdf
Max Steel - Covert Missions	https://archive.org/download/SEGADreamcastManuals_201812/Max Steel (USA).pdf
Maximum Pool	https://archive.org/download/SEGADreamcastManuals_201812/Maximum Pool (USA).pdf
MDK2	https://archive.org/download/SEGADreamcastManuals_201812/MDK 2 (USA).pdf
Midway's Greatest Arcade Hits - Volume 1	https://archive.org/download/SEGADreamcastManuals_201812/Midway's Greatest Arcade Hits Volume 1 (USA).pdf
Midway's Greatest Arcade Hits - Volume 2	https://archive.org/download/SEGADreamcastManuals_201812/Midway's Greatest Arcade Hits Volume 2 (USA).pdf
Millennium Soldier - Expendable	https://archive.org/download/SEGADreamcastManuals_201812/Expendable (USA).pdf
Mortal Kombat Gold	https://archive.org/download/SEGADreamcastManuals_201812/Mortal Kombat Gold (USA).pdf
Mr. Driller	https://archive.org/download/SEGADreamcastManuals_201812/Mr. Driller (USA).pdf
Mr. Driller (Japan)	https://segaretro.org/images/8/83/MrDriller_DC_JP_Manual.pdf
Ms. Pac-Man Maze Madness	https://archive.org/download/SEGADreamcastManuals_201812/Ms. Pac-Man Maze Madness (USA).pdf
MSR - Metropolis Street Racer	https://segaretro.org/images/c/cc/Metropolis_Street_Racer_DC_US_Manual.pdf
MTV Sports - Skateboarding featuring Andy Macdonald	https://archive.org/download/SEGADreamcastManuals_201812/MTV Sports - Skateboarding Featuring Andy McDonald (USA).pdf
Namco Museum	https://archive.org/download/SEGADreamcastManuals_201812/Namco Museum (USA).pdf
NBA 2K	https://archive.org/download/SEGADreamcastManuals_201812/NBA 2K (USA).pdf
NBA 2K (Europe)	https://archive.org/download/SEGADreamcastManuals_201812/NBA 2K (Europe).pdf
NBA 2K1	https://archive.org/download/SEGADreamcastManuals_201812/NBA 2K1 (USA).pdf
NBA 2K2	https://archive.org/download/Sega_Sports_NBA_2K2_2001_Sega_US/Sega_Sports_NBA_2K2_2001_Sega_US.pdf
NBA Hoopz	https://archive.org/download/SEGADreamcastManuals_201812/NBA Hoopz (USA).pdf
NBA Showtime - NBA on NBC	https://archive.org/download/SEGADreamcastManuals_201812/NBA Showtime - NBA on NBC (USA).pdf
NCAA College Football 2K2 - Road to the Rose Bowl	https://archive.org/download/SEGADreamcastManuals_201812/NCAA College Football 2K2 (USA).pdf
Next Tetris, The	https://archive.org/download/SEGADreamcastManuals_201812/Next Tetris - On-line Edition, The (USA).pdf
NFL 2K	https://archive.org/download/SEGADreamcastManuals_201812/NFL 2K (USA).pdf
NFL 2K1	https://archive.org/download/SEGADreamcastManuals_201812/NFL 2K1 (USA).pdf
NFL 2K2	https://archive.org/download/SEGADreamcastManuals_201812/NFL 2K2 (USA).pdf
NFL Blitz 2000	https://archive.org/download/SEGADreamcastManuals_201812/NFL Blitz 2000 (USA).pdf
NFL Blitz 2001	https://archive.org/download/SEGADreamcastManuals_201812/NFL Blitz 2001 (USA).pdf
NFL QB Club 2001	https://archive.org/download/SEGADreamcastManuals_201812/NFL QB Club 2001 (USA).pdf
NFL Quarterback Club 2000	https://archive.org/download/SEGADreamcastManuals_201812/NFL Quarterback Club 2000 (USA).pdf
NHL 2K	https://archive.org/download/SEGADreamcastManuals_201812/NHL 2K (USA).pdf
NHL 2K2	https://archive.org/download/SEGADreamcastManuals_201812/NHL 2K2 (USA).pdf
Nightmare Creatures II	https://segaretro.org/images/3/3e/NightmareCreaturesII_DC_US_Manual.pdf
Nomad Soul, The	https://archive.org/download/SEGADreamcastManuals_201812/Omikron - The Nomad Soul (USA).pdf
O-to-i-re - Dreamcast Sequencer	https://archive.org/download/SEGADreamcastManuals_201812/O·TO·I·RE - Dreamcast Sequencer (Japan).pdf
Ooga Booga	https://archive.org/download/SEGADreamcastManuals_201812/Ooga Booga (USA).pdf
Outtrigger	https://archive.org/download/SEGADreamcastManuals_201812/Outtrigger (USA).pdf
PenPen	https://archive.org/download/SEGADreamcastManuals_201812/Pen Pen TriIcelon (USA).pdf
PenPen TriIcelon (Japan)	https://segaretro.org/images/6/65/Pen_Pen_Triicelon_DC_JP_Manual.pdf
Phantasy Star Online	https://archive.org/download/SEGADreamcastManuals_201812/Phantasy Star Online (USA).pdf
Phantasy Star Online Ver. 2	https://archive.org/download/SEGADreamcastManuals_201812/Phantasy Star Online Ver. 2 (USA).pdf
Phantasy Star Online Ver. 2 (Japan)	https://segaretro.org/images/a/a4/PSOV2_DC_JP_Manual.pdf
Pier Solar and the Great Architects	https://segaretro.org/images/6/66/Pier_Solar_MD_US_Manual.pdf
Planet Ring	https://archive.org/download/SEGADreamcastManuals_201812/Planet Ring (Europe).pdf
Plasma Sword - Nightmare of Bilstein	https://archive.org/download/SEGADreamcastManuals_201812/Plasma Sword - Nightmare of Bilstein (USA).pdf
POD 2 - Multiplayer Online	https://archive.org/download/SEGADreamcastManuals_201812/POD - Speedzone (USA).pdf
Power Stone	https://archive.org/download/SEGADreamcastManuals_201812/Power Stone (USA).pdf
Power Stone (Europe)	https://archive.org/download/SEGADreamcastManuals_201812/Power Stone (Europe).pdf
Power Stone (Japan)	https://segaretro.org/images/0/07/Power_Stone_DC_JP_Manual.pdf
Power Stone 2	https://archive.org/download/SEGADreamcastManuals_201812/Power Stone 2 (USA).pdf
Power Stone 2 (Japan)	https://segaretro.org/images/3/31/Power_Stone_2_DC_JP_Manual.pdf
Prince of Persia - Arabian Nights	https://archive.org/download/SEGADreamcastManuals_201812/Prince of Persia - Arabian Nights (USA).pdf
Project Justice - Rival Schools 2	https://archive.org/download/Project_Justice_2001_U/Project_Justice_2001_U.pdf
Psychic Force 2012	https://archive.org/download/SEGADreamcastManuals_201812/Psychic Force 2012 (USA).pdf
Puzzle Bobble 4	https://segaretro.org/images/d/d9/Puzzle_Bobble_4_DC_JP_Manual.pdf
Q-bert	https://archive.org/download/SEGADreamcastManuals_201812/Q-Bert (USA).pdf
Quake III - Arena	https://archive.org/download/SEGADreamcastManuals_201812/Quake III Arena (USA).pdf
Racing Simulation - Monaco Grand Prix	https://archive.org/download/SEGADreamcastManuals_201812/Monaco Grand Prix (USA).pdf
Railroad Tycoon II	https://archive.org/download/SEGADreamcastManuals_201812/Railroad Tycoon II - Gold Edition (USA).pdf
Rayman 2 - The Great Escape	https://archive.org/download/SEGADreamcastManuals_201812/Rayman 2 - The Great Escape (USA).pdf
Re-Volt	https://archive.org/download/Re-Volt_1999_U/Re-Volt_1999_U.pdf
Ready 2 Rumble Boxing	https://archive.org/download/SEGADreamcastManuals_201812/Ready 2 Rumble Boxing (USA).pdf
Ready 2 Rumble Boxing - Round 2	https://archive.org/download/SEGADreamcastManuals_201812/Ready 2 Rumble Boxing - Round 2 (USA).pdf
Record of Lodoss War	https://archive.org/download/SEGADreamcastManuals_201812/Record of Lodoss War (USA).pdf
Record of Lodoss War (Europe)	https://archive.org/download/SEGADreamcastManuals_201812/Record of Lodoss War (Europe).pdf
Record of Lodoss War (France)	https://archive.org/download/SEGADreamcastManuals_201812/Record of Lodoss War (France).pdf
Record of Lodoss War - The Advent of Cardice	https://segaretro.org/images/e/e5/Lodoss_War_DC_JP_Manual.pdf
Red Dog - Superior Firepower	https://archive.org/download/SEGADreamcastManuals_201812/Red Dog - Superior Firepower (USA).pdf
Reel Fishing + Wild	https://archive.org/download/SEGADreamcastManuals_201812/Reel Fishing - Wild (USA).pdf
Resident Evil - Code - Veronica	https://archive.org/download/SEGADreamcastManuals_201812/Resident Evil Code - Veronica (USA).pdf
Resident Evil 2	https://archive.org/download/SEGADreamcastManuals_201812/Resident Evil 2 (USA).pdf
Resident Evil 3 - Nemesis	https://archive.org/download/SEGADreamcastManuals_201812/Resident Evil 3 - Nemesis (USA).pdf
Rez (Japan)	https://segaretro.org/images/a/a4/Rez_DC_JP_Manual.pdf
Ring, The - Terror's Realm	https://archive.org/download/SEGADreamcastManuals_201812/Ring - Terror's Realm, The (USA).pdf
Roadsters	https://archive.org/download/SEGADreamcastManuals_201812/Roadsters (USA).pdf
Samba de Amigo	https://archive.org/download/SEGADreamcastManuals_201812/Samba de Amigo (USA).pdf
Samba de Amigo (Japan)	https://segaretro.org/images/6/6b/Samba_De_Amigo_Dreamcast_JP_Manual.pdf
San Francisco Rush 2049	https://archive.org/download/SEGADreamcastManuals_201812/San Francisco Rush 2049 (USA).pdf
Seaman	https://archive.org/download/SEGADreamcastManuals_201812/Seaman (USA).pdf
Sega Bass Fishing	https://archive.org/download/SEGADreamcastManuals_201812/Sega Bass Fishing (USA).pdf
Sega Bass Fishing 2	https://archive.org/download/SEGADreamcastManuals_201812/Sega Bass Fishing 2 (USA).pdf
Sega Extreme Sports	https://archive.org/download/SEGADreamcastManuals_201812/Xtreme Sports (USA).pdf
Sega GT	https://archive.org/download/SEGADreamcastManuals_201812/Sega GT (USA).pdf
Sega GT - Homologation Special (Japan)	https://segaretro.org/images/e/e6/SegaGT_DC_JP_Manual.pdf
Sega Marine Fishing	https://archive.org/download/Sega_Marine_Fishing_2000_Sega_US/Sega_Marine_Fishing_2000_Sega_US.pdf
Sega Rally 2	https://archive.org/download/SEGADreamcastManuals_201812/Sega Rally Championship 2 (USA).pdf
Sega Rally 2 (Japan)	https://segaretro.org/images/e/e8/SegaRally2_DC_JP_Manual.pdf
Sega Smash Pack - Volume 1	https://archive.org/download/SEGADreamcastManuals_201812/Sega Smash Pack Volume 1 (USA).pdf
Sega Worldwide Soccer 2000	https://archive.org/download/SEGADreamcastManuals_201812/Sega Worldwide Soccer 2000 (Europe).pdf
Seventh Cross Evolution	https://archive.org/download/SEGADreamcastManuals_201812/Seventh Cross Evolution (USA).pdf
SGGG - Segagaga	https://archive.org/download/SEGADreamcastManuals_201812/Segaga (Japan).pdf
Shadow Man	https://archive.org/download/SEGADreamcastManuals_201812/Shadow Man (USA).pdf
Shenmue	https://archive.org/download/SEGADreamcastManuals_201812/Shenmue (USA).pdf
Shenmue - Ichishou Yokosuka	https://segaretro.org/images/8/86/Shenmue_DC_JP_Manual_LimitedEdition.pdf
Shenmue II	https://archive.org/download/SEGADreamcastManuals_201812/Shenmue II (Europe).pdf
Shinki Sekai Evolution	https://segaretro.org/images/3/35/Evolution_DC_JP_Manual.pdf
Silent Scope	https://archive.org/download/SEGADreamcastManuals_201812/Silent Scope (USA).pdf
Silver	https://archive.org/download/SEGADreamcastManuals_201812/Silver (USA).pdf
Skies of Arcadia	https://archive.org/download/SEGADreamcastManuals_201812/Skies of Arcadia (USA).pdf
Slave Zero	https://archive.org/download/SEGADreamcastManuals_201812/Slave Zero (USA).pdf
SnoCross Championship Racing	https://archive.org/download/SEGADreamcastManuals_201812/Sno-Cross Championship Racing (USA).pdf
Soldier of Fortune	https://archive.org/download/SEGADreamcastManuals_201812/Soldier of Fortune (USA).pdf
Sonic Adventure	https://archive.org/download/SEGADreamcastManuals_201812/Sonic Adventure (USA).pdf
Sonic Adventure (Europe)	https://archive.org/download/SEGADreamcastManuals_201812/Sonic Adventure (Europe).pdf
Sonic Adventure (Japan)	https://archive.org/download/Sonic_Adventure_1998_Sega_JP/Sonic_Adventure_1998_Sega_JP.pdf
Sonic Adventure 2	https://archive.org/download/SEGADreamcastManuals_201812/Sonic Adventure 2 (USA).pdf
Sonic Adventure 2 (Japan)	https://info.sonicretro.org/images/b/b3/SonicAdventure2_DC_JP_manual.pdf
Sonic Adventure 2 - The Trial	https://archive.org/download/SEGADreamcastManuals_201812/Sonic Adventure 2 (USA).pdf
Sonic Shuffle	https://archive.org/download/SEGADreamcastManuals_201812/Sonic Shuffle (USA).pdf
Sonic Shuffle (Japan)	https://info.sonicretro.org/images/5/5d/SonicShuffle_DC_JP_manual.pdf
Soul Fighter	https://archive.org/download/SEGADreamcastManuals_201812/Soul Fighter (USA).pdf
Soulcalibur	https://archive.org/download/SEGADreamcastManuals_201812/Soul Calibur (USA).pdf
Soulcalibur (Japan)	https://segaretro.org/images/f/f1/Soul_Calibur_DC_JP_Manual.pdf
South Park - Chef's Luv Shack	https://archive.org/download/SEGADreamcastManuals_201812/South Park - Chef's Luv Shack (USA).pdf
South Park Rally	https://archive.org/download/SEGADreamcastManuals_201812/South Park Rally (USA).pdf
Space Channel 5	https://archive.org/download/SEGADreamcastManuals_201812/Space Channel 5 (USA).pdf
Space Channel 5 (Japan)	https://segaretro.org/images/6/69/Space_Channel_5_Sega_Dreamcast_Japan_Manual.pdf
Spawn - In the Demon's Hand	https://archive.org/download/SEGADreamcastManuals_201812/Spawn - In the Demon's Hand (USA).pdf
Spec Ops II - Omega Squad	https://archive.org/download/SEGADreamcastManuals_201812/Spec Ops II - Omega Squad (USA).pdf
Speed Devils	https://archive.org/download/SEGADreamcastManuals_201812/Speed Devils (USA).pdf
Speed Devils - Online Racing	https://archive.org/download/SEGADreamcastManuals_201812/Speed Devils Online Racing (USA).pdf
Spider-Man	https://archive.org/download/SEGADreamcastManuals_201812/Spider-Man (USA).pdf
Spirit of Speed 1937	https://archive.org/download/SEGADreamcastManuals_201812/Spirit of Speed 1937 (USA).pdf
Sports Jam	https://archive.org/download/SEGADreamcastManuals_201812/Sports Jam (USA).pdf
Star Wars - Demolition	https://segaretro.org/images/a/a5/StarWarsDemolition_DC_US_Manual.pdf
Star Wars - Episode I - Jedi Power Battles	https://archive.org/download/SEGADreamcastManuals_201812/Star Wars Episode I - Jedi Power Battles (USA).pdf
Star Wars - Episode I - Racer	https://archive.org/download/SEGADreamcastManuals_201812/Star Wars - Episode I Racer (USA).pdf
StarLancer	https://archive.org/download/SEGADreamcastManuals_201812/Starlancer (USA).pdf
Street Fighter Alpha 3	https://archive.org/download/SEGADreamcastManuals_201812/Street Fighter Alpha 3 (USA).pdf
Street Fighter III - 3rd Strike	https://archive.org/download/SEGADreamcastManuals_201812/Street Fighter III - 3rd Strike (USA).pdf
Street Fighter III - 3rd Strike - Fight for the Future (Japan)	https://segaretro.org/images/b/bc/StreetFighterIII3rd_DC_JP_Manual.pdf
Street Fighter III - Double Impact	https://archive.org/download/SEGADreamcastManuals_201812/Street Fighter III - Double Impact (USA).pdf
Street Fighter III - W Impact	https://segaretro.org/images/c/c9/SF3DI_DC_JP_Manual.pdf
Stupid Invaders	https://archive.org/download/SEGADreamcastManuals_201812/Stupid Invaders (USA).pdf
Sturmwind	https://segaretro.org/images/0/09/Sturmwind_(World)_(Unl)_Manual.pdf
Super Magnetic Neo	https://archive.org/download/SEGADreamcastManuals_201812/Super Magnetic Neo (USA).pdf
Super Magnetic Niuniu	https://segaretro.org/images/d/d5/SuperMagneticNeo_DC_JP_Manual.pdf
Super Runabout - San Francisco Edition	https://archive.org/download/SEGADreamcastManuals_201812/Super Runabout - San Francisco Edition (USA).pdf
Surf Rocket Racers	https://archive.org/download/SEGADreamcastManuals_201812/Surf Rocket Racers (USA).pdf
Suzuki Alstare - Extreme Racing	https://archive.org/download/Suzuki_Alstare_Extreme_Racing_1999_U/Suzuki_Alstare_Extreme_Racing_1999_U.pdf
Sword of the Berserk - Guts' Rage	https://archive.org/download/SEGADreamcastManuals_201812/Sword of the Berserk - Guts' Rage (USA).pdf
Sydney 2000	https://archive.org/download/SEGADreamcastManuals_201812/Sydney 2000 (USA).pdf
Tech Romancer	https://archive.org/download/SEGADreamcastManuals_201812/Tech Romancer (USA).pdf
Tee Off	https://archive.org/download/SEGADreamcastManuals_201812/Tee Off (USA).pdf
Test Drive 6	https://archive.org/download/SEGADreamcastManuals_201812/Test Drive 6 (USA).pdf
Time Stalkers	https://archive.org/download/SEGADreamcastManuals_201812/Time Stalkers (USA).pdf
Tokyo Highway Challenge	https://archive.org/download/SEGADreamcastManuals_201812/Tokyo Xtreme Racer (USA).pdf
Tokyo Highway Challenge 2	https://archive.org/download/SEGADreamcastManuals_201812/Tokyo Xtreme Racer 2 (USA).pdf
Tokyo Xtreme Racer (Japan)	https://archive.org/download/SEGADreamcastManuals_201812/Tokyo Xtreme Racer (Japan).pdf
Tokyo Xtreme Racer 2 (Japan)	https://archive.org/download/SEGADreamcastManuals_201812/Tokyo Xtreme Racer 2 (Japan).pdf
Tom Clancy's Rainbow Six - Rogue Spear + Mission Pack - Urban Operations	https://archive.org/download/SEGADreamcastManuals_201812/Tom Clancy's Rainbow Six - Rogue Spear (USA).pdf
Tom Clancy's Rainbow Six - Rogue Spear + Mission Pack - Urban Operations (France)	https://archive.org/download/SEGADreamcastManuals_201812/Tom Clancy's Rainbow Six - Rogue Spear (France).pdf
Tom Clancy's Rainbow Six incl. Eagle Watch Missions	https://archive.org/download/SEGADreamcastManuals_201812/Tom Clancy's Rainbow Six (USA).pdf
Tomb Raider - The Last Revelation	https://archive.org/download/SEGADreamcastManuals_201812/Tomb Raider - The Last Revelation (USA).pdf
Tomb Raider - The Last Revelation (Europe)	https://archive.org/download/SEGADreamcastManuals_201812/Tomb Raider - The Last Revelation (Europe).pdf
Tomb Raider Chronicles	https://archive.org/download/SEGADreamcastManuals_201812/Tomb Raider - Chronicles (USA).pdf
Tomb Raider IV - The Last Revelation (Japan)	https://segaretro.org/images/3/35/Tomb_Raider_IV_The_Last_Revelation_DC_JP_Manual.pdf
Tony Hawk's Pro Skater 2	https://archive.org/download/SEGADreamcastManuals_201812/Tony Hawk's Pro Skater 2 (USA).pdf
Tony Hawk's Skateboarding	https://archive.org/download/SEGADreamcastManuals_201812/Tony Hawk's Pro Skater (USA).pdf
Toy Commander	https://archive.org/download/SEGADreamcastManuals_201812/Toy Commander (USA).pdf
TrickStyle	https://archive.org/download/SEGADreamcastManuals_201812/Trickstyle (USA).pdf
Typing of the Dead, The	https://archive.org/download/SEGADreamcastManuals_201812/Typing of the Dead, The (USA).pdf
Typing of the Dead, The (Japan)	https://segaretro.org/images/8/87/Typing_Of_The_Dead_DC_JP_Manual.pdf
UEFA Dream Soccer	https://archive.org/download/SEGADreamcastManuals_201812/UEFA Dream Soccer (Europe).pdf
UEFA Striker	https://archive.org/download/SEGADreamcastManuals_201812/Striker Pro 2000 (USA).pdf
Ultimate Fighting Championship	https://archive.org/download/SEGADreamcastManuals_201812/Ultimate Fighting Championship (USA).pdf
Ultimate Fighting Championship (Japan)	https://segaretro.org/images/1/1e/UltimateFighting_DC_JP_Manual.pdf
Unreal Tournament	https://archive.org/download/SEGADreamcastManuals_201812/Unreal Tournament (USA).pdf
Urban Chaos	https://archive.org/download/SEGADreamcastManuals_201812/Urban Chaos (USA).pdf
V-Rally 2 - Expert Edition	https://archive.org/download/SEGADreamcastManuals_201812/Test Drive V-Rally (USA).pdf
Vanishing Point	https://archive.org/download/SEGADreamcastManuals_201812/Vanishing Point (USA).pdf
Vigilante 8 - 2nd Offense	https://archive.org/download/SEGADreamcastManuals_201812/Vigilante 8 - 2nd Offense (USA).pdf
Virtua Athlete 2K	https://archive.org/download/SEGADreamcastManuals_201812/Virtua Athlete 2000 (USA).pdf
Virtua Fighter 3tb	https://archive.org/download/SEGADreamcastManuals_201812/Virtua Fighter 3tb (USA).pdf
Virtua Fighter 3tb (Japan)	https://segaretro.org/images/2/28/Vf3_dc_jp_manual.pdf
Virtua Striker 2 Ver. 2000.1	https://archive.org/download/SEGADreamcastManuals_201812/Virtua Striker 2 (USA).pdf
Virtua Striker 2 Ver. 2000.1 (Japan)	https://segaretro.org/images/a/a2/Virtuastriker2_dc_jp_manual.pdf
Virtua Tennis - Sega Professional Tennis	https://archive.org/download/SEGADreamcastManuals_201812/Virtua Tennis (USA).pdf
Virtua Tennis 2 - Sega Professional Tennis	https://archive.org/download/Tennis_2K2_2001_U_color/Tennis_2K2_2001_U_color.pdf
Volgarr the Viking	https://archive.org/download/Volgarr_The_Viking_2015_U_color/Volgarr_The_Viking_2015_U_color.pdf
Wacky Races	https://segaretro.org/images/a/af/WackyRaces_DC_US_Manual.pdf
Walt Disney World Quest - Magical Racing Tour	https://segaretro.org/images/b/b3/WDWQMRT_DC_US_Manual.pdf
Wetrix+	https://archive.org/download/SEGADreamcastManuals_201812/Wetrix+ (USA).pdf
Who Wants to Beat Up a Millionaire	https://archive.org/download/SEGADreamcastManuals_201812/Who Wants to Beat up a Millionaire (USA).pdf
Wild Metal	https://archive.org/download/SEGADreamcastManuals_201812/Wild Metal (USA).pdf
Wind and Water - Puzzle Battles	https://segaretro.org/images/3/37/Wind_and_Water_-_Puzzle_Battles_(World)_(Unl)_Manual.pdf
World Series Baseball 2K1	https://archive.org/download/SEGADreamcastManuals_201812/World Series Baseball 2K1 (USA).pdf
World Series Baseball 2K2	https://archive.org/download/SEGADreamcastManuals_201812/World Series Baseball 2K2 (USA).pdf
Worms Armageddon	https://archive.org/download/SEGADreamcastManuals_201812/Worms Armageddon (USA).pdf
Worms World Party	https://archive.org/download/SEGADreamcastManuals_201812/Worms World Party (USA).pdf
WWF Attitude	https://archive.org/download/SEGADreamcastManuals_201812/WWF Attitude (USA).pdf
WWF Royal Rumble	https://archive.org/download/SEGADreamcastManuals_201812/WWF Royal Rumble (USA).pdf
Zombie Revenge	https://archive.org/download/SEGADreamcastManuals_201812/Zombie Revenge (USA).pdf
Zombie Revenge (Japan)	https://segaretro.org/images/e/e9/Zombierevenge_dc_jp_manual.pdf
