2 Games in 1 - Dr. Mario + Puzzle League	en	https://archive.org/download/NintendoGameBoyAdvanceManuals/2 Games in One! - Dr. Mario + Puzzle League (USA, Australia).pdf
2 Games in 1 - Finding Nemo - The Continuing Adventures + The Incredibles	en	https://archive.org/download/2-games-in-1-finding-nemo-the-incredibles-agb-binx-hol/2 Games In 1 (Finding Nemo + The Incredibles) [AGB-BINX-HOL].pdf
2 Games in 1 - Hot Wheels - Velocity X + Hot Wheels - World Race	en	https://archive.org/download/2-games-in-1-double-pack-hot-wheels-velocity-x-hot-wheels-world-race-agb-bhze-usa/2 Games in 1 Double Pack (Hot Wheels - Velocity X & Hot Wheels - World Race) [AGB-BHZE-USA].pdf
2 Games in 1 - The SpongeBob SquarePants Movie + SpongeBob SquarePants and Friends in Freeze Frame Frenzy	en	https://archive.org/download/2-games-in-1-sponge-bob-squarepants-the-movie-sponge-bob-squarepants-and-friends/2 Games in 1 (SpongeBob Squarepants - The Movie & SpongeBob Squarepants and Friends in - Freeze Frame Frenzy) [AGB-B2BP-UKV] Manual.pdf
2 Games in One! - Gauntlet + Rampart	en	http://files.replacementdocs.com/Gauntlet_and_Rampart_-_Manual_-_GBA.pdf
2 in 1 Game Pack - Shrek 2 & Shark Tale	en	https://archive.org/download/2-in-1-fun-pack-shrek-2-madagascar-operation-penguin-agb-bxhp-ukv/2-in-1 Fun Pack (Shrek 2 &amp; Madagascar - Operation Penguin) [AGB-BXHP-UKV].pdf
3 Game Pack! - Candy Land + Chutes and Ladders + Original Memory Game	en	https://archive.org/download/candy-land-chutes-and-ladders-memory-agb-bc-4-e-usa-manual/Candy Land & Chutes and Ladders & Memory [AGB-BC4E-USA] Manual.pdf
4 Games on One Game Pak	en	https://archive.org/download/4-games-on-one-game-pak-sponge-bob-square-pants-super-sponge-nicktoons-freeze-fr/4 Games On One Game Pak (SpongeBob SquarePants - SuperSponge & Nicktoons - Freeze Frame Frenzy & Fairly Oddparents - Enter the Cleft  & Rocket Power - Zero Gravity Zone) [AGB-BI7E-USA] Manual.pdf
Advance Wars	en	https://archive.org/download/NintendoGameBoyAdvanceManuals/Advance Wars (USA) (Rev 1).pdf
Advance Wars 2 - Black Hole Rising	en	https://archive.org/download/NintendoGameBoyAdvanceManuals/Advance Wars 2 - Black Hole Rising (USA, Australia).pdf
Adventures of Jimmy Neutron Boy Genius, The - Attack of the Twonkies	en	https://archive.org/download/adventures-of-jimmy-neutron-boy-genius-the-attack-of-the-twonkies/Adventures of Jimmy Neutron Boy Genius, The - Attack of the Twonkies.pdf
Adventures of Jimmy Neutron Boy Genius, The - Attack of the Twonkies	fr	https://archive.org/download/adventures-of-jimmy-neutron-boy-genius-the-attack-of-the-twonkies-agb-bf-2-e-usa-french-manual/Adventures Of Jimmy Neutron Boy Genius, The - Attack Of The Twonkies [AGB-BF2E-USA] [French] Manual.pdf.pdf
Aero the Acro-Bat - Rascal Rival Revenge	en	https://archive.org/download/NintendoGameBoyAdvanceManuals/Aero the Acro-Bat - Rascal Rival Revenge (USA).pdf
Alex Rider - Stormbreaker	en	https://archive.org/download/alex-rider-stormbreaker-agb-bawe-usa/Alex Rider - Stormbreaker [AGB-BAWE-USA].pdf
Astro Boy - Omega Factor	en	https://archive.org/download/NintendoGameBoyAdvanceManuals/Astro Boy - Omega Factor (USA) (En,Ja,Fr,De,Es,It).pdf
Astro Boy - Omega Factor	ja	https://archive.org/download/Astroboy_2003_Sega_JP/Astroboy_2003_Sega_JP.pdf
Atari Anniversary Advance	en	https://the-eye.eu/public/Books/retrowith.in/Manuals/Manuals - Nintendo GBA/Atari Anniversary (E).pdf
Atlantis - The Lost Empire	pt	https://archive.org/download/atlantis-the-lost-empire-agb-atlx-hol/Atlantis - The Lost Empire [AGB-ATLX-HOL].pdf
ATV - Quad Power Racing	en	https://archive.org/download/atv-quad-power-racing-agb-aqre-usa/ATV - Quad Power Racing [AGB-AQRE-USA].pdf
ATV - Thunder Ridge Riders	en	https://archive.org/download/atv-thunder-ridge-riders-agb-b-38-e-usa/ATV - Thunder Ridge Riders [AGB-B38E-USA].pdf
Back to Stone	en	https://archive.org/download/NintendoGameBoyAdvanceManuals/Back to Stone (USA) (En,Fr).pdf
Backyard Sports - Baseball 2007	en	https://archive.org/download/backyard-sports-basketball-2007-agb-bb-7-e-usa/Backyard Sports - Basketball 2007 [AGB-BB7E-USA].pdf
Banjo-Kazooie - Grunty's Revenge	en	https://archive.org/download/NintendoGameBoyAdvanceManuals/Banjo-Kazooie - Grunty's Revenge (USA, Europe).pdf
Barbie - The Princess and the Pauper	en	https://archive.org/download/barbie-as-the-princess-and-the-pauper-agb-baue-usa/Barbie As - The Princess and the Pauper [AGB-BAUE-USA].pdf
Barbie as the Island Princess	en	https://archive.org/download/barbie-as-the-island-princess-agb-bnne-usa/Barbie As - The Island Princess [AGB-BNNE-USA].pdf
Barbie Groovy Games	en	https://archive.org/download/barbie-groovy-games-agb-avbe-usa/Barbie - Groovy Games [AGB-AVBE-USA].pdf
Batman - Vengeance	en	https://the-eye.eu/public/Books/retrowith.in/Manuals/Manuals - Nintendo GBA/Batman Vengance (E).pdf
Bible Game, The	en	https://archive.org/download/the-bible-game-game-boy-advance/The Bible Game (Game Boy Advance).pdf
Bionicle Heroes	en	https://archive.org/download/NintendoGameBoyAdvanceManuals/Bionicle Heroes (USA) (En,Fr,De,Es,It,Da).pdf
Bionicle Heroes	en-gb,es,it	https://archive.org/download/bionicle-heroes-agb-bihp-eur-manual/Bionicle - Heroes [AGB-BIHP-EUR] Manual.pdf
Blender Bros.	en	https://archive.org/compress/blender_0001/formats=PNG&file=/blender_0001.zip
Boboboubo Boubobo - Bakutou Hajike Taisen	ja	https://archive.org/compress/bobobobobobobobakutouhajiketaisen/formats=JPEG&file=/bobobobobobobobakutouhajiketaisen.zip
Bomberman Jetters - Densetsu no Bomberman	ja	https://archive.org/compress/bombermanjetterslegendofbomberman/formats=JPEG&file=/bombermanjetterslegendofbomberman.zip	filter=*manual*
Bomberman Jetters - Game Collection	ja	https://archive.org/compress/bombermanjettersgamecollection/formats=JPEG&file=/bombermanjettersgamecollection.zip	filter=*manual*
Bomberman Max 2 - Blue Advance	en	https://archive.org/compress/bombermanmax2blueadvance/formats=JPEG&file=/bombermanmax2blueadvance.zip	filter=Max*
Bomberman Max 2 - Blue Advance	ja	https://archive.org/compress/bombermanmax2bombermanversion/formats=JPEG&file=/bombermanmax2bombermanversion.zip	filter=Image*
Bomberman Max 2 - Red Advance	en	https://archive.org/compress/bombermanmax2redadvance/formats=JPEG&file=/bombermanmax2redadvance.zip	filter=Manual*
Bomberman Max 2 - Red Advance	ja	https://archive.org/compress/bombermanmax2maxversion/formats=JPEG&file=/bombermanmax2maxversion.zip	filter=manual*
Bomberman Tournament	en	https://archive.org/compress/bombermantournament/formats=JPEG&file=/bombermantournament.zip	filter=Manual*
Bomberman Tournament	ja	https://archive.org/compress/bombermanstorygba/formats=JPEG&file=/bombermanstorygba.zip	filter=manual-front*,manual-[012]*,manual-back*
Boulder Dash EX	en	https://archive.org/compress/boulderdashex/formats=JPEG&file=/boulderdashex.zip
Bratz - The Movie	en	https://archive.org/download/bratz-the-movie-agb-bbue-usa-manual/Bratz - The Movie [AGB-BBUE-USA].pdf
Bratz - The Movie	en-ca,fr	https://archive.org/download/bratz-the-movie-agb-bbue-usa-canadian-manual/Bratz - The Movie [AGB-BBUE-USA] (Canadian) Manual.pdf
Bratz - The Movie	en-gb,fi	https://archive.org/download/bratz-the-movie-agb-bbue-usa-canadian-manual/Bratz - The Movie [AGB-BBUE-USA] (Canadian) Manual.pdf
Breath of Fire	en	https://archive.org/download/NintendoGameBoyAdvanceManuals/Breath of Fire (USA).pdf
Breath of Fire II	en	https://archive.org/download/breath-of-fire-2-gba-manual-full-color/Breath of Fire 2 GBA Manual Full Color.pdf
Bubble Bobble - Old & New	en	https://archive.org/compress/bbgba_0005/formats=PNG&file=/bbgba_0005.zip
Cars	en	https://archive.org/download/NintendoGameBoyAdvanceManuals/Cars (USA, Europe).pdf
Castlevania	en	https://archive.org/download/castlevania-circle-of-the-moon-agb-aame-usa-manual/Castlevania - Circle of the Moon [AGB-AAME-USA] Manual.pdf
Castlevania - Aria of Sorrow	en	https://archive.org/download/CastlevaniaAriaOfSorrowManual/Castlevania - Aria of Sorrow - Manual.pdf
Castlevania - Harmony of Dissonance	en	https://archive.org/download/NintendoGameBoyAdvanceManuals/Castlevania - Harmony of Dissonance (USA).pdf
Castlevania Double Pack	en-gb,fr,nl	https://archive.org/download/castlevania-double-pack-agb-bxkp-eur-manual/Castlevania Double Pack (Castlevania - Harmony of Dissonance + Castlevania - Aria of Sorrow) [AGB-BXKP-EUR] Manual.pdf
Catz	en	https://archive.org/download/catz-gbamanual-images/CatzGBAManual.pdf
Charlotte's Web	en	https://archive.org/download/NintendoGameBoyAdvanceManuals/Charlotte's Web (USA) (En,Fr,De,Es,It).pdf
Chicken Little	en	https://archive.org/download/NintendoGameBoyAdvanceManuals/Chicken Little (USA, Europe) (En,Fr,De,Es,It,Nl).pdf
Chicken Shoot	en	https://archive.org/download/chicken-shoot-agb-b6fe-usa-manual/Chicken Shoot [AGB-B6FE-USA] Manual.pdf
ChuChu Rocket!	en	https://archive.org/download/NintendoGameBoyAdvanceManuals/ChuChu Rocket! (USA) (En,Ja,Fr,De,Es).pdf
Cinderella - Magical Dreams	en	https://archive.org/download/cinderella-magical-dreams-agb-bcde-usa-manual/Cinderella - Magical Dreams [AGB-BCDE-USA] Manual.pdf
Classic NES Series - Bomberman	en	https://archive.org/compress/gbamanual-02/formats=JPEG&file=/gbamanual-02.zip	filter=GBAmanual*.jpg
Classic NES Series - Super Mario Bros.	en	https://the-eye.eu/public/Books/retrowith.in/Manuals/Manuals - Nintendo GBA/NES Classics - Super Mario Bros. (U).pdf
Classic NES Series - The Legend of Zelda	en	https://the-eye.eu/public/Books/retrowith.in/Manuals/Manuals - Nintendo GBA/NES Classics - The Legend of Zelda (U).pdf
Classic NES Series - Zelda II - The Adventure of Link	en	https://the-eye.eu/public/Books/retrowith.in/Manuals/Manuals - Nintendo GBA/NES Classics - Zelda 2 - The Adventure of Link (U).pdf
Columns Crown	en	https://archive.org/download/NintendoGameBoyAdvanceManuals/Columns Crown (USA).pdf
Corvette	en	https://archive.org/download/corvette-agb-avce-usa-manual/Corvette [AGB-AVCE-USA].pdf
Crash & Spyro Super Pack Volume 3	en	https://archive.org/download/crash-spyro-superpack-crash-purple-spyro-orange-manual/Crash & Spyro Superpack (Crash Bandicoot - Purple Ripto's Revenge & Spyro Orange - The Cortex Conspiracy) [AGB-B53E-USA] Manual.pdf
Crash Bandicoot Fusion	en	https://archive.org/download/crash-bandicoot-purple-riptos-rampage-agb-bd4e-usa-manual/Crash Bandicoot Purple - Ripto's Rampage [AGB-BD4E-USA] Manual.pdf
Crash Bandicoot XS	en	https://archive.org/download/NintendoGameBoyAdvanceManuals/Crash Bandicoot - The Huge Adventure (USA).pdf
Crazy Chase	en	http://files.replacementdocs.com/Crazy_Chase_-_UK_Manual_-_GBA.pdf
Dinotopia - The Timestone Pirates	en	https://archive.org/download/ccf-20210701-merged-1/CCF07092021-merged (1).pdf
DK - King of Swing	en	http://files.replacementdocs.com/DK_-_King_of_Swing_-_Manual_-_GBA.pdf
Donald Duck Advance	en	http://files.replacementdocs.com/Donald_Duck_Advance_-_Manual_-_GBA.pdf
Donkey Kong Country	en	https://the-eye.eu/public/Books/retrowith.in/Manuals/Manuals - Nintendo GBA/Donkey Kong Country (U).pdf
Donkey Kong Country 2	en	https://archive.org/download/NintendoGameBoyAdvanceManuals/Donkey Kong Country 2 (USA, Australia).pdf
Donkey Kong Country 3	en	http://files.replacementdocs.com/Donkey_Kong_Country_3_-_AU_Manual_-_GBA.pdf
Dragon Ball Z - Collectible Card Game	en	http://files.replacementdocs.com/Dragon_Ball_Z_-_Collectible_Card_Game_-_Manual_-_GBA.pdf
Dragon Ball Z - The Legacy of Goku	en	https://archive.org/download/NintendoGameBoyAdvanceManuals/Dragon Ball Z - The Legacy of Goku (USA).pdf
Drill Dozer	en	https://archive.org/download/NintendoGameBoyAdvanceManuals/Drill Dozer (USA).pdf
Driver 2 Advance	en	https://www.thegameisafootarcade.com/wp-content/uploads/2017/08/Driver-2-Advance-Game-Manual.pdf
Extreme Ghostbusters - Code Ecto-1	en	http://files.replacementdocs.com/Extreme_Ghostbusters_-_Code_Ecto-1_-_UK_Manual_-_GBA.pdf
F-Zero - Maximum Velocity	en	http://files.replacementdocs.com/F-Zero_-_Maximum_Velocity_-_UK_Manual_-_GBA.pdf
F1 2002	en	http://files.replacementdocs.com/F1_2002_-_UK_Manual_-_GBA.pdf
Final Fantasy I & II - Dawn of Souls	en	https://archive.org/download/NintendoGameBoyAdvanceManuals/Final Fantasy I & II - Dawn of Souls (USA, Australia).pdf
Final Fantasy IV Advance	en	https://archive.org/download/NintendoGameBoyAdvanceManuals/Final Fantasy IV Advance (USA, Australia).pdf
Final Fantasy Tactics Advance	en	https://archive.org/download/NintendoGameBoyAdvanceManuals/Final Fantasy Tactics Advance (USA, Australia).pdf
Final Fantasy V Advance	en	https://archive.org/download/NintendoGameBoyAdvanceManuals/Final Fantasy V Advance (USA).pdf
Final Fantasy VI Advance	en	https://archive.org/download/Final_Fantasy_VI_2007_Square_Enix_US/Final_Fantasy_VI_2007_Square_Enix_US.pdf
Fire Emblem	en	https://archive.org/download/fireemblemmanualgba/Fire_Emblem_-_Manual_-_GBA.pdf
Fire Emblem - The Sacred Stones	en	https://archive.org/download/fireemblemthesacredstonesmanualgba/Fire_Emblem_the_Sacred_Stones_-_Manual_-_GBA.pdf
Freestyle Scooter	en	https://archive.org/download/razor-gba-manual/Razor Freestyle Scooter Manual (USA).pdf
Game Boy Advance Video - Cartoon Network Collection - Premium Edition	en	https://archive.org/download/game-boy-advance-video-cartoon-network-collection-premium-edition-agb-mcpp-ukv-manual/GameBoy Advance Video - Cartoon Network Collection - Premium Edition [AGB-MCPP-UKV] Manual.pdf
Game Boy Advance Video - Cartoon Network Collection - Special Edition	en	https://archive.org/download/game-boy-advance-video-cartoon-network-collection-special-edition-agb-mcsp-ukv-manual/GameBoy Advance Video - Cartoon Network Collection - Special Edition [AGB-MCSP-UKV] Manual.pdf
Game Boy Advance Video - Nicktoons Collection - Volume 1	en	https://archive.org/download/gameboyadvancevideonicktoonscollectionvol1manual/GameBoyAdvanceVideo Nicktoons Collectionvol1Manual.pdf
Golden Sun	en	https://archive.org/compress/033goldensunpostermap/formats=JPEG&file=/033goldensunpostermap.zip	pages=3-30
Golden Sun - The Lost Age	en	https://archive.org/download/NintendoGameBoyAdvanceManuals/Golden Sun - The Lost Age (USA, Europe).pdf
Grand Theft Auto Advance	en	https://the-eye.eu/public/Books/retrowith.in/Manuals/Manuals - Nintendo GBA/Grand Theft Auto (U).pdf
Gremlins - Stripe vs Gizmo	en	http://files.replacementdocs.com/Gremlins_-_Stripe_vs_Gizmo_-_UK_Manual_-_GBA.pdf
Gunstar Future Heroes	en	https://archive.org/download/NintendoGameBoyAdvanceManuals/Gunstar Super Heroes (USA).pdf
Hamtaro - Ham-Ham Heartbreak	en	https://archive.org/download/hamtaro-ham-ham-heartbreak-gbamanual-images/HamtaroHamHamHeartbreakGBAManual.pdf
Harlem Globetrotters - World Tour	en	https://archive.org/download/NintendoGameBoyAdvanceManuals/Harlem Globetrotters - World Tour (USA).pdf
Harry Potter and the Chamber of Secrets	en	https://the-eye.eu/public/Books/retrowith.in/Manuals/Manuals - Nintendo GBA/Harry Potter and The Chamber of Secrets (U).pdf
Harry Potter and the Sorcerer's Stone	en	https://the-eye.eu/public/Books/retrowith.in/Manuals/Manuals - Nintendo GBA/Harry Potter and the Sorcerer's Stone (U).pdf
Harvest Moon - Friends of Mineral Town	en,fr	https://archive.org/download/NintendoGameBoyAdvanceManuals/Harvest Moon - Friends of Mineral Town (USA).pdf
High Heat Major League Baseball 2003	en	https://archive.org/download/NintendoGameBoyAdvanceManuals/High Heat Major League Baseball 2003 (USA).pdf
Hot Wheels - All Out	en	https://archive.org/download/NintendoGameBoyAdvanceManuals/Hot Wheels - All Out (USA).pdf
Hot Wheels - Stunt Track Challenge	en	https://archive.org/download/NintendoGameBoyAdvanceManuals/Hot Wheels - Stunt Track Challenge (USA, Europe).pdf
Hudson Best Collection Vol. 1 - Bomberman Collection	ja	https://archive.org/compress/hudsonbestcollectionvol1/formats=JPEG&file=/hudsonbestcollectionvol1.zip
Iridion II	en	https://archive.org/download/NintendoGameBoyAdvanceManuals/Iridion II (USA).pdf
Jonny Moseley Mad Trix	en	https://the-eye.eu/public/Books/retrowith.in/Manuals/Manuals - Nintendo GBA/Jonny Mosley - Mad Trix (U).pdf
Kim Possible	en	https://archive.org/download/NintendoGameBoyAdvanceManuals/Kim Possible - Revenge of Monkey Fist (USA).pdf
Kim Possible 2 - Drakken's Demise	en	https://archive.org/download/NintendoGameBoyAdvanceManuals/Kim Possible 2 - Drakken's Demise (USA) (En,Fr).pdf
Kim Possible 3 - Team Possible	en,fr	https://archive.org/download/NintendoGameBoyAdvanceManuals/Kim Possible III - Team Possible (USA) (En,Fr).pdf
Kingdom Hearts - Chain of Memories	en	https://archive.org/compress/009_20190915/formats=JPEG
Klonoa - Empire of Dreams	en	https://archive.org/download/klonoaeodus/keodus.pdf
Klonoa - Empire of Dreams	en-gb,de,es,fr,it	https://archive.org/download/klonoaeodeu/klonoaeodeu.pdf
Klonoa - Empire of Dreams	ja	https://archive.org/download/klonoaeodjp/klonoaeodjp.pdf
Klonoa 2 - Dream Champ Tournament	en	https://archive.org/download/kdctus/kdctus.pdf
Klonoa 2 - Dream Champ Tournament	ja	https://archive.org/download/klonoadctjp/klonoadctjp.pdf
Klonoa Heroes - Densetsu no Star Medal	en	https://archive.org/download/khjpn/khjpn.pdf
Konami Collector's Series - Arcade Classics	en	https://the-eye.eu/public/Books/retrowith.in/Manuals/Manuals - Nintendo GBA/Konami Collectors Series - Arcade Advance (U).pdf
Kurukuru Kururin	en	https://archive.org/download/kuru-kuru-kururin-complete-manual-guide-book/Kuru Kuru Kururin Complete Manual ISBN 978-4757704572 rotated.pdf
Lara Croft Tomb Raider - Legend	en	https://archive.org/download/NintendoGameBoyAdvanceManuals/Lara Croft Tomb Raider - Legend (USA) (En,Fr,De,Es,It).pdf
Lara Croft Tomb Raider - The Prophecy	en	https://archive.org/download/NintendoGameBoyAdvanceManuals/Lara Croft Tomb Raider - The Prophecy (USA) (En,Fr,De,Es,It).pdf
Legend of Zelda, The - A Link to the Past & Four Swords	en	http://files.replacementdocs.com/The_Legend_of_Zelda_-_A_Link_to_the_Past_-_Four_Swords_-_Manual_-_GBA.pdf
Legend of Zelda, The - The Minish Cap	en	https://archive.org/download/NintendoGameBoyAdvanceManuals/Legend of Zelda, The - The Minish Cap (USA).pdf
LEGO Star Wars - The Video Game	en	https://archive.org/download/NintendoGameBoyAdvanceManuals/LEGO Star Wars - The Video Game (USA, Europe) (En,Fr,De,Es,It,Nl,Da).pdf
LEGO Star Wars II - The Original Trilogy	en	https://archive.org/download/lsw2-manual-gba/LEGO Star Wars II - The Original Trilogy Manual (USA).pdf
Lemony Snicket's A Series of Unfortunate Events	en	https://archive.org/download/NintendoGameBoyAdvanceManuals/Lemony Snicket's A Series of Unfortunate Events (USA, Europe).pdf
Let's Ride! - Friends Forever	en	https://the-eye.eu/public/Books/retrowith.in/Manuals/Manuals - Nintendo GBA/Let's Ride - Friends Forever (U).pdf
Lilo & Stitch	en	http://files.replacementdocs.com/Lilo_and_Stitch_-_Manual_-_GBA.pdf
Lilo & Stitch 2	en	https://archive.org/download/NintendoGameBoyAdvanceManuals/Lilo & Stitch 2 - Haemsterviel Havoc (USA).pdf
Lion King, The	en	https://archive.org/download/NintendoGameBoyAdvanceManuals/Lion King 1 1-2, The (USA).pdf
Little Einsteins	en	https://archive.org/download/NintendoGameBoyAdvanceManuals/Little Einsteins (USA).pdf
Little Mermaid, The - Magic in Two Kingdoms	en	https://archive.org/download/NintendoGameBoyAdvanceManuals/Little Mermaid, The - Magic in Two Kingdoms (USA, Europe) (En,Fr,De,Es,It).pdf
Lord of the Rings, The - The Fellowship of the Ring	en	https://the-eye.eu/public/Books/retrowith.in/Manuals/Manuals - Nintendo GBA/Lord of the Rings - Fellowship of the Rings (E).pdf
Madagascar	en	https://archive.org/download/NintendoGameBoyAdvanceManuals/Madagascar (USA).pdf
Madden NFL 2003	en,fr	https://archive.org/download/NintendoGameBoyAdvanceManuals/Madden NFL 2003 (USA).pdf
Magical Quest 2 Starring Mickey & Minnie	en	https://archive.org/download/mq2-gba-manual/Magical Quest 2 Starring Mickey &amp; Minnie Manual (USA).pdf
March of the Penguins	en	https://archive.org/download/NintendoGameBoyAdvanceManuals/March of the Penguins (USA).pdf
Mario & Luigi - Superstar Saga	en	https://archive.org/download/NintendoGameBoyAdvanceManuals/Mario & Luigi - Superstar Saga (USA, Australia).pdf
Mario Kart - Super Circuit	en	https://archive.org/download/Mario_Kart_Super_Circuit_2001_Nintendo_EU/Mario_Kart_Super_Circuit_2001_Nintendo_EU.pdf
Mario Kart - Super Circuit	en-gb,de,es,fr,nl	https://archive.org/download/Mario_Kart_Super_Circuit_2001_Nintendo_EU/Mario_Kart_Super_Circuit_2001_Nintendo_EU.pdf
Mario vs. Donkey Kong	en	https://archive.org/download/NintendoGameBoyAdvanceManuals/Mario vs. Donkey Kong (USA, Australia).pdf
Medal of Honor - Infiltrator	fr	https://archive.org/download/medal-of-honor-espionnage-gba-manual-fr/Medal of Honor - Espionnage (F) - orig.pdf
Mega Man & Bass	en	http://files.replacementdocs.com/Mega_Man_and_Bass_-_Manual_-_GBA.pdf
Mega Man Battle Network 5 - Team Colonel	en	https://archive.org/download/megaman-battle-network-5-team-protoman-manual-images/MegamanBattleNetwork5TeamProtomanManual.pdf
Men in Black - The Series	en	https://the-eye.eu/public/Books/retrowith.in/Manuals/Manuals - Nintendo GBA/Men In Black (E).pdf
Metal Slug Advance	en	https://the-eye.eu/public/Books/retrowith.in/Manuals/Manuals - Nintendo GBA/Metal Slug Advance (E).pdf
Metroid - Zero Mission	en-gb,de,es,fr,it	https://archive.org/download/manual-game-boy-advance-metroid-zero-mission-en-de-fr-es-it/Manual_GameBoyAdvance_MetroidZeroMission_EN_DE_FR_ES_IT.pdf
Metroid Fusion	en-gb,de,es,fr,it	https://cdn02.nintendo-europe.com/media/downloads/games_8/emanuals/game_boy_advance_8/Manual_GameBoyAdvance_MetroidFusion_EN_DE_FR_ES_IT.pdf
Micro Machines	en	https://archive.org/download/NintendoGameBoyAdvanceManuals/Micro Machines (Europe) (En,Fr,De,Es,It).pdf
Midnight Club - Street Racing	en	https://archive.org/download/NintendoGameBoyAdvanceManuals/Midnight Club - Street Racing (USA).pdf
Monster Rancher Advance	en	https://archive.org/download/NintendoGameBoyAdvanceManuals/Monster Rancher Advance (USA).pdf
Monster Truck Madness	en	https://the-eye.eu/public/Books/retrowith.in/Manuals/Manuals - Nintendo GBA/Monster Truck Madness (U).pdf
Mortal Kombat - Deadly Alliance	en	https://the-eye.eu/public/Books/retrowith.in/Manuals/Manuals - Nintendo GBA/Mortal Kombat - Deadly Alliance (U).pdf
Mortal Kombat - Tournament Edition	en	https://the-eye.eu/public/Books/retrowith.in/Manuals/Manuals - Nintendo GBA/NES Classics - Zelda 2 - The Adventure of Link (U).pdf
Mortal Kombat Advance	en	https://the-eye.eu/public/Books/retrowith.in/Manuals/Manuals - Nintendo GBA/Mortal Kombat Advance (U).pdf
Mother 3	ja	https://archive.org/download/mother3instructionmanual/MOTHER 3 manual.pdf
Mr. Driller 2	en	http://files.replacementdocs.com/Mr_Driller_2_-_Manual_-_GBA.pdf
Naruto - Ninja Council	en	https://archive.org/download/naruto-ninja-council-manual-images/NarutoNinja CouncilManual.pdf
Need for Speed - Porsche Unleashed	en	https://archive.org/download/NintendoGameBoyAdvanceManuals/Need for Speed - Porsche Unleashed (USA).pdf
Ninja Cop	en	http://files.replacementdocs.com/Ninja_Cop_-_UK_Manual_-_GBA.pdf
Pac-Man Collection	en	http://files.replacementdocs.com/Pac-Man_Collection_-_Manual_-_GBA.pdf
Pac-Man Pinball Advance	en	https://archive.org/download/NintendoGameBoyAdvanceManuals/Pac-Man Pinball Advance (USA).pdf
Pinball of the Dead, The	en	https://archive.org/download/NintendoGameBoyAdvanceManuals/Pinball of the Dead, The (USA).pdf
Play Novel - Silent Hill	en	https://archive.org/compress/SilentHillPlayNovelGBAAGBASHJJPN/formats=JPEG	format=zip,filter=*manual*
Pokemon - Ruby Version	en	https://archive.org/download/NintendoGameBoyAdvanceManuals/Pokemon - Ruby Version (USA, Europe) (Rev 2).pdf
Pokemon - Sapphire Version	en	https://archive.org/download/NintendoGameBoyAdvanceManuals/Pokemon - Sapphire Version (USA, Europe) (Rev 2).pdf
Prince of Persia - The Sands of Time	en	https://the-eye.eu/public/Books/retrowith.in/Manuals/Manuals - Nintendo GBA/Prince of Persia (E).pdf
Pro Beach Soccer	en	https://the-eye.eu/public/Books/retrowith.in/Manuals/Manuals - Nintendo GBA/Pro Beach Soccer (E).pdf
Pro Tennis WTA Tour	en	https://the-eye.eu/public/Books/retrowith.in/Manuals/Manuals - Nintendo GBA/Pro Tennis - WTA Tour (E).pdf
Proud Family, The	en	https://archive.org/download/NintendoGameBoyAdvanceManuals/Proud Family, The (USA).pdf
Rayman - Raving Rabbids	en	https://archive.org/download/NintendoGameBoyAdvanceManuals/Rayman - Raving Rabbids (USA) (En,Fr,Es).pdf
Rhythm Tengoku	ja	https://archive.org/compress/rhytngkmanual-gba-2/formats=PNG&file=/rhytngkmanual-gba-2.zip
River City Ransom EX	en	https://archive.org/download/NintendoGameBoyAdvanceManuals/River City Ransom EX (USA).pdf
Road Rash - Jailbreak	en	https://archive.org/download/roadrashj-gba-manual/Road Rash - Jailbreak Manual (USA).pdf
Rock'em Sock'em Robots	en	https://archive.org/download/NintendoGameBoyAdvanceManuals/Rock'em Sock'em Robots (USA).pdf
Rocket Power - Zero Gravity Zone	en	https://archive.org/download/rpzgz-gba-manual/Rocket Power - Zero Gravity Zone Manual (USA).pdf
Rugrats - I Gotta Go Party	en	http://files.replacementdocs.com/Rugrats_-_I_Gotta_Go_Party_-_Manual_-_GBA.pdf
Sabre Wulf	en	https://archive.org/download/SabreWulfGBAManual/Sabre Wulf.pdf
SEGA Rally Championship	en	https://archive.org/download/NintendoGameBoyAdvanceManuals/Sega Rally Championship (USA).pdf
Shaun Palmer's Pro Snowboarder	en	https://archive.org/download/ilovepdf-merged-5/ilovepdf_merged (5).pdf
Shin Bokura no Taiyou - Gyakushuu no Sabata	ja	https://archive.org/download/Boktai3Manual/SCN_0006.pdf
Shrek the Third	en	https://archive.org/download/NintendoGameBoyAdvanceManuals/Shrek the Third (USA).pdf
Simpsons, The - Road Rage	en	https://www.thegameisafootarcade.com/wp-content/uploads/2017/09/The-Simpsons-Road-Rage-Game-Manual.pdf
Sims, The - Bustin' Out	en	https://the-eye.eu/public/Books/retrowith.in/Manuals/Manuals - Nintendo GBA/Sims Bustin Out (U).pdf
Smuggler's Run	en	https://the-eye.eu/public/Books/retrowith.in/Manuals/Manuals - Nintendo GBA/Smuglers Run (E).pdf
Snood	en	https://the-eye.eu/public/Books/retrowith.in/Manuals/Manuals - Nintendo GBA/Snood (E).pdf
Sonic Advance	en	https://archive.org/download/NintendoGameBoyAdvanceManuals/Sonic Advance (USA) (En,Ja).pdf
Sonic Advance	fr	https://archive.org/download/Sonic_Advance_2001_Sega_FR/Sonic_Advance_2001_Sega_FR.pdf
Sonic Advance 2	en	https://archive.org/download/sonic-advance-2-gbamanual-images/SonicAdvance2GBAManual.pdf
Sonic Advance 3	en	https://archive.org/download/NintendoGameBoyAdvanceManuals/Sonic Advance 3 (USA) (En,Ja,Fr,De,Es,It).pdf
Sonic Battle	en	https://archive.org/download/NintendoGameBoyAdvanceManuals/Sonic Battle (USA) (En,Ja,Fr,De,Es,It).pdf
Sonic Battle	fr	https://archive.org/download/Sonic_Battle_2003_Sega_FR/Sonic_Battle_2003_Sega_FR.pdf
Sonic The Hedgehog - Genesis	en	https://archive.org/download/NintendoGameBoyAdvanceManuals/Sonic the Hedgehog - Genesis (USA).pdf
Space Channel 5 - Ulala's Cosmic Attack	en	https://archive.org/download/Space_Channel_5_Ulalas_Cosmic_Attack_2001_THQ_US/Space_Channel_5_Ulalas_Cosmic_Attack_2001_THQ_US.pdf
Spider-Man - Mysterio's Menace	en	https://archive.org/download/NintendoGameBoyAdvanceManuals/Spider-Man - Mysterio's Menace (USA, Europe).pdf
Spider-Man 3	en	https://archive.org/download/NintendoGameBoyAdvanceManuals/Spider-Man 3 (USA).pdf
SpongeBob SquarePants - Battle for Bikini Bottom	en	https://archive.org/download/sb-bfbb-manual-gba/SpongeBob SquarePants - Battle for Bikini Bottom Manual (USA).pdf
SpongeBob SquarePants - Revenge of the Flying Dutchman	en	https://archive.org/download/spongebob-squarepants-revenge-of-the-flyingdutchman-manual-images/SpongebobSquarepants RevengeOfTheFlyingdutchmanManual.pdf
Spy Kids 3-D - Game Over	en	https://the-eye.eu/public/Books/retrowith.in/Manuals/Manuals - Nintendo GBA/Spy Kids 3-D Game Over (U).pdf
Spyro - Season of Ice	en	https://archive.org/download/spyroice-gba-manual/Spyro - Season of Ice Manual (USA).pdf
Spyro 2 - Season of Flame	en	http://files.replacementdocs.com/Spyro_2_-_Season_of_Flame_-_Manual_-_GBA.pdf
Spyro Adventure	en	https://archive.org/download/NintendoGameBoyAdvanceManuals/Spyro - Attack of the Rhynocs (USA).pdf
Spyro Fusion	en	http://files.replacementdocs.com/Spyro_Orange_-_Manual_-_GBA.pdf
Star Wars - Episode III - Revenge of the Sith	en	https://archive.org/download/NintendoGameBoyAdvanceManuals/Star Wars - Episode III - Revenge of the Sith (USA) (En,Fr,Es).pdf
Super Mario Advance	ja	https://archive.org/download/Super_Mario_Advance_2001_Nintendo_JP/Super_Mario_Advance_2001_Nintendo_JP.pdf
Super Mario Advance 2 - Super Mario World	en	http://files.replacementdocs.com/Super_Mario_World_-_Super_Mario_Advance_2_-_Map_-_GBA.pdf
Super Mario Advance 3 - Yoshi's Island	en	https://archive.org/download/NintendoGameBoyAdvanceManuals/Super Mario Advance 3 - Yoshi's Island (USA).pdf
Super Mario Advance 4 - Super Mario Bros. 3	en-gb,de,es,fr,it,nl	https://archive.org/download/manual-game-boy-advance-super-mario-advance-4-super-mario-bros-3-en-de-fr-es-it/Manual_GameBoyAdvance_SuperMarioAdvance4SuperMarioBros3_EN_DE_FR_ES_IT.pdf
Super Mario Ball	en	http://files.replacementdocs.com/Mario_Pinball_Land_-_Manual_-_GBA.pdf
Super Monkey Ball Jr.	en	https://archive.org/download/NintendoGameBoyAdvanceManuals/Super Monkey Ball Jr. (USA).pdf
Sword of Mana	en	https://archive.org/download/NintendoGameBoyAdvanceManuals/Sword of Mana (USA, Australia).pdf
Tak - The Great Juju Challenge	en	http://files.replacementdocs.com/Tak_-_The_Great_Juju_Challenge_-_Manual_-_GBA.pdf
Tales of Phantasia	en	https://the-eye.eu/public/Books/retrowith.in/Manuals/Manuals - Nintendo GBA/Tales of Phantasia (U).pdf
Tang Tang	en	https://the-eye.eu/public/Books/retrowith.in/Manuals/Manuals - Nintendo GBA/Tang Tang (E).pdf
TG Rally	en	https://archive.org/download/NintendoGameBoyAdvanceManuals/Top Gear Rally (USA).pdf
Three-in-One Pack - Connect Four + Perfection + Trouble	en	https://archive.org/download/connect-four-perfection-trouble-agb-b65e-usa-manual/Connect Four & Perfection & Trouble [AGB-B65E-USA] Manual.pdf
Three-in-One Pack - Risk + Battleship + Clue	en	https://archive.org/download/NintendoGameBoyAdvanceManuals/Three-in-One Pack - Risk + Battleship + Clue (USA).pdf
Tim Burton's The Nightmare Before Christmas - The Pumpkin King	en	https://archive.org/download/NintendoGameBoyAdvanceManuals/Tim Burton's The Nightmare Before Christmas - The Pumpkin King (USA, Europe) (En,Fr,De,Es,It).pdf
Tokyo Xtreme Racer Advance	en	http://files.replacementdocs.com/Tokyo_Xtreme_Racer_Advance_-_Manual_-_GBA.pdf
Tom Clancy's Splinter Cell	en-gb,es,it	https://archive.org/download/NintendoGameBoyAdvanceManuals/Tom Clancy's Splinter Cell (USA) (En,Fr,Es).pdf
Tony Hawk's Pro Skater 2	en	https://the-eye.eu/public/Books/retrowith.in/Manuals/Manuals - Nintendo GBA/Tony Hawk Pro Skater 2 (U).pdf
Tower SP, The	en	https://archive.org/download/NintendoGameBoyAdvanceManuals/Tower SP, The (USA).pdf
Tron 2.0 - Killer App	en	https://archive.org/download/NintendoGameBoyAdvanceManuals/Tron 2.0 - Killer App (USA).pdf
V-Rally 3	en	https://www.thegameisafootarcade.com/wp-content/uploads/2017/10/V-Rally-3-Game-Manual.pdf
Wario Land 4	en	https://archive.org/download/NintendoGameBoyAdvanceManuals/Wario Land 4 (USA, Europe).pdf
WarioWare - Twisted!	en	https://archive.org/download/WarioWare_Twisted_2005_Nintendo_US/WarioWare_Twisted_2005_Nintendo_US.pdf
Wild Thornberrys Movie, The	en	https://archive.org/download/thewildthornberrysmoviegbamanualimages/TheWildThornberrysMovieGBAManual.pdf
World Championship Poker	en	http://files.replacementdocs.com/World_Championship_Poker_-_Manual_-_GBA.pdf
Worms World Party	en	https://the-eye.eu/public/Books/retrowith.in/Manuals/Manuals - Nintendo GBA/Worms World Party (E).pdf
WWF - Road to WrestleMania	en	https://the-eye.eu/public/Books/retrowith.in/Manuals/Manuals - Nintendo GBA/WWF - Road To WrestleMania (E).pdf
Yggdra Union - We'll Never Fight Alone	en	http://files.replacementdocs.com/Yggdra_Union_-_Manual_-_GBA.pdf
Yu Yu Hakusho - Ghostfiles - Spirit Detective	en	http://files.replacementdocs.com/Files_-_Spirit_Detective_-_Manual_-_GBA.pdf
Yu-Gi-Oh! - Destiny Board Traveler	en	http://files.replacementdocs.com/Yu-Gi-Oh_Destiny_Board_Traveler_-_Manual_-_GBA.pdf
Yu-Gi-Oh! - The Eternal Duelist Soul	en	http://files.replacementdocs.com/Yu-Gi-Oh_The_Eternal_Duelist_Soul_-_Manual_-_GBA.pdf
Yu-Gi-Oh! - The Sacred Cards	en	https://the-eye.eu/public/Books/retrowith.in/Manuals/Manuals - Nintendo GBA/Yu-Gi-Oh! The Sacred Cards (U).pdf
Yu-Gi-Oh! - Worldwide Edition - Stairway to the Destined Duel	en	https://archive.org/download/yugioh-world-wide-edition-manual-images/YugiohWorldWideEditionManual.pdf
