007 Racing	https://archive.org/download/SonyPlaystationManuals/007 - Tomorrow Never Dies (USA).pdf
3D Lemmings	https://archive.org/download/SonyPlaystationManuals/3D Lemmings (USA).pdf
3Xtreme	https://archive.org/download/SonyPlaystationManuals/3Xtreme (USA).pdf
4x4 World Trophy	https://archive.org/download/SonyPlaystationManuals/Test Drive Off-Road 3 (USA).pdf
A.IV - Evolution Global	https://archive.org/download/SonyPlaystationManuals/A-Train - Trains, Power, Money (USA).pdf
Ace Combat 2	https://archive.org/download/SonyPlaystationManuals/Ace Combat 2 (USA).pdf
Ace Combat 3 - Electrosphere	https://archive.org/download/SonyPlaystationManuals/Ace Combat 3 - Electrosphere (USA).pdf
Action Bass	https://archive.org/download/SonyPlaystationManuals/Action Bass (USA).pdf
Actua Golf 2	https://archive.org/download/SonyPlaystationManuals/Actua Golf 2 (Europe).pdf
Actua Pool	https://archive.org/download/SonyPlaystationManuals/Ultimate 8 Ball (USA).pdf
Actua Soccer 3	https://archive.org/download/SonyPlaystationManuals/Actua Soccer 3 (Europe).pdf
Adidas Power Soccer	https://archive.org/download/SonyPlaystationManuals/Adidas Power Soccer (USA).pdf
Air Race	https://archive.org/download/SonyPlaystationManuals/Bravo Air Race (USA).pdf
Alien Trilogy	https://archive.org/download/SonyPlaystationManuals/Alien Trilogy (USA).pdf
All Star Racing	https://archive.org/download/SonyPlaystationManuals/All Star Racing (USA).pdf
Allied General	https://archive.org/download/SonyPlaystationManuals/Allied General (USA).pdf
Alone in the Dark - The New Nightmare	https://archive.org/download/SonyPlaystationManuals/Alone in the Dark - The New Nightmare (USA) (Disc 1).pdf
Alundra	https://archive.org/download/SonyPlaystationManuals/Alundra (USA).pdf
Alundra 2 - A New Legend Begins	https://archive.org/download/SonyPlaystationManuals/Alundra 2 - A New Legend Begins (USA).pdf
Andretti Racing	https://archive.org/download/SonyPlaystationManuals/Andretti Racing (USA).pdf
Animaniacs - Ten Pin Alley	https://archive.org/download/SonyPlaystationManuals/Animaniacs - Ten Pin Alley (USA).pdf
Ape Escape	https://archive.org/download/SonyPlaystationManuals/Ape Escape (USA).pdf
Apocalypse	https://archive.org/download/SonyPlaystationManuals/Apocalypse (USA).pdf
Aquanaut's Holiday	https://archive.org/download/SonyPlaystationManuals/Aquanaut's Holiday (USA).pdf
Arc the Lad Collection - Arc Arena - Monster Tournament	https://archive.org/download/SonyPlaystationManuals/Arc the Lad Collection - Arc Arena - Monster Tournament (USA).pdf
Arc the Lad Collection - Arc the Lad	https://archive.org/download/SonyPlaystationManuals/Arc the Lad Collection - Arc the Lad (USA).pdf
Arc the Lad Collection - Arc the Lad II	https://archive.org/download/SonyPlaystationManuals/Arc the Lad Collection - Arc the Lad II (USA).pdf
Arc the Lad Collection - Arc the Lad III	https://archive.org/download/SonyPlaystationManuals/Arc the Lad Collection - Arc the Lad III (USA) (Disc 1).pdf
Arcade Party Pak	https://archive.org/download/SonyPlaystationManuals/Arcade Party Pak (USA).pdf
Arcade's Greatest Hits - The Atari Collection 2	https://archive.org/download/SonyPlaystationManuals/Arcade's Greatest Hits - The Atari Collection 2 (USA).pdf
Area 51	https://archive.org/download/SonyPlaystationManuals/Area 51 (USA).pdf
Armored Core	https://archive.org/download/SonyPlaystationManuals/Armored Core (USA).pdf
Armorines - Project S.W.A.R.M.	https://archive.org/download/SonyPlaystationManuals/Armorines - Project S.W.A.R.M. (USA).pdf
Army Men - Air Attack	https://archive.org/download/SonyPlaystationManuals/Army Men - Air Attack (USA).pdf
Army Men - Land, Sea, Air	https://archive.org/download/SonyPlaystationManuals/Army Men - World War - Land, Sea, Air (USA).pdf
Army Men - Lock 'n' Load	https://archive.org/download/SonyPlaystationManuals/Army Men - World War - Final Front (USA).pdf
Army Men - Operation Meltdown	https://archive.org/download/SonyPlaystationManuals/Army Men - World War (USA).pdf
Army Men - Team Assault	https://archive.org/download/SonyPlaystationManuals/Army Men - World War - Team Assault (USA).pdf
Army Men 3D	https://archive.org/download/SonyPlaystationManuals/Army Men 3D (USA).pdf
Asteroids	https://archive.org/download/SonyPlaystationManuals/Asteroids (USA).pdf
Atari Anniversary Edition Redux	https://archive.org/download/SonyPlaystationManuals/Atari Anniversary Edition Redux (USA).pdf
ATV - Quad Power Racing	https://archive.org/download/SonyPlaystationManuals/ATV - Quad Power Racing (USA).pdf
Auto Destruct	https://archive.org/download/SonyPlaystationManuals/Auto Destruct (USA).pdf
Azure Dreams	https://archive.org/download/SonyPlaystationManuals/Azure Dreams (USA).pdf
B-Movie	https://archive.org/download/SonyPlaystationManuals/B-Movie (Europe).pdf
Backstreet Billiards	https://archive.org/download/SonyPlaystationManuals/Backstreet Billiards (USA).pdf
Barbie - Race & Ride	https://archive.org/download/SonyPlaystationManuals/Barbie - Race & Ride (USA).pdf
Barbie - Super Sports	https://archive.org/download/SonyPlaystationManuals/Barbie - Super Sports (USA).pdf
Bases Loaded '96 - Double Header	https://archive.org/download/SonyPlaystationManuals/Bases Loaded '96 - Double Header (USA).pdf
Bass Landing	https://archive.org/download/SonyPlaystationManuals/Bass Landing (USA).pdf
Batman & Robin	https://archive.org/download/SonyPlaystationManuals/Batman & Robin (USA).pdf
Battle Stations	https://archive.org/download/SonyPlaystationManuals/Battle Stations (USA).pdf
BattleTanx - Global Assault	https://archive.org/download/SonyPlaystationManuals/BattleTanx - Global Assault (USA).pdf
Beast Wars - Transformers	https://archive.org/download/SonyPlaystationManuals/Beast Wars - Transformers (USA).PDF
Beyond the Beyond	https://archive.org/download/SonyPlaystationManuals/Beyond the Beyond (USA).pdf
Big Air	https://archive.org/download/SonyPlaystationManuals/Big Air (USA).pdf
Big Bass Fishing	https://archive.org/download/SonyPlaystationManuals/Big Bass Fishing (USA).pdf
Big Bass World Championship	https://archive.org/download/SonyPlaystationManuals/Big Bass World Championship (USA).pdf
Big Strike Bowling	https://archive.org/download/SonyPlaystationManuals/Big Strike Bowling (USA).pdf
Black Bass with Blue Marlin	https://archive.org/download/SonyPlaystationManuals/Black Bass with Blue Marlin (USA).pdf
Blast Chamber	https://archive.org/download/SonyPlaystationManuals/Blast Chamber (USA).pdf
Blast Radius	https://archive.org/download/SonyPlaystationManuals/Blast Radius (USA).pdf
Blaster Master - Blasting Again	https://archive.org/download/SonyPlaystationManuals/Blaster Master - Blasting Again (USA).PDF
Blasto	https://archive.org/download/SonyPlaystationManuals/Blasto (USA).pdf
Blockbuster Presents - GameShark Top 50 - Summer Fall 2001	https://archive.org/download/SonyPlaystationManuals/Blazing Dragons (USA).pdf
Blood Omen - Legacy of Kain	https://archive.org/download/SonyPlaystationManuals/Blood Omen - Legacy of Kain (USA).pdf
Bloody Roar - Hyper Beast Duel	https://archive.org/download/SonyPlaystationManuals/Bloody Roar (USA).pdf
Bloody Roar 2 - Bringer of the New Age	https://archive.org/download/SonyPlaystationManuals/Bloody Roar II (USA).pdf
Blue's Clues - Blue's Big Musical	https://archive.org/download/SonyPlaystationManuals/Blue's Big Musical (USA).pdf
Bomberman	https://archive.org/download/SonyPlaystationManuals/Bomberman - Party Edition (USA).pdf
Bomberman Fantasy Race	https://archive.org/download/SonyPlaystationManuals/Bomberman Fantasy Race (USA).pdf
Bomberman World	https://archive.org/download/SonyPlaystationManuals/Bomberman World (USA).pdf
Bratz - Dress Up, Get Down and Be a Bratz Superstar!	https://archive.org/download/SonyPlaystationManuals/Bratz - Dress Up, Get Down and Be a Bratz Superstar! (USA).pdf
Brave Fencer Musashi	https://archive.org/download/SonyPlaystationManuals/Brave Fencer Musashi (USA).pdf
Breakout - A Story of Bat Meets Ball...!	https://archive.org/download/SonyPlaystationManuals/Break Out (USA).pdf
Breath of Fire III	https://archive.org/download/SonyPlaystationManuals/Breath of Fire III (USA).pdf
Brian Lara Cricket	https://archive.org/download/SonyPlaystationManuals/Brian Lara Cricket (Europe).pdf
Broken Helix	https://archive.org/download/SonyPlaystationManuals/Broken Helix (USA).pdf
Broken Sword - The Shadow of the Templars	https://archive.org/download/SonyPlaystationManuals/Broken Sword - The Shadow of the Templars (USA).pdf
Brunswick Circuit Pro Bowling	https://archive.org/download/SonyPlaystationManuals/Brunswick Circuit Pro Bowling (USA).pdf
Bubble Bobble also featuring Rainbow Islands	https://archive.org/download/SonyPlaystationManuals/Bubble Bobble Also Featuring Rainbow Islands (USA).pdf
Bugs Bunny - Lost in Time	https://archive.org/download/SonyPlaystationManuals/Bugs Bunny - Lost in Time (USA).pdf
Burning Road	https://archive.org/download/SonyPlaystationManuals/Burning Road (USA).pdf
BursTrick - Wake Boarding!!	https://archive.org/download/SonyPlaystationManuals/BursTrick - Wake Boarding!! (USA).pdf
Bushido Blade	https://archive.org/download/SonyPlaystationManuals/Bushido Blade (USA).pdf
Bushido Blade 2	https://archive.org/download/SonyPlaystationManuals/Bushido Blade 2 (USA).pdf
Bust-A-Groove	https://archive.org/download/SonyPlaystationManuals/Bust A Groove (USA).pdf
Bust-A-Move 2 - Arcade Edition	https://archive.org/download/SonyPlaystationManuals/Bust-A-Move 2 - Arcade Edition (USA).pdf
Bust-A-Move 3 DX	https://archive.org/download/SonyPlaystationManuals/Bust-A-Move '99 (USA).pdf
C-12 - Final Resistance	https://archive.org/download/SonyPlaystationManuals/C-12 - Final Resistance (USA).PDF
C3 Racing - Car Constructors Championship	https://archive.org/download/SonyPlaystationManuals/C3 Racing - Car Constructors Championship (Europe).pdf
Cabela's Big Game Hunter - Ultimate Challenge	https://archive.org/download/SonyPlaystationManuals/Cabela's Big Game Hunter - Ultimate Challenge (USA).pdf
Cabela's Ultimate Deer Hunt - Open Season	https://archive.org/download/SonyPlaystationManuals/Cabela's Ultimate Deer Hunt - Open Season (USA).pdf
Caesars Palace	https://archive.org/download/SonyPlaystationManuals/Caesars Palace (USA).pdf
Caesars Palace 2000 - Millennium Gold Edition	https://archive.org/download/SonyPlaystationManuals/Caesars Palace 2000 - Millennium Gold Edition (USA).pdf
Caesars Palace II	https://archive.org/download/SonyPlaystationManuals/Caesars Palace II (USA).pdf
Cardinal Syn	https://archive.org/download/SonyPlaystationManuals/Cardinal Syn (USA).pdf
Casper	https://archive.org/download/SonyPlaystationManuals/Casper (USA).pdf
Castlevania - Symphony of the Night	https://archive.org/download/SonyPlaystationManuals/Castlevania - Symphony of the Night (USA).pdf
Castlevania Chronicles	https://archive.org/download/SonyPlaystationManuals/Castlevania Chronicles (USA).pdf
Castrol Honda Superbike Racing	https://archive.org/download/SonyPlaystationManuals/Castrol Honda Superbike Racing (USA).pdf
Cat in the Hat, The	https://archive.org/download/SonyPlaystationManuals/Cat in the Hat, The (USA).pdf
Centipede	https://archive.org/download/SonyPlaystationManuals/Centipede (USA).pdf
Championship Bass	https://archive.org/download/SonyPlaystationManuals/Championship Bass (USA).pdf
Championship Surfer	https://archive.org/download/SonyPlaystationManuals/Championship Surfer (USA).pdf
Chess	https://archive.org/download/SonyPlaystationManuals/Chess (USA).pdf
Chicken Run	https://archive.org/download/SonyPlaystationManuals/Chicken Run (USA).pdf
Chocobo Racing	https://archive.org/download/SonyPlaystationManuals/Chocobo Racing (USA).pdf
Chocobo's Dungeon 2	https://archive.org/download/SonyPlaystationManuals/Chocobo's Dungeon 2 (USA).pdf
Chrono Cross	https://archive.org/download/SonyPlaystationManuals/Chrono Cross (USA) (Disc 1).pdf
Civilization II	https://archive.org/download/SonyPlaystationManuals/Civilization II (USA).pdf
Colin McRae Rally	https://archive.org/download/SonyPlaystationManuals/Colin McRae Rally (USA).pdf
Colony Wars	https://archive.org/download/SonyPlaystationManuals/Colony Wars (USA) (Disc 1).pdf
Colony Wars - Red Sun	https://archive.org/download/SonyPlaystationManuals/Colony Wars III - Red Sun (USA).pdf
Colony Wars - Vengeance	https://archive.org/download/SonyPlaystationManuals/Colony Wars - Vengeance (USA).pdf
Command & Conquer	https://archive.org/download/SonyPlaystationManuals/Command & Conquer (USA) (Disc 1).pdf
Command & Conquer - Red Alert	https://archive.org/download/SonyPlaystationManuals/Command & Conquer - Red Alert (USA) (Disc 1).pdf
Contra - Legacy of War	https://archive.org/download/SonyPlaystationManuals/Contra - Legacy of War (USA).pdf
Cool Boarders	https://archive.org/download/SonyPlaystationManuals/Cool Boarders (USA).pdf
Cool Boarders 2	https://archive.org/download/SonyPlaystationManuals/Cool Boarders 2 (USA).pdf
Cool Boarders 3	https://archive.org/download/SonyPlaystationManuals/Cool Boarders 3 (USA).pdf
Cool Boarders 4	https://archive.org/download/SonyPlaystationManuals/Cool Boarders 4 (USA).pdf
Countdown Vampires	https://archive.org/download/SonyPlaystationManuals/Countdown Vampires (USA) (Disc 1).pdf
Crash Bandicoot	https://archive.org/download/SonyPlaystationManuals/Crash Bandicoot (USA).PDF
Crash Bandicoot 2 - Cortex Strikes Back	https://archive.org/download/SonyPlaystationManuals/Crash Bandicoot 2 - Cortex Strikes Back (USA).PDF
Crash Bandicoot 3 - Warped	https://archive.org/download/SonyPlaystationManuals/Crash Bandicoot - Warped (USA).pdf
Crash Bash	https://archive.org/download/SonyPlaystationManuals/Crash Bash (USA).PDF
Creatures	https://archive.org/download/SonyPlaystationManuals/Creatures (USA).pdf
Croc - Legend of the Gobbos	https://archive.org/download/SonyPlaystationManuals/Croc - Legend of the Gobbos (USA).pdf
Crusaders of Might and Magic	https://archive.org/download/SonyPlaystationManuals/Crusaders of Might and Magic (USA).PDF
Crypt Killer	https://archive.org/download/SonyPlaystationManuals/Crypt Killer (USA).pdf
CTR - Crash Team Racing	https://archive.org/download/SonyPlaystationManuals/CTR - Crash Team Racing (USA).PDF
CyberTiger	https://archive.org/download/SonyPlaystationManuals/CyberTiger (USA).pdf
Dance Dance Revolution Konamix	https://archive.org/download/SonyPlaystationManuals/Dance Dance Revolution Konamix (USA).pdf
Darkstalkers - The Night Warriors	https://archive.org/download/SonyPlaystationManuals/Darkstalkers - The Night Warriors (USA).pdf
Darkstalkers 3	https://archive.org/download/SonyPlaystationManuals/Darkstalkers 3 (USA).pdf
Darkstone	https://archive.org/download/SonyPlaystationManuals/Darkstone (USA).PDF
Dave Mirra Freestyle BMX	https://archive.org/download/SonyPlaystationManuals/Dave Mirra Freestyle BMX (USA).pdf
David Beckham Soccer	https://archive.org/download/SonyPlaystationManuals/David Beckham Soccer (USA).pdf
DBZ - Dead Ball Zone	https://archive.org/download/SonyPlaystationManuals/DBZ - Dead Ball Zone (USA).pdf
Dead in the Water	https://archive.org/download/SonyPlaystationManuals/Dead or Alive (USA).pdf
Dead or Alive	https://archive.org/download/SonyPlaystationManuals/Deception III - Dark Delusion (USA).pdf
Demolition Racer	https://archive.org/download/SonyPlaystationManuals/Demolition Racer (USA).PDF
Descent	https://archive.org/download/SonyPlaystationManuals/Descent (USA).pdf
Descent II	https://archive.org/download/SonyPlaystationManuals/Descent Maximum (USA).pdf
Destrega	https://archive.org/download/SonyPlaystationManuals/Destrega (USA).pdf
Destruction Derby	https://archive.org/download/SonyPlaystationManuals/Destruction Derby (USA).pdf
Destruction Derby 2	https://archive.org/download/SonyPlaystationManuals/Destruction Derby 2 (USA).pdf
Detective Mouse	https://archive.org/download/SonyPlaystationManuals/Detective Mouse (Europe).pdf
Devil Dice	https://archive.org/download/SonyPlaystationManuals/Devil Dice (USA).pdf
Dexter's Laboratory - Mandark's Lab	https://archive.org/download/SonyPlaystationManuals/Dexter's Laboratory - Mandark's Lab (USA).pdf
Diablo	https://archive.org/download/SonyPlaystationManuals/Diablo (USA).pdf
Die Hard Trilogy	https://archive.org/download/SonyPlaystationManuals/Die Hard Trilogy (USA).pdf
Die Hard Trilogy 2 - Viva Las Vegas	https://archive.org/download/SonyPlaystationManuals/Die Hard Trilogy 2 - Viva Las Vegas (USA).pdf
Digimon Digital Card Battle	https://archive.org/download/SonyPlaystationManuals/Digimon Digital Card Battle (USA).PDF
Digimon World	https://archive.org/download/SonyPlaystationManuals/Digimon World (USA).pdf
Dino Crisis	https://archive.org/download/SonyPlaystationManuals/Dino Crisis (USA).pdf
Dino Crisis 2	https://archive.org/download/SonyPlaystationManuals/Dino Crisis 2 (USA).pdf
Dirt Jockey - Heavy Equipment Operator	https://archive.org/download/SonyPlaystationManuals/Dirt Jockey - Heavy Equipment Operator (USA).pdf
Disney's Donald Duck - Quack Attack	https://archive.org/download/SonyPlaystationManuals/Disney's Donald Duck - Goin' Quackers (USA).pdf
Disney's Goofy's Fun House	https://archive.org/download/SonyPlaystationManuals/Disney's Goofy's Fun House (USA).pdf
Disney's Lilo & Stitch - Trouble in Paradise	https://archive.org/download/SonyPlaystationManuals/Disney's Lilo & Stitch (USA).pdf
Disney's Tarzan	https://archive.org/download/SonyPlaystationManuals/Disney's Tarzan (USA).pdf
Disney-Pixar A Bug's Life	https://archive.org/download/SonyPlaystationManuals/A Bug's Life (USA).pdf
Disney-Pixar Buzz Lightyear of Star Command	https://archive.org/download/SonyPlaystationManuals/Buzz Lightyear of Star Command (USA).pdf
Disney-Pixar Monsters, Inc. - Scare Island	https://archive.org/download/SonyPlaystationManuals/Monsters, Inc. - Scream Team (USA).pdf
Disney-Pixar Toy Story 2 - Buzz Lightyear to the Rescue!	https://archive.org/download/SonyPlaystationManuals/Toy Story 2 - Buzz Lightyear to the Rescue! (USA).pdf
Disruptor	https://archive.org/download/SonyPlaystationManuals/Disruptor (USA).pdf
Dracula - The Resurrection	https://archive.org/download/SonyPlaystationManuals/Dracula - The Last Sanctuary (USA) (Disc 1).pdf
Dragon Ball Z - Ultimate Battle 22	https://archive.org/download/SonyPlaystationManuals/Dragon Ball Z - Ultimate Battle 22 (USA).pdf
Dragon Seeds	https://archive.org/download/SonyPlaystationManuals/Dragon Seeds (USA).pdf
Dragon Warrior VII	https://archive.org/download/SonyPlaystationManuals/Dragon Warrior VII (USA) (Disc 1).pdf
DragonHeart - Fire & Steel	https://archive.org/download/SonyPlaystationManuals/Dragonheart - Fire & Steel (USA).pdf
Driver	https://archive.org/download/SonyPlaystationManuals/Driver - You Are the Wheelman (USA).PDF
Driver 2	https://archive.org/download/SonyPlaystationManuals/Driver 2 (USA) (Disc 1).pdf
Duke Nukem - Land of the Babes	https://archive.org/download/SonyPlaystationManuals/Duke Nukem - Land of the Babes (USA).pdf
Duke Nukem - Time to Kill	https://archive.org/download/SonyPlaystationManuals/Duke Nukem - Time to Kill (USA).pdf
Dukes of Hazzard, The - Racing for Home	https://archive.org/download/SonyPlaystationManuals/Dukes of Hazzard, The - Racing for Home (USA).pdf
Dynasty Warriors	https://archive.org/download/SonyPlaystationManuals/Dynasty Warriors (USA).PDF
EA Sports Superbike 2000	https://archive.org/download/SonyPlaystationManuals/Superbike 2000 (USA).pdf
EA Sports Supercross	https://archive.org/download/SonyPlaystationManuals/Supercross (USA).pdf
ECW Hardcore Revolution	https://archive.org/download/SonyPlaystationManuals/ECW Hardcore Revolution (USA).pdf
Ehrgeiz - God Bless the Ring	https://archive.org/download/SonyPlaystationManuals/Ehrgeiz - God Bless the Ring (USA).pdf
Einhaender	https://archive.org/download/SonyPlaystationManuals/Einhander (USA).pdf
Eliminator	https://archive.org/download/SonyPlaystationManuals/Eliminator (USA).pdf
Epidemic	https://archive.org/download/SonyPlaystationManuals/Epidemic (USA).pdf
Eternal Eyes	https://archive.org/download/SonyPlaystationManuals/Eternal Eyes (USA).PDF
Everybody's Golf 2	https://archive.org/download/SonyPlaystationManuals/Hot Shots Golf 2 (USA).pdf
Evil Dead - Hail to the King	https://archive.org/download/SonyPlaystationManuals/Evil Dead - Hail to the King (USA) (Disc 1).pdf
Evil Zone	https://archive.org/download/SonyPlaystationManuals/Evil Zone (USA).pdf
Excalibur 2555 A.D.	https://archive.org/download/SonyPlaystationManuals/Excalibur 2555 A.D. (USA).pdf
Exhumed	https://archive.org/download/SonyPlaystationManuals/Exhumed (Europe).pdf
F1 Championship Season 2000	https://archive.org/download/SonyPlaystationManuals/F1 Championship Season 2000 (USA).pdf
Fade to Black	https://archive.org/download/SonyPlaystationManuals/Fade to Black (USA).pdf
Family Feud	https://archive.org/download/SonyPlaystationManuals/Family Feud (USA).pdf
Fear Effect	https://archive.org/download/SonyPlaystationManuals/Fear Effect (USA) (Disc 1).pdf
FIFA 2000	https://archive.org/download/SonyPlaystationManuals/FIFA 2000 - Major League Soccer (USA).pdf
FIFA 99	https://archive.org/download/SonyPlaystationManuals/FIFA 99 (USA).pdf
FIFA Football 2004	https://archive.org/download/SonyPlaystationManuals/FIFA Soccer 2004 (USA).pdf
Fifth Element, The	https://archive.org/download/SonyPlaystationManuals/Fifth Element, The (USA).pdf
Fighting Force	https://archive.org/download/SonyPlaystationManuals/Fighting Force (USA).pdf
Final Doom	https://archive.org/download/SonyPlaystationManuals/Final Doom (USA).pdf
Final Fantasy Anthology - European Edition - Final Fantasy IV	https://archive.org/download/SonyPlaystationManuals/Final Fantasy Chronicles - Final Fantasy IV (USA).pdf
Final Fantasy Anthology - European Edition - Final Fantasy V	https://archive.org/download/SonyPlaystationManuals/Final Fantasy Anthology - Final Fantasy V (USA).pdf
Final Fantasy Chronicles - Chrono Trigger	https://archive.org/download/SonyPlaystationManuals/Final Fantasy Chronicles - Chrono Trigger (USA).pdf
Final Fantasy IX	https://archive.org/download/SonyPlaystationManuals/Final Fantasy IX (USA) (Disc 1).pdf
Final Fantasy Origins	https://archive.org/download/SonyPlaystationManuals/Final Fantasy Origins (USA).pdf
Final Fantasy Tactics	https://archive.org/download/SonyPlaystationManuals/Final Fantasy Tactics (USA).PDF
Final Fantasy VI	https://archive.org/download/SonyPlaystationManuals/Final Fantasy Anthology - Final Fantasy VI (USA).pdf
Final Fantasy VII	https://archive.org/download/SonyPlaystationManuals/Final Fantasy VII (USA) (Disc 1).pdf
Final Fantasy VIII	https://archive.org/download/SonyPlaystationManuals/Final Fantasy VIII (USA) (Disc 1).PDF
Firestorm - Thunderhawk 2	https://archive.org/download/SonyPlaystationManuals/Firestorm - Thunderhawk 2 (USA).pdf
Fisherman's Bait - Bass Challenge	https://archive.org/download/SonyPlaystationManuals/Fisherman's Bait - A Bass Challenge (USA).pdf
Fisherman's Bait 2 - Big Ol' Bass	https://archive.org/download/SonyPlaystationManuals/Big Ol' Bass 2 (USA).pdf
Ford Truck Mania	https://archive.org/download/SonyPlaystationManuals/Ford Truck Mania (USA).pdf
Formula 1	https://archive.org/download/SonyPlaystationManuals/Formula 1 (USA).pdf
Formula 1 98	https://archive.org/download/SonyPlaystationManuals/Formula 1 98 (USA).pdf
Forsaken	https://archive.org/download/SonyPlaystationManuals/Forsaken (USA).pdf
FOX Sports Soccer '99	https://archive.org/download/SonyPlaystationManuals/FOX Sports Golf '99 (USA).pdf
Frogger	https://archive.org/download/SonyPlaystationManuals/Frogger (USA).pdf
Frogger 2 - Swampy's Revenge	https://archive.org/download/SonyPlaystationManuals/Frogger 2 - Swampy's Revenge (USA).pdf
Front Mission 3	https://archive.org/download/SonyPlaystationManuals/Front Mission 3 (USA).pdf
Future Cop - L.A.P.D.	https://archive.org/download/SonyPlaystationManuals/Future Cop - L.A.P.D. (USA).pdf
G-Police	https://archive.org/download/SonyPlaystationManuals/G-Police (USA) (Disc 1).pdf
Galerians	https://archive.org/download/SonyPlaystationManuals/Galerians (USA) (Disc 1).pdf
Gallop Racer	https://archive.org/download/SonyPlaystationManuals/Gallop Racer (USA).pdf
Game of Life, The	https://archive.org/download/SonyPlaystationManuals/Game of Life, The (USA).pdf
Gauntlet Legends	https://archive.org/download/SonyPlaystationManuals/Gauntlet Legends (USA).pdf
Gekido - Urban Fighters	https://archive.org/download/SonyPlaystationManuals/Gekido - Urban Fighters (USA).pdf
Geom Cube	https://archive.org/download/SonyPlaystationManuals/Geom Cube (USA).pdf
Gex	https://archive.org/download/SonyPlaystationManuals/Gex (USA).pdf
Gex - Deep Cover Gecko	https://archive.org/download/SonyPlaystationManuals/Gex 3 - Deep Cover Gecko (USA).pdf
Gex 3D - Enter the Gecko	https://archive.org/download/SonyPlaystationManuals/Gex - Enter the Gecko (USA).pdf
Golden Goal 98	https://archive.org/download/SonyPlaystationManuals/Alexi Lalas International Soccer (USA).pdf
Gran Turismo	https://archive.org/download/SonyPlaystationManuals/Gran Turismo (USA).pdf
Gran Turismo 2	https://archive.org/download/SonyPlaystationManuals/Gran Turismo 2 (USA) (Arcade Mode).pdf
Grand Theft Auto	https://archive.org/download/SonyPlaystationManuals/Grand Theft Auto (USA).pdf
Grand Theft Auto - London 1969	https://archive.org/download/SonyPlaystationManuals/Grand Theft Auto - Mission Pack #1 - London 1969 (USA).pdf
Grand Theft Auto 2	https://archive.org/download/SonyPlaystationManuals/Grand Theft Auto 2 (USA).PDF
Grandia	https://archive.org/download/SonyPlaystationManuals/Grandia (USA) (Disc 1).pdf
Granstream Saga, The	https://archive.org/download/SonyPlaystationManuals/Granstream Saga, The (USA).pdf
Grinch, The	https://archive.org/download/SonyPlaystationManuals/Grinch, The (USA).pdf
Grind Session	https://archive.org/download/SonyPlaystationManuals/Grind Session (USA).pdf
Gunfighter - The Legend of Jesse James	https://archive.org/download/SonyPlaystationManuals/Gunfighter - The Legend of Jesse James (USA).pdf
Hard Edge	https://archive.org/download/SonyPlaystationManuals/T.R.A.G. - Mission of Mercy (USA).pdf
HardBall '99	https://archive.org/download/SonyPlaystationManuals/HardBall '99 (USA).pdf
HardBall 5	https://archive.org/download/SonyPlaystationManuals/HardBall 5 (USA).pdf
Hardcore 4x4	https://archive.org/download/SonyPlaystationManuals/TNN Motor Sports - Hardcore 4x4 (USA).pdf
Harry Potter and the Philosopher's Stone	https://archive.org/download/SonyPlaystationManuals/Harry Potter and the Sorcerer's Stone (USA).pdf
Harvest Moon - Back to Nature	https://archive.org/download/SonyPlaystationManuals/Harvest Moon - Back to Nature (USA).PDF
Heart of Darkness	https://archive.org/download/SonyPlaystationManuals/Heart of Darkness (USA) (Disc 1).pdf
Hello Kitty - Cube Frenzy	https://archive.org/download/SonyPlaystationManuals/Hello Kitty - Cube Frenzy (USA).pdf
Herkules	https://archive.org/download/SonyPlaystationManuals/Herkules (Europe).pdf
Hexen	https://archive.org/download/SonyPlaystationManuals/Hexen - Beyond Heretic (USA).pdf
Hi-Octane	https://archive.org/download/SonyPlaystationManuals/Hi-Octane - The Track Fights Back! (USA).pdf
High Heat Baseball 2000	https://archive.org/download/SonyPlaystationManuals/High Heat Baseball 2000 (USA).pdf
Hogs of War	https://archive.org/download/SonyPlaystationManuals/Hogs of War (USA).pdf
Ian Livingstone's Deathtrap Dungeon	https://archive.org/download/SonyPlaystationManuals/Ian Livingstone's Deathtrap Dungeon (USA).pdf
IHRA Drag Racing	https://archive.org/download/SonyPlaystationManuals/IHRA Drag Racing (USA).pdf
Incredible Hulk, The - The Pantheon Saga	https://archive.org/download/SonyPlaystationManuals/Incredible Hulk, The - The Pantheon Saga (USA).pdf
Independence Day - The Game	https://archive.org/download/SonyPlaystationManuals/Independence Day (USA).pdf
Inspector Gadget - Gadget's Crazy Maze	https://archive.org/download/SonyPlaystationManuals/Inspector Gadget - Gadget's Crazy Maze (USA).pdf
Intellivision Classic Games	https://archive.org/download/SonyPlaystationManuals/Intellivision Classic Games (USA).pdf
International Superstar Soccer Pro	https://archive.org/download/SonyPlaystationManuals/International Superstar Soccer Pro (Europe).pdf
International Superstar Soccer Pro '98	https://archive.org/download/SonyPlaystationManuals/International Superstar Soccer Pro '98 (USA).pdf
Interplay Sports Baseball 2000	https://archive.org/download/SonyPlaystationManuals/Interplay Sports Baseball 2000 (USA).pdf
Invasion from Beyond	https://archive.org/download/SonyPlaystationManuals/Invasion from Beyond (USA).pdf
Irritating Stick	https://archive.org/download/SonyPlaystationManuals/Irritating Stick (USA).PDF
ISS Pro Evolution	https://archive.org/download/SonyPlaystationManuals/ISS Pro Evolution (USA).pdf
Jackie Chan Stuntmaster	https://archive.org/download/SonyPlaystationManuals/Jackie Chan Stuntmaster (USA).pdf
Jeopardy! 2nd Edition	https://archive.org/download/SonyPlaystationManuals/Jeopardy! 2nd Edition (USA).pdf
Jeremy McGrath Supercross 2000	https://archive.org/download/SonyPlaystationManuals/Jeremy McGrath Supercross 2000 (USA).pdf
Jeremy McGrath Supercross 98	https://archive.org/download/SonyPlaystationManuals/Jeremy McGrath Supercross 98 (USA).pdf
Jersey Devil	https://archive.org/download/SonyPlaystationManuals/Jersey Devil (USA).pdf
Jet Moto 3	https://archive.org/download/SonyPlaystationManuals/Jet Moto 3 (USA).pdf
Jet Rider	https://archive.org/download/SonyPlaystationManuals/Jet Moto (USA).pdf
Jet Rider 2	https://archive.org/download/SonyPlaystationManuals/Jet Moto 2 (USA).pdf
JoJo's Bizarre Adventure	https://archive.org/download/SonyPlaystationManuals/JoJo's Bizarre Adventure (USA).pdf
Judge Dredd	https://archive.org/download/SonyPlaystationManuals/Judge Dredd (USA).pdf
Jumping Flash! 2	https://archive.org/download/SonyPlaystationManuals/Jumping Flash! 2 (USA).pdf
Junior Sports Football	https://archive.org/download/SonyPlaystationManuals/Backyard Soccer (USA).pdf
K-1 Revenge	https://archive.org/download/SonyPlaystationManuals/K-1 Revenge (USA).pdf
Kagero - Deception II	https://archive.org/download/SonyPlaystationManuals/Kagero - Deception II (USA).pdf
Kensei - Sacred Fist	https://archive.org/download/SonyPlaystationManuals/Kensei - Sacred Fist (USA).pdf
Killing Zone	https://archive.org/download/SonyPlaystationManuals/Killing Zone (USA).pdf
King's Field	https://archive.org/download/SonyPlaystationManuals/King's Field (USA).pdf
King's Field II	https://archive.org/download/SonyPlaystationManuals/King's Field II (USA).pdf
Kingsley's Adventure	https://archive.org/download/SonyPlaystationManuals/Kingsley's Adventure (USA).pdf
KISS Pinball	https://archive.org/download/SonyPlaystationManuals/KISS Pinball (USA).pdf
Klonoa - Door to Phantomile	https://archive.org/download/SonyPlaystationManuals/Klonoa - Door to Phantomile (USA).pdf
Knockout Kings 2000	https://archive.org/download/SonyPlaystationManuals/Knockout Kings 2000 (USA).pdf
Knockout Kings 2001	https://archive.org/download/SonyPlaystationManuals/Knockout Kings 2001 (USA).pdf
Knockout Kings 99	https://archive.org/download/SonyPlaystationManuals/Knockout Kings (USA).pdf
Koudelka	https://archive.org/download/SonyPlaystationManuals/Koudelka (USA) (Disc 1).PDF
Krazy Ivan	https://archive.org/download/SonyPlaystationManuals/Krazy Ivan (USA).pdf
Kula World	https://archive.org/download/SonyPlaystationManuals/Kula World (Europe).pdf
Kurt Warner's Arena Football Unleashed	https://archive.org/download/SonyPlaystationManuals/Kurt Warner's Arena Football Unleashed (USA).pdf
Kurushi	https://archive.org/download/SonyPlaystationManuals/I.Q - Intelligent Qube (USA).pdf
Land Before Time, The - Big Water Adventure	https://archive.org/download/SonyPlaystationManuals/Land Before Time, The - Big Water Adventure (USA).pdf
Land Before Time, The - Return to the Great Valley	https://archive.org/download/SonyPlaystationManuals/Land Before Time, The - Return to the Great Valley (USA).pdf
Le Mans 24 Hours	https://archive.org/download/SonyPlaystationManuals/Test Drive Le Mans (USA).pdf
Legacy of Kain - Soul Reaver	https://archive.org/download/SonyPlaystationManuals/Legacy of Kain - Soul Reaver (USA).PDF
Legend of Dragoon, The	https://archive.org/download/SonyPlaystationManuals/Legend of Dragoon, The (USA) (Disc 1).pdf
Legend of Mana	https://archive.org/download/SonyPlaystationManuals/Legend of Mana (USA).pdf
Lifeforce Tenka	https://archive.org/download/SonyPlaystationManuals/Codename - Tenka (USA).pdf
Loaded	https://archive.org/download/SonyPlaystationManuals/Loaded (USA).pdf
Looney Tunes Racing	https://archive.org/download/SonyPlaystationManuals/Looney Tunes - Sheep Raider (USA).pdf
Lucky Luke	https://archive.org/download/SonyPlaystationManuals/Lucky Luke (USA).pdf
Lunar - Silver Star Story Complete	https://archive.org/download/SonyPlaystationManuals/Lunar - Silver Star Story Complete (USA) (Disc 1).pdf
Lunar 2 - Eternal Blue Complete	https://archive.org/download/SonyPlaystationManuals/Lunar 2 - Eternal Blue Complete (USA) (Disc 1).pdf
M&M's - Shell Shocked	https://archive.org/download/SonyPlaystationManuals/M&M's - Shell Shocked (USA).pdf
Madden NFL 2000	https://archive.org/download/SonyPlaystationManuals/Madden NFL 2000 (USA).pdf
Madden NFL 2001	https://archive.org/download/SonyPlaystationManuals/Madden NFL 2001 (USA).pdf
Madden NFL 2003	https://archive.org/download/SonyPlaystationManuals/Madden NFL 2003 (USA).pdf
Madden NFL 97	https://archive.org/download/SonyPlaystationManuals/Madden NFL 97 (USA).pdf
Madden NFL 98	https://archive.org/download/SonyPlaystationManuals/Madden NFL 98 (USA).pdf
Madden NFL 99	https://archive.org/download/SonyPlaystationManuals/Madden NFL 99 (USA).pdf
Magic - The Gathering - BattleMage	https://archive.org/download/SonyPlaystationManuals/Magic - The Gathering - BattleMage (USA).pdf
Magic Carpet	https://archive.org/download/SonyPlaystationManuals/Magic Carpet (USA).pdf
March Madness '98	https://archive.org/download/SonyPlaystationManuals/March Madness '98 (USA).pdf
Martian Gothic - Unification	https://archive.org/download/SonyPlaystationManuals/Martian Gothic - Unification (USA).pdf
Marvel Super Heroes vs. Street Fighter	https://archive.org/download/SonyPlaystationManuals/Marvel Super Heroes vs. Street Fighter (USA).pdf
Marvel vs. Capcom - Clash of Super Heroes	https://archive.org/download/SonyPlaystationManuals/Marvel vs. Capcom - Clash of Super Heroes (USA).pdf
Mary-Kate and Ashley - Crush Course	https://archive.org/download/SonyPlaystationManuals/Mary-Kate and Ashley - Crush Course (USA).pdf
Mass Destruction	https://archive.org/download/SonyPlaystationManuals/Mass Destruction (USA).pdf
Maximum Force	https://archive.org/download/SonyPlaystationManuals/Maximum Force (USA).pdf
MechWarrior 2 - 31st Century Combat - Arcade Combat Edition	https://archive.org/download/SonyPlaystationManuals/MechWarrior 2 - 31st Century Combat (USA).pdf
Medal of Honor	https://archive.org/download/SonyPlaystationManuals/Medal of Honor (USA).pdf
Medal of Honor - Underground	https://archive.org/download/SonyPlaystationManuals/Medal of Honor - Underground (USA).pdf
MediEvil	https://archive.org/download/SonyPlaystationManuals/MediEvil (USA).pdf
MediEvil 2	https://archive.org/download/SonyPlaystationManuals/MediEvil II (USA).pdf
Mega Man 8	https://archive.org/download/SonyPlaystationManuals/Mega Man 8 (USA).pdf
Mega Man X4	https://archive.org/download/SonyPlaystationManuals/Mega Man X4 (USA).pdf
Mega Man X5	https://archive.org/download/SonyPlaystationManuals/Mega Man X5 (USA).pdf
Mega Man X6	https://archive.org/download/SonyPlaystationManuals/Mega Man X6 (USA).pdf
Megaman - Battle & Chase	https://archive.org/download/SonyPlaystationManuals/Megaman - Battle & Chase (Europe).pdf
Metal Gear Solid	https://archive.org/download/SonyPlaystationManuals/Metal Gear Solid (USA) (Disc 1).pdf
Metal Gear Solid - Special Missions	https://archive.org/download/SonyPlaystationManuals/Metal Gear Solid - VR Missions (USA).pdf
Micro Machines V3	https://archive.org/download/SonyPlaystationManuals/Micro Machines V3 (USA).pdf
Midnight in Vegas	https://archive.org/download/SonyPlaystationManuals/Vegas Games 2000 (USA).pdf
Miss Spider's Tea Party	https://archive.org/download/SonyPlaystationManuals/Miss Spider's Tea Party (USA).pdf
Mission - Impossible	https://archive.org/download/SonyPlaystationManuals/Mission - Impossible (USA).pdf
MLB 2000	https://archive.org/download/SonyPlaystationManuals/MLB 2000 (USA).pdf
MLB 2001	https://archive.org/download/SonyPlaystationManuals/MLB 2001 (USA).pdf
MLB 2003	https://archive.org/download/SonyPlaystationManuals/MLB 2003 (USA).pdf
MLB 98	https://archive.org/download/SonyPlaystationManuals/MLB 98 (USA).pdf
MLB 99	https://archive.org/download/SonyPlaystationManuals/MLB 99 (USA).pdf
MLB Pennant Race	https://archive.org/download/SonyPlaystationManuals/MLB Pennant Race (USA).pdf
Mobil 1 Rally Championship	https://archive.org/download/SonyPlaystationManuals/Mobil 1 Rally Championship (USA).pdf
Monkey Hero	https://archive.org/download/SonyPlaystationManuals/Monkey Hero (USA).pdf
Monopoly	https://archive.org/download/SonyPlaystationManuals/Monopoly (USA).pdf
Monster Rancher	https://archive.org/download/SonyPlaystationManuals/Monster Rancher (USA).pdf
Monster Rancher 2	https://archive.org/download/SonyPlaystationManuals/Monster Rancher 2 (USA).pdf
Monster Rancher Battle Card - Episode II	https://archive.org/download/SonyPlaystationManuals/Monster Rancher Battle Card - Episode II (USA).pdf
Monster Rancher Hop-A-Bout	https://archive.org/download/SonyPlaystationManuals/Monster Rancher Hop-A-Bout (USA).pdf
Monster Trucks	https://archive.org/download/SonyPlaystationManuals/Thunder Truck Rally (USA).pdf
Mortal Kombat - Special Forces	https://archive.org/download/SonyPlaystationManuals/Mortal Kombat - Special Forces (USA).pdf
Mortal Kombat 4	https://archive.org/download/SonyPlaystationManuals/Mortal Kombat 4 (USA).pdf
Mortal Kombat Mythologies - Sub-Zero	https://archive.org/download/SonyPlaystationManuals/Mortal Kombat Mythologies - Sub-Zero (USA).pdf
Mortal Kombat Trilogy	https://archive.org/download/SonyPlaystationManuals/Mortal Kombat Trilogy (USA).pdf
Moto Racer 2	https://archive.org/download/SonyPlaystationManuals/Moto Racer 2 (USA).pdf
Motor Mash	https://archive.org/download/SonyPlaystationManuals/Motor Mash (Europe).pdf
Motor Toon Grand Prix 2	https://archive.org/download/SonyPlaystationManuals/Motor Toon Grand Prix (USA).pdf
Motorhead	https://archive.org/download/SonyPlaystationManuals/Motorhead (USA).pdf
Mr. Driller	https://archive.org/download/SonyPlaystationManuals/Mr. Driller (USA).pdf
Mummy, The	https://archive.org/download/SonyPlaystationManuals/Mummy, The (USA).pdf
Music - Music Creation for the PlayStation	https://archive.org/download/SonyPlaystationManuals/Music - Music Creation for the PlayStation (Europe).pdf
My Disney Kitchen	https://archive.org/download/SonyPlaystationManuals/My Disney Kitchen (USA).pdf
N2O	https://archive.org/download/SonyPlaystationManuals/N2O - Nitrous Oxide (USA).pdf
Nagano Winter Olympics '98	https://archive.org/download/SonyPlaystationManuals/Nagano Winter Olympics '98 (USA).pdf
Namco Museum Vol. 1	https://archive.org/download/SonyPlaystationManuals/Namco Museum Vol. 1 (USA).pdf
Namco Museum Vol. 2	https://archive.org/download/SonyPlaystationManuals/Namco Museum Vol. 2 (USA).pdf
Namco Museum Vol. 3	https://archive.org/download/SonyPlaystationManuals/Namco Museum Vol. 3 (USA).pdf
Namco Museum Vol. 5	https://archive.org/download/SonyPlaystationManuals/Namco Museum Vol. 5 (USA).pdf
NASCAR 98	https://archive.org/download/SonyPlaystationManuals/NASCAR 98 (USA).pdf
NASCAR 99	https://archive.org/download/SonyPlaystationManuals/NASCAR 99 (USA).pdf
NASCAR Rumble	https://archive.org/download/SonyPlaystationManuals/NASCAR Rumble (USA).pdf
NASCAR Thunder 2002	https://archive.org/download/SonyPlaystationManuals/NASCAR Thunder 2002 (USA).pdf
NBA Basketball 2000	https://archive.org/download/SonyPlaystationManuals/NBA Basketball 2000 (USA).pdf
NBA in the Zone	https://archive.org/download/SonyPlaystationManuals/NBA in the Zone (USA).pdf
NBA in the Zone 2000	https://archive.org/download/SonyPlaystationManuals/NBA in the Zone 2000 (USA).pdf
NBA Jam - Tournament Edition	https://archive.org/download/SonyPlaystationManuals/NBA Jam - Tournament Edition (USA).pdf
NBA Live 2000	https://archive.org/download/SonyPlaystationManuals/NBA Live 2000 (USA).pdf
NBA Live 2001	https://archive.org/download/SonyPlaystationManuals/NBA Live 2001 (USA).pdf
NBA Live 2002	https://archive.org/download/SonyPlaystationManuals/NBA Live 2002 (USA).pdf
NBA Live 2003	https://archive.org/download/SonyPlaystationManuals/NBA Live 2003 (USA).pdf
NBA Live 96	https://archive.org/download/SonyPlaystationManuals/NBA Live 96 (USA).pdf
NBA Live 98	https://archive.org/download/SonyPlaystationManuals/NBA Live 98 (USA).pdf
NBA Live 99	https://archive.org/download/SonyPlaystationManuals/NBA Live 99 (USA).pdf
NBA Pro 99	https://archive.org/download/SonyPlaystationManuals/NBA in the Zone '99 (USA).pdf
NBA Showtime - NBA on NBC	https://archive.org/download/SonyPlaystationManuals/NBA Showtime - NBA on NBC (USA).pdf
NCAA Final Four 2000	https://archive.org/download/SonyPlaystationManuals/NCAA Final Four 2000 (USA).pdf
NCAA Final Four 99	https://archive.org/download/SonyPlaystationManuals/NCAA Final Four 99 (USA).pdf
NCAA Football 2000	https://archive.org/download/SonyPlaystationManuals/NCAA Football 2000 (USA).pdf
NCAA Football 99	https://archive.org/download/SonyPlaystationManuals/NCAA Football 99 (USA).pdf
NCAA GameBreaker 2000	https://archive.org/download/SonyPlaystationManuals/NCAA GameBreaker 2000 (USA).pdf
NCAA GameBreaker 2001	https://archive.org/download/SonyPlaystationManuals/NCAA GameBreaker 2001 (USA).pdf
NCAA GameBreaker 99	https://archive.org/download/SonyPlaystationManuals/NCAA GameBreaker 99 (USA).pdf
NCAA March Madness 2001	https://archive.org/download/SonyPlaystationManuals/NCAA March Madness 2001 (USA).pdf
NCAA March Madness 99	https://archive.org/download/SonyPlaystationManuals/NCAA March Madness 99 (USA).pdf
Nectaris - Military Madness	https://archive.org/download/SonyPlaystationManuals/Nectaris - Military Madness (USA).pdf
Need for Speed - Porsche 2000	https://archive.org/download/SonyPlaystationManuals/Need for Speed - Porsche Unleashed (USA).pdf
Need for Speed - Road Challenge	https://archive.org/download/SonyPlaystationManuals/Need for Speed - High Stakes (USA).pdf
Need for Speed III - Hot Pursuit	https://archive.org/download/SonyPlaystationManuals/Need for Speed III - Hot Pursuit (USA).pdf
Newman Haas Racing	https://archive.org/download/SonyPlaystationManuals/Newman-Haas Racing (USA).pdf
NFL Blitz	https://archive.org/download/SonyPlaystationManuals/NFL Blitz (USA).pdf
NFL Blitz 2000	https://archive.org/download/SonyPlaystationManuals/NFL Blitz 2000 (USA).pdf
NFL GameDay 2001	https://archive.org/download/SonyPlaystationManuals/NFL GameDay 2001 (USA).pdf
NFL GameDay 2003	https://archive.org/download/SonyPlaystationManuals/NFL GameDay 2003 (USA).pdf
NFL GameDay 98	https://archive.org/download/SonyPlaystationManuals/NFL GameDay 98 (USA).pdf
NFL GameDay 99	https://archive.org/download/SonyPlaystationManuals/NFL GameDay 99 (USA).pdf
NFL Xtreme	https://archive.org/download/SonyPlaystationManuals/NFL Xtreme (USA).pdf
NFL Xtreme 2	https://archive.org/download/SonyPlaystationManuals/NFL Xtreme 2 (USA).pdf
NHL 2000	https://archive.org/download/SonyPlaystationManuals/NHL 2000 (USA).pdf
NHL 99	https://archive.org/download/SonyPlaystationManuals/NHL 99 (USA).pdf
NHL Blades of Steel 2000	https://archive.org/download/SonyPlaystationManuals/NHL Blades of Steel 2000 (USA).pdf
NHL Championship 2000	https://archive.org/download/SonyPlaystationManuals/NHL Championship 2000 (USA).pdf
NHL Face Off	https://archive.org/download/SonyPlaystationManuals/NHL Face Off (USA).pdf
NHL FaceOff 98	https://archive.org/download/SonyPlaystationManuals/NHL FaceOff 98 (USA).pdf
Nick Jr. Dora the Explorer - Barnyard Buddies	https://archive.org/download/SonyPlaystationManuals/Dora the Explorer - Barnyard Buddies (USA).pdf
Nickelodeon Rocket Power - Team Rocket Rescue	https://archive.org/download/SonyPlaystationManuals/Rocket Power - Team Rocket Rescue (USA).pdf
Nickelodeon Rugrats - Search for Reptar	https://archive.org/download/SonyPlaystationManuals/Rugrats - Search for Reptar (USA).pdf
Nightmare Creatures	https://archive.org/download/SonyPlaystationManuals/Nightmare Creatures (USA).pdf
Nightmare Creatures II	https://archive.org/download/SonyPlaystationManuals/Nightmare Creatures II (USA).pdf
Ninja - Shadow of Darkness	https://archive.org/download/SonyPlaystationManuals/Ninja - Shadow of Darkness (USA).pdf
Nuclear Strike	https://archive.org/download/SonyPlaystationManuals/Nuclear Strike (USA).pdf
O.D.T.	https://archive.org/download/SonyPlaystationManuals/O.D.T. (USA).pdf
Oddworld - Abe's Oddysee	https://archive.org/download/SonyPlaystationManuals/Oddworld - Abe's Oddysee (USA).pdf
Off-World Interceptor Extreme	https://archive.org/download/SonyPlaystationManuals/Off-World Interceptor Extreme (USA).pdf
Ogre Battle - Limited Edition	https://archive.org/download/SonyPlaystationManuals/Ogre Battle - Limited Edition (USA).pdf
One	https://archive.org/download/SonyPlaystationManuals/One (USA).pdf
OverBlood	https://archive.org/download/SonyPlaystationManuals/OverBlood (USA).pdf
Overboard!	https://archive.org/download/SonyPlaystationManuals/Overboard (Europe).pdf
Pac-Man World	https://archive.org/download/SonyPlaystationManuals/Pac-Man World (USA).pdf
Pandemonium 2	https://archive.org/download/SonyPlaystationManuals/Pandemonium! 2 (USA).pdf
Pandemonium!	https://archive.org/download/SonyPlaystationManuals/Pandemonium! (USA).pdf
Panzer General	https://archive.org/download/SonyPlaystationManuals/Panzer General (USA).pdf
Parasite Eve	https://archive.org/download/SonyPlaystationManuals/Parasite Eve (USA) (Disc 1).pdf
Parasite Eve II	https://archive.org/download/SonyPlaystationManuals/Parasite Eve II (USA) (Disc 1).pdf
Perfect Weapon	https://archive.org/download/SonyPlaystationManuals/Perfect Weapon (USA).pdf
Persona	https://archive.org/download/SonyPlaystationManuals/Persona (USA).pdf
Phat Air - Extreme Snowboarding	https://archive.org/download/SonyPlaystationManuals/Freestyle Boardin' '99 (USA).pdf
Pipe Mania 3D	https://archive.org/download/SonyPlaystationManuals/Pipe Dreams 3D (USA).pdf
Pitfall 3D - Beyond the Jungle	https://archive.org/download/SonyPlaystationManuals/Pitfall 3D - Beyond the Jungle (USA).pdf
Planet of the Apes	https://archive.org/download/SonyPlaystationManuals/Planet of the Apes (USA).pdf
PlayStation Underground Jampack - Winter '98	https://archive.org/download/SonyPlaystationManuals/Play Station Underground - JamPack Winter 98 (USA).pdf
Pocket Fighter	https://archive.org/download/SonyPlaystationManuals/Pocket Fighter (USA).pdf
Point Blank	https://archive.org/download/SonyPlaystationManuals/Point Blank (USA).pdf
Point Blank 2	https://archive.org/download/SonyPlaystationManuals/Point Blank 2 (USA).pdf
Pong	https://archive.org/download/SonyPlaystationManuals/Pong - The Next Level (USA).pdf
Power Play - Sports Trivia	https://archive.org/download/SonyPlaystationManuals/Power Play - Sports Trivia (USA).pdf
Poy Poy	https://archive.org/download/SonyPlaystationManuals/Poy Poy (USA).pdf
Poy Poy 2	https://archive.org/download/SonyPlaystationManuals/Poy Poy 2 (Europe).pdf
Prism Land Story	https://archive.org/download/SonyPlaystationManuals/Prism Land Story (Europe).pdf
Pro 18 - World Tour Golf	https://archive.org/download/SonyPlaystationManuals/Pro 18 - World Tour Golf (USA).pdf
Pro Pinball - Fantastic Journey	https://archive.org/download/SonyPlaystationManuals/Pro Pinball - Fantastic Journey (USA).pdf
Pro Pinball - The Web	https://archive.org/download/SonyPlaystationManuals/Pro-Pinball (USA).pdf
Pro Pinball - Timeshock!	https://archive.org/download/SonyPlaystationManuals/Pro Pinball - Timeshock! (USA).pdf
Psybadek	https://archive.org/download/SonyPlaystationManuals/Psybadek (USA).pdf
Punky Skunk	https://archive.org/download/SonyPlaystationManuals/Punky Skunk (USA).pdf
Putter Golf	https://archive.org/download/SonyPlaystationManuals/Putter Golf (USA).pdf
Quake II	https://archive.org/download/SonyPlaystationManuals/Quake II (USA).pdf
Rage Racer	https://archive.org/download/SonyPlaystationManuals/Rage Racer (USA).pdf
Raging Skies	https://archive.org/download/SonyPlaystationManuals/Bogey - Dead 6 (USA).pdf
Raiden Project, The	https://archive.org/download/SonyPlaystationManuals/Raiden Project, The (USA).pdf
Railroad Tycoon II	https://archive.org/download/SonyPlaystationManuals/Railroad Tycoon II (USA).pdf
Rally Cross 2	https://archive.org/download/SonyPlaystationManuals/Rally Cross 2 (USA).pdf
Rampage - Through Time	https://archive.org/download/SonyPlaystationManuals/Rampage - Through Time (USA).pdf
Rampage - World Tour	https://archive.org/download/SonyPlaystationManuals/Rampage - World Tour (USA).pdf
Rampage 2 - Universal Tour	https://archive.org/download/SonyPlaystationManuals/Rampage 2 - Universal Tour (USA).pdf
Rascal	https://archive.org/download/SonyPlaystationManuals/Rascal (USA).pdf
Rat Attack	https://archive.org/download/SonyPlaystationManuals/Rat Attack! (USA).pdf
Rayman	https://archive.org/download/SonyPlaystationManuals/Rayman (USA).pdf
Rayman 2 - The Great Escape	https://archive.org/download/SonyPlaystationManuals/Rayman 2 - The Great Escape (USA).pdf
Rayman Junior - Level 1	https://archive.org/download/SonyPlaystationManuals/Rayman Brain Games (USA).pdf
RayStorm	https://archive.org/download/SonyPlaystationManuals/RayStorm (USA).pdf
RC Revenge	https://archive.org/download/SonyPlaystationManuals/RC Revenge (USA).pdf
Re-Volt	https://archive.org/download/SonyPlaystationManuals/Re-Volt (USA).pdf
Ready 2 Rumble Boxing	https://archive.org/download/SonyPlaystationManuals/Ready 2 Rumble Boxing (USA).pdf
Ready 2 Rumble Boxing - Round 2	https://archive.org/download/SonyPlaystationManuals/Ready 2 Rumble Boxing - Round 2 (USA).pdf
Reel Fishing II	https://archive.org/download/SonyPlaystationManuals/Reel Fishing II (USA).pdf
Rescue Copter	https://archive.org/download/SonyPlaystationManuals/Rescue Copter (USA).pdf
Resident Evil	https://archive.org/download/SonyPlaystationManuals/Resident Evil (USA).pdf
Resident Evil - Survivor	https://archive.org/download/SonyPlaystationManuals/Resident Evil - Survivor (USA).PDF
Resident Evil 2	https://archive.org/download/SonyPlaystationManuals/Resident Evil 2 (USA) (Disc 1).pdf
Resident Evil 3 - Nemesis	https://archive.org/download/SonyPlaystationManuals/Resident Evil 3 - Nemesis (USA).pdf
Return Fire	https://archive.org/download/SonyPlaystationManuals/Return Fire (USA).pdf
Revolution X - Music Is the Weapon	https://archive.org/download/SonyPlaystationManuals/Revolution X (USA).pdf
Rhapsody - A Musical Adventure	https://archive.org/download/SonyPlaystationManuals/Rhapsody - A Musical Adventure (USA).PDF
Ridge Racer	https://archive.org/download/SonyPlaystationManuals/Ridge Racer (USA).pdf
Ridge Racer Revolution	https://archive.org/download/SonyPlaystationManuals/Ridge Racer Revolution (USA).pdf
Ridge Racer Type 4	https://archive.org/download/SonyPlaystationManuals/R4 - Ridge Racer Type 4 (USA) (Disc 1).pdf
Riot	https://archive.org/download/SonyPlaystationManuals/League of Pain - Professional Underground (USA).pdf
Rising Zan - The Samurai Gunman	https://archive.org/download/SonyPlaystationManuals/Rising Zan - The Samurai Gunman (USA).pdf
Risk	https://archive.org/download/SonyPlaystationManuals/Risk - The Game of Global Domination (USA).pdf
Road & Track Presents - The Need for Speed	https://archive.org/download/SonyPlaystationManuals/Road & Track Presents - The Need for Speed (USA).pdf
Road Rash	https://archive.org/download/SonyPlaystationManuals/Road Rash (USA).pdf
Road Rash - Jailbreak	https://archive.org/download/SonyPlaystationManuals/Road Rash - Jailbreak (USA).pdf
Road Rash 3D	https://archive.org/download/SonyPlaystationManuals/Road Rash 3D (USA).pdf
Roadsters	https://archive.org/download/SonyPlaystationManuals/Roadsters (USA).pdf
Rock 'Em Sock 'Em Robots Arena	https://archive.org/download/SonyPlaystationManuals/Rock 'Em Sock 'Em Robots Arena (USA).pdf
Rogue Trip - Vacation 2012	https://archive.org/download/SonyPlaystationManuals/Rogue Trip - Vacation 2012 (USA).pdf
Rollcage	https://archive.org/download/SonyPlaystationManuals/Rollcage (USA).pdf
Rollcage Stage II	https://archive.org/download/SonyPlaystationManuals/Rollcage - Stage II (USA).pdf
Rosco McQueen	https://archive.org/download/SonyPlaystationManuals/Rosco McQueen Firefighter Extreme (USA).pdf
RPG Maker	https://archive.org/download/SonyPlaystationManuals/RPG Maker (USA).pdf
Runabout 2	https://archive.org/download/SonyPlaystationManuals/Runabout 2 (USA).pdf
Rushdown	https://archive.org/download/SonyPlaystationManuals/Rushdown (USA).pdf
S.C.A.R.S.	https://archive.org/download/SonyPlaystationManuals/S.C.A.R.S. (USA).pdf
Saban's Power Rangers - Time Force	https://archive.org/download/SonyPlaystationManuals/Power Rangers - Time Force (USA).pdf
Saban's Power Rangers Zeo - Full Tilt Battle Pinball	https://archive.org/download/SonyPlaystationManuals/Power Rangers Zeo - Full Tilt Battle Pinball (USA).pdf
SaGa Frontier	https://archive.org/download/SonyPlaystationManuals/SaGa Frontier (USA).pdf
SaGa Frontier 2	https://archive.org/download/SonyPlaystationManuals/SaGa Frontier 2 (USA).pdf
Sammy Sosa High Heat Baseball 2001	https://archive.org/download/SonyPlaystationManuals/Sammy Sosa High Heat Baseball 2001 (USA).pdf
Sammy Sosa Softball Slam	https://archive.org/download/SonyPlaystationManuals/Sammy Sosa Softball Slam (USA).pdf
San Francisco Rush - Extreme Racing	https://archive.org/download/SonyPlaystationManuals/San Francisco Rush - Extreme Racing (USA).pdf
Scooter Racing	https://archive.org/download/SonyPlaystationManuals/Razor Racing (USA).pdf
Scrabble	https://archive.org/download/SonyPlaystationManuals/Scrabble (USA).pdf
Sentient - Explore the Infinite	https://archive.org/download/SonyPlaystationManuals/Sentient (USA).pdf
Shadow Madness	https://archive.org/download/SonyPlaystationManuals/Shadow Madness (USA) (Disc 1).pdf
Shadow Man	https://archive.org/download/SonyPlaystationManuals/Shadow Man (USA).pdf
Shane Warne Cricket	https://archive.org/download/SonyPlaystationManuals/Shane Warne Cricket '99 (Europe).pdf
Sheep	https://archive.org/download/SonyPlaystationManuals/Sheep (USA).PDF
Shrek Treasure Hunt	https://archive.org/download/SonyPlaystationManuals/Shrek Treasure Hunt (USA).pdf
Silent Bomber	https://archive.org/download/SonyPlaystationManuals/Silent Bomber (USA).pdf
Silent Hill	https://archive.org/download/SonyPlaystationManuals/Silent Hill (USA).pdf
Simpsons Wrestling, The	https://archive.org/download/SonyPlaystationManuals/Simpsons, The - Wrestling (USA).pdf
Skydiving Extreme	https://archive.org/download/SonyPlaystationManuals/Skydiving Extreme (USA).pdf
Sled Storm	https://archive.org/download/SonyPlaystationManuals/Sled Storm (USA).pdf
Small Soldiers	https://archive.org/download/SonyPlaystationManuals/Small Soldiers (USA).pdf
SnoCross Championship Racing	https://archive.org/download/SonyPlaystationManuals/Sno-Cross Championship Racing (USA).pdf
Sorcerer's Maze	https://archive.org/download/SonyPlaystationManuals/Sorcerer's Maze (USA).pdf
Soul Blade	https://archive.org/download/SonyPlaystationManuals/Soul Blade (USA).pdf
South Park	https://archive.org/download/SonyPlaystationManuals/South Park (USA).pdf
South Park Rally	https://archive.org/download/SonyPlaystationManuals/South Park Rally (USA).pdf
Soviet Strike	https://archive.org/download/SonyPlaystationManuals/Soviet Strike (USA).pdf
Space Jam	https://archive.org/download/SonyPlaystationManuals/Space Jam (USA).pdf
Spawn - The Eternal	https://archive.org/download/SonyPlaystationManuals/Spawn - The Eternal (USA).pdf
Spec Ops - Airborne Commando	https://archive.org/download/SonyPlaystationManuals/Spec Ops - Airborne Commando (USA).PDF
Spec Ops - Covert Assault	https://archive.org/download/SonyPlaystationManuals/Spec Ops - Covert Assault (USA).PDF
Spec Ops - Ranger Elite	https://archive.org/download/SonyPlaystationManuals/Spec Ops - Ranger Elite (USA).pdf
Spec Ops - Stealth Patrol	https://archive.org/download/SonyPlaystationManuals/Spec Ops - Stealth Patrol (USA).PDF
Speed Freaks	https://archive.org/download/SonyPlaystationManuals/Speed Freaks (Europe).pdf
Speed Punks	https://archive.org/download/SonyPlaystationManuals/Speed Punks (USA).PDF
Speed Racer	https://archive.org/download/SonyPlaystationManuals/Speed Racer (USA).pdf
Spice World	https://archive.org/download/SonyPlaystationManuals/Spice World (USA).pdf
Spider-Man	https://archive.org/download/SonyPlaystationManuals/Spider-Man (USA).pdf
Spider-Man 2 - Enter - Electro	https://archive.org/download/SonyPlaystationManuals/Spider-Man 2 - Enter - Electro (USA).pdf
Spin Jam	https://archive.org/download/SonyPlaystationManuals/Spin Jam (USA).pdf
Sports Car GT	https://archive.org/download/SonyPlaystationManuals/Sports Car GT (USA).pdf
Sports Superbike 2	https://archive.org/download/SonyPlaystationManuals/Sports Superbike 2 (USA).pdf
Spyro - Year of the Dragon	https://archive.org/download/SonyPlaystationManuals/Spyro - Year of the Dragon (USA).pdf
Spyro the Dragon	https://archive.org/download/SonyPlaystationManuals/Spyro the Dragon (USA).pdf
Star Ocean - The Second Story	https://archive.org/download/SonyPlaystationManuals/Star Ocean - The Second Story (USA) (Disc 1).pdf
Star Trek - Invasion	https://archive.org/download/SonyPlaystationManuals/Star Trek - Invasion (USA).pdf
Star Wars - Dark Forces	https://archive.org/download/SonyPlaystationManuals/Star Wars - Dark Forces (USA).pdf
Star Wars - Episode I - Jedi Power Battles	https://archive.org/download/SonyPlaystationManuals/Star Wars - Episode I - Jedi Power Battles (USA).pdf
Star Wars - Episode I - The Phantom Menace	https://archive.org/download/SonyPlaystationManuals/Star Wars - Episode I - The Phantom Menace (USA).pdf
Star Wars - Masters of Teras Kasi	https://archive.org/download/SonyPlaystationManuals/Star Wars - Masters of Teras Kasi (USA).pdf
Star Wars - Rebel Assault II - The Hidden Empire	https://archive.org/download/SonyPlaystationManuals/Star Wars - Rebel Assault II - The Hidden Empire (USA) (Disc 1).pdf
Steel Reign	https://archive.org/download/SonyPlaystationManuals/Steel Reign (USA).pdf
Street Fighter Alpha - Warriors' Dreams	https://archive.org/download/SonyPlaystationManuals/Street Fighter Alpha - Warriors' Dreams (USA).pdf
Street Fighter Alpha 3	https://archive.org/download/SonyPlaystationManuals/Street Fighter Alpha 3 (USA).pdf
Street Skater	https://archive.org/download/SonyPlaystationManuals/Street Sk8er (USA).pdf
Street Skater 2	https://archive.org/download/SonyPlaystationManuals/Street Sk8er 2 (USA).pdf
Strider 2	https://archive.org/download/SonyPlaystationManuals/Strider 2 (USA).pdf
Suikoden	https://archive.org/download/SonyPlaystationManuals/Suikoden (USA).pdf
Suikoden II	https://archive.org/download/SonyPlaystationManuals/Suikoden II (USA).pdf
Super Puzzle Fighter II Turbo	https://archive.org/download/SonyPlaystationManuals/Super Puzzle Fighter II Turbo (USA).pdf
Super Shot Soccer	https://archive.org/download/SonyPlaystationManuals/Super Shot Soccer (USA).pdf
Super Slammin' Dodgeball	https://archive.org/download/SonyPlaystationManuals/All-Star Slammin' D-Ball (USA).pdf
SuperCross Circuit	https://archive.org/download/SonyPlaystationManuals/SuperCross Circuit (USA).pdf
Supersonic Racers	https://archive.org/download/SonyPlaystationManuals/Dare Devil Derby 3D (USA).pdf
Surf Riders	https://archive.org/download/SonyPlaystationManuals/Surf Riders (USA).pdf
Swagman	https://archive.org/download/SonyPlaystationManuals/Swagman (USA).pdf
Sydney 2000	https://archive.org/download/SonyPlaystationManuals/Sydney 2000 (USA).pdf
Syndicate Wars	https://archive.org/download/SonyPlaystationManuals/Syndicate Wars (USA).pdf
Syphon Filter	https://archive.org/download/SonyPlaystationManuals/Syphon Filter (USA).PDF
Syphon Filter 2	https://archive.org/download/SonyPlaystationManuals/Syphon Filter 2 (USA) (Disc 1).PDF
Tactics Ogre	https://archive.org/download/SonyPlaystationManuals/Tactics Ogre (USA).pdf
Tales of Destiny	https://archive.org/download/SonyPlaystationManuals/Tales of Destiny (USA).pdf
Tekken 2	https://archive.org/download/SonyPlaystationManuals/Tekken 2 (USA).pdf
Tekken 3	https://archive.org/download/SonyPlaystationManuals/Tekken 3 (USA).pdf
Tempest X3	https://archive.org/download/SonyPlaystationManuals/Tempest X3 (USA).pdf
Ten Pin Alley	https://archive.org/download/SonyPlaystationManuals/Ten Pin Alley (USA).pdf
Tenchu - Stealth Assassins	https://archive.org/download/SonyPlaystationManuals/Tenchu - Stealth Assassins (USA).pdf
Tenchu 2 - Birth of the Stealth Assassins	https://archive.org/download/SonyPlaystationManuals/Tenchu 2 - Birth of the Stealth Assassins (USA).pdf
Test Drive 4	https://archive.org/download/SonyPlaystationManuals/Test Drive 4 (USA).pdf
Test Drive 4x4	https://archive.org/download/SonyPlaystationManuals/Test Drive Off-Road 2 (USA).pdf
Test Drive 5	https://archive.org/download/SonyPlaystationManuals/Test Drive 5 (USA).pdf
Test Drive Off-Road	https://archive.org/download/SonyPlaystationManuals/Test Drive Off-Road (USA).pdf
Tetris Plus	https://archive.org/download/SonyPlaystationManuals/Tetris Plus (USA).pdf
Theme Park	https://archive.org/download/SonyPlaystationManuals/Theme Park (USA).pdf
This Is Football	https://archive.org/download/SonyPlaystationManuals/This Is Football (Europe).pdf
Thousand Arms	https://archive.org/download/SonyPlaystationManuals/Thousand Arms (USA) (Disc 1).pdf
Threads of Fate	https://archive.org/download/SonyPlaystationManuals/Threads of Fate (USA).pdf
Thunder Force V - Perfect System	https://archive.org/download/SonyPlaystationManuals/Thunder Force V - Perfect System (USA).pdf
ThunderStrike 2	https://archive.org/download/SonyPlaystationManuals/ThunderStrike 2 (USA).PDF
Tiger Woods 99 PGA Tour Golf	https://archive.org/download/SonyPlaystationManuals/Tiger Woods 99 PGA Tour Golf (USA).pdf
Time Commando	https://archive.org/download/SonyPlaystationManuals/Time Commando (USA).pdf
Time Crisis	https://archive.org/download/SonyPlaystationManuals/Time Crisis (USA).pdf
Time Crisis - Project Titan	https://archive.org/download/SonyPlaystationManuals/Time Crisis - Project Titan (USA).pdf
Tiny Tank	https://archive.org/download/SonyPlaystationManuals/Tiny Tank (USA).pdf
Tiny Toon Adventures - Plucky's Big Adventure	https://archive.org/download/SonyPlaystationManuals/Tiny Toon Adventures - Plucky's Big Adventure (USA).pdf
Tiny Toon Adventures - Toonenstein - Dare to Scare!	https://archive.org/download/SonyPlaystationManuals/Tiny Toon Adventures - Toonenstein - Dare to Scare! (USA).pdf
TOCA 2 Touring Cars	https://archive.org/download/SonyPlaystationManuals/TOCA 2 Touring Car Challenge (USA).pdf
TOCA Touring Car Championship	https://archive.org/download/SonyPlaystationManuals/TOCA Championship Racing (USA).pdf
Tom Clancy's Rainbow Six	https://archive.org/download/SonyPlaystationManuals/Tom Clancy's Rainbow Six (USA).PDF
Tom Clancy's Rainbow Six - Lone Wolf	https://archive.org/download/SonyPlaystationManuals/Tom Clancy's Rainbow Six - Lone Wolf (USA).PDF
Tom Clancy's Rainbow Six - Rogue Spear	https://archive.org/download/SonyPlaystationManuals/Tom Clancy's Rainbow Six - Rogue Spear (USA).pdf
Tomb Raider	https://archive.org/download/SonyPlaystationManuals/Tomb Raider (USA).PDF
Tomb Raider - The Last Revelation	https://archive.org/download/SonyPlaystationManuals/Tomb Raider - The Last Revelation (USA).pdf
Tomb Raider Chronicles	https://archive.org/download/SonyPlaystationManuals/Tomb Raider Chronicles (USA).pdf
Tomb Raider II - Starring Lara Croft	https://archive.org/download/SonyPlaystationManuals/Tomb Raider II - Starring Lara Croft (USA).pdf
Tomb Raider III - Adventures of Lara Croft	https://archive.org/download/SonyPlaystationManuals/Tomb Raider III - Adventures of Lara Croft (USA).PDF
Tombi!	https://archive.org/download/SonyPlaystationManuals/Tomba! (USA).pdf
Tony Hawk's Pro Skater 2	https://archive.org/download/SonyPlaystationManuals/Tony Hawk's Pro Skater 2 (USA).pdf
Tony Hawk's Pro Skater 3	https://archive.org/download/SonyPlaystationManuals/Tony Hawk's Pro Skater 3 (USA).pdf
Tony Hawk's Skateboarding	https://archive.org/download/SonyPlaystationManuals/Tony Hawk's Pro Skater (USA).pdf
Total NBA '96	https://archive.org/download/SonyPlaystationManuals/NBA Shoot Out (USA).pdf
Total NBA 98	https://archive.org/download/SonyPlaystationManuals/NBA ShootOut 98 (USA).pdf
Toys	https://archive.org/download/SonyPlaystationManuals/Toys (Europe).pdf
Treasures of the Deep	https://archive.org/download/SonyPlaystationManuals/Treasures of the Deep (USA).pdf
Trick'n Snowboarder	https://archive.org/download/SonyPlaystationManuals/Trick'n Snowboarder (USA).pdf
Triple Play 2001	https://archive.org/download/SonyPlaystationManuals/Triple Play 2001 (USA).pdf
Triple Play 98	https://archive.org/download/SonyPlaystationManuals/Triple Play 98 (USA).pdf
Triple Play 99	https://archive.org/download/SonyPlaystationManuals/Triple Play 99 (USA).pdf
Triple Play Baseball 2000	https://archive.org/download/SonyPlaystationManuals/Triple Play 2000 (USA).pdf
Twisted Metal	https://archive.org/download/SonyPlaystationManuals/Twisted Metal (USA).pdf
Twisted Metal - World Tour	https://archive.org/download/SonyPlaystationManuals/Twisted Metal 2 (USA).pdf
Twisted Metal 4	https://archive.org/download/SonyPlaystationManuals/Twisted Metal 4 (USA).pdf
Twisted Metal III	https://archive.org/download/SonyPlaystationManuals/Twisted Metal III (USA).pdf
UEFA Striker	https://archive.org/download/SonyPlaystationManuals/Striker Pro 2000 (USA).pdf
Um Jammer Lammy	https://archive.org/download/SonyPlaystationManuals/Um Jammer Lammy (USA).pdf
Unholy War, The	https://archive.org/download/SonyPlaystationManuals/Unholy War, The (USA).pdf
Urban Chaos	https://archive.org/download/SonyPlaystationManuals/Urban Chaos (USA).pdf
V-Rally - 97 Championship Edition	https://archive.org/download/SonyPlaystationManuals/Need for Speed - V-Rally (USA).pdf
Vagrant Story	https://archive.org/download/SonyPlaystationManuals/Vagrant Story (USA).pdf
Valkyrie Profile	https://archive.org/download/SonyPlaystationManuals/Valkyrie Profile (USA) (Disc 1).pdf
Vampire Hunter D	https://archive.org/download/SonyPlaystationManuals/Vampire Hunter D (USA).pdf
Vandal Hearts	https://archive.org/download/SonyPlaystationManuals/Vandal Hearts (USA).pdf
Vandal Hearts II	https://archive.org/download/SonyPlaystationManuals/Vandal Hearts II (USA).pdf
Vanguard Bandits	https://archive.org/download/SonyPlaystationManuals/Vanguard Bandits (USA).pdf
Vanishing Point	https://archive.org/download/SonyPlaystationManuals/Vanishing Point (USA).pdf
Victory Boxing 2	https://archive.org/download/SonyPlaystationManuals/Contender 2 (USA).pdf
Victory Boxing Challenger	https://archive.org/download/SonyPlaystationManuals/Contender (USA).pdf
Vigilante 8	https://archive.org/download/SonyPlaystationManuals/Vigilante 8 (USA).pdf
VR Sports Powerboat Racing	https://archive.org/download/SonyPlaystationManuals/VR Sports Powerboat Racing (USA).pdf
Wacky Races	https://archive.org/download/SonyPlaystationManuals/Wacky Races (Europe).pdf
WarCraft II - The Dark Saga	https://archive.org/download/SonyPlaystationManuals/WarCraft II - The Dark Saga (USA).pdf
Warriors of Might and Magic	https://archive.org/download/SonyPlaystationManuals/Warriors of Might and Magic (USA).pdf
Warzone 2100	https://archive.org/download/SonyPlaystationManuals/Warzone 2100 (USA).pdf
Wayne Gretzky's 3D Hockey '98	https://archive.org/download/SonyPlaystationManuals/Wayne Gretzky's 3D Hockey '98 (USA).pdf
WCW Backstage Assault	https://archive.org/download/SonyPlaystationManuals/WCW Backstage Assault (USA).pdf
WCW-nWo Thunder	https://archive.org/download/SonyPlaystationManuals/WCW-nWo Thunder (USA).pdf
Wheel of Fortune	https://archive.org/download/SonyPlaystationManuals/Wheel of Fortune (USA).pdf
Wheel of Fortune - 2nd Edition	https://archive.org/download/SonyPlaystationManuals/Wheel of Fortune - 2nd Edition (USA).pdf
Wild 9	https://archive.org/download/SonyPlaystationManuals/Wild 9 (USA).pdf
Wild Arms	https://archive.org/download/SonyPlaystationManuals/Wild Arms (USA).pdf
Wild Arms 2	https://archive.org/download/SonyPlaystationManuals/Wild Arms 2 (USA) (Disc 1).pdf
Williams Arcade's Greatest Hits	https://archive.org/download/SonyPlaystationManuals/Williams Arcade's Greatest Hits (USA).pdf
Wing Commander III - Heart of the Tiger	https://archive.org/download/SonyPlaystationManuals/Wing Commander III - Heart of the Tiger (USA) (Disc 1).pdf
Wing Commander IV - The Price of Freedom	https://archive.org/download/SonyPlaystationManuals/Wing Commander IV - The Price of Freedom (USA) (Disc 1).pdf
Wing Over 2	https://archive.org/download/SonyPlaystationManuals/Wing Over 2 (Europe).pdf
Wip3out	https://archive.org/download/SonyPlaystationManuals/WipEout 3 (USA).PDF
WipEout	https://archive.org/download/SonyPlaystationManuals/WipEout (USA).pdf
WipEout 2097	https://archive.org/download/SonyPlaystationManuals/WipEout 2097 (Europe).pdf
World Cup 98	https://archive.org/download/SonyPlaystationManuals/World Cup 98 (USA).pdf
Worms	https://archive.org/download/SonyPlaystationManuals/Worms (USA).pdf
Worms Armageddon	https://archive.org/download/SonyPlaystationManuals/Worms World Party (USA).pdf
WWF Attitude	https://archive.org/download/SonyPlaystationManuals/WWF Attitude (USA).pdf
WWF SmackDown!	https://archive.org/download/SonyPlaystationManuals/WWF SmackDown! (USA).pdf
WWF SmackDown! 2 - Know Your Role	https://archive.org/download/SonyPlaystationManuals/WWF SmackDown! 2 - Know Your Role (USA).pdf
WWF War Zone	https://archive.org/download/SonyPlaystationManuals/WWF War Zone (USA).pdf
X-COM - Enemy Unknown	https://archive.org/download/SonyPlaystationManuals/X-Com - UFO Defense (USA).pdf
X-Files, The	https://archive.org/download/SonyPlaystationManuals/X-Files, The (USA) (Disc 1).pdf
X-Men - Mutant Academy	https://archive.org/download/SonyPlaystationManuals/X-Men - Mutant Academy (USA).pdf
X-Men - Mutant Academy 2	https://archive.org/download/SonyPlaystationManuals/X-Men - Mutant Academy 2 (USA).PDF
X-Men vs. Street Fighter	https://archive.org/download/SonyPlaystationManuals/X-Men vs. Street Fighter (USA).pdf
Xenogears	https://archive.org/download/SonyPlaystationManuals/Xenogears (USA) (Disc 1).pdf
XS Airboat Racing	https://archive.org/download/SonyPlaystationManuals/XS Airboat Racing (USA).pdf
XS Junior League Soccer	https://archive.org/download/SonyPlaystationManuals/XS Junior League Dodgeball (USA).pdf
Yu-Gi-Oh! Forbidden Memories	https://archive.org/download/SonyPlaystationManuals/Yu-Gi-Oh! Forbidden Memories (USA).pdf
Zoop - America's Largest Killer of Time!	https://archive.org/download/SonyPlaystationManuals/Zoop - America's Largest Killer of Time! (USA).pdf
