64 de Hakken!! Tamagotchi - Minna de Tamagotchi World	https://archive.org/download/64-de-hakken-tamagotchi-minna-de/64-De-Hakken-Tamagotchi-Minna-De.pdf
64 Hanafuda - Tenshi no Yakusoku	https://archive.org/download/64-hanafuda-tenshi-no-yakusoku-1/64-Hanafuda-Tenshi-No-Yakusoku-1.pdf
64 Oozumou	https://archive.org/download/64-oozumou-1997-jcolor/64 Oozumou %281997%29%28J%29%28color%29.pdf
64 Oozumou 2	https://archive.org/download/64-oozumou-2-1999-jcolor/64-Oozumou-2-1999Jcolor.pdf
AeroFighters Assault	https://archive.org/download/aero-fighters-assault-1997-ucolor/AeroFighters-Assault-1997Ucolor.pdf
All-Star Baseball 2001	https://archive.org/download/all-star-baseball-2001-2000-u/All-Star-Baseball-2001-2000U.pdf
All Star Tennis '99	https://archive.org/download/all-star-tennis-99-1998-u/All-Star-Tennis-99-1998U.pdf
Asteroids Hyper 64	https://archive.org/download/asteroids-hyper-64-1999-ucolor/Asteroids-Hyper-64-1999Ucolor.pdf
In-Fisherman - Bass Hunter 64	https://archive.org/download/bass-hunter-64-1999-u/Bass-Hunter-64-1999U.pdf
Bassmasters 2000	https://archive.org/download/bass-masters-2000-1999-ucolor/Bass-Masters-2000-1999Ucolor.pdf
Batman of the Future - Return of the Joker	https://archive.org/download/batman-beyond-return-of-the-joke/Batman-Beyond-Return-Of-The-Joke.pdf
Battlezone - Rise of the Black Dogs	https://archive.org/download/battlezone-rise-of-the-black-dog/Battlezone-Rise-Of-The-Black-Dog.pdf
Big Mountain 2000	https://archive.org/download/big-mountain-2000-2000-ucolor/Big-Mountain-2000-2000Ucolor.pdf
Blues Brothers 2000	https://archive.org/download/blues-brothers-2000-2000-ucolor/Blues-Brothers-2000-2000Ucolor.pdf
Bomberman 64 - The Second Attack!	https://archive.org/download/bomberman-64-the-second-attack-2/Bomberman-64-The-Second-Attack-2.pdf
Bomberman Hero	https://archive.org/download/bomberman-hero-manual/Bomberman Hero Manual.pdf
Bottom of the 9th	https://archive.org/download/bottom-of-the-9th-nus-nboe-usa/Bottom-Of-The-9th-NUS-NBOE-USA.pdf
Brunswick Circuit Pro Bowling	https://archive.org/download/brunswick-circuit-pro-bowling-19/Brunswick-Circuit-Pro-Bowling-19.pdf
Buck Bumble	https://archive.org/download/buck-bumble-1998-ucolor/Buck-Bumble-1998Ucolor.pdf
Bust-A-Move 2 - Arcade Edition	https://archive.org/download/bust-a-move-2-arcade-edition-199/Bust-A-Move-2-Arcade-Edition-199.pdf
Bust-A-Move 3 DX	https://archive.org/download/bust-a-move-99-1999-u/Bust-A-Move-99-1999U.pdf
Carmageddon 64	https://archive.org/download/carmageddon-64-2000-ucolor/Carmageddon-64-2000Ucolor.pdf
Chameleon Twist 2	https://archive.org/download/chameleon-twist-2-1999-ucolor/Chameleon-Twist-2-1999Ucolor.pdf
Charlie Blast's Territory	https://archive.org/download/charlie-blasts-territory-1999-uco/Charlie-Blasts-Territory-1999Uco.pdf
Clay Fighter - Sculptor's Cut	https://archive.org/download/clay-fighter-sculptors-cut-1998-u/Clay-Fighter-Sculptors-Cut-1998U.pdf
Cruis'n Exotica	https://archive.org/download/cruisn-exotica-2000-ucolor/Cruisn-Exotica-2000Ucolor.pdf
Custom Robo	https://archive.org/download/CustomRoboN64HiResScans/Custom Robo - Manual %28Searchable%29.pdf
CyberTiger	https://archive.org/download/cyber-tiger-2000-ucolor/CyberTiger-2000Ucolor.pdf
John Romero's Daikatana	https://archive.org/download/daikatana-2000-ucolor/Daikatana-2000Ucolor.pdf
Dark Rift	https://archive.org/download/dark-rift-1997-ucolor/Dark-Rift-1997Ucolor.pdf
G.A.S.P!! Fighters' NEXTream	https://archive.org/download/deadly-arts-1998-ucolor/Deadly-Arts-1998Ucolor.pdf
Densha de Go! 64	https://archive.org/download/densha-de-go-64-jpn/Densha de Go%21 64 %28Nintendo 64%29 %28JPN%29.pdf
Destruction Derby 64	https://archive.org/download/destruction-derby-64-1999-ucolor/Destruction-Derby-64-1999Ucolor.pdf
Donald Duck - Quack Attack	https://archive.org/download/disneys-donald-duck-goin-quckers/Disneys-Donald-Duck-Goin-Quckers.pdf
Tarzan	https://archive.org/download/disneys-tarzan-2000-uwithout-page/Disneys-Tarzan-2000Uwithout-page.pdf
Dual Heroes	https://archive.org/download/dual-heroes-1998-ucolor/Dual-Heroes-1998Ucolor.pdf
Earthworm Jim 3D	https://archive.org/download/earthworm-jim-3-d-1999-ucolor/Earthworm-Jim-3D-1999Ucolor.pdf
Sesame Street - Elmo's Number Journey	https://archive.org/download/elmos-number-journey-1999-ucolor/Elmos-Number-Journey-1999Ucolor.pdf
F1 Pole Position 64	https://archive.org/download/f-1-pole-position-64-1997-ucolor/F-1-Pole-Position-64-1997Ucolor.pdf
FIFA 99	https://archive.org/download/fifa-99-1998-ucolor/FIFA-99-1998Ucolor.pdf
FIFA - Road to World Cup 98	https://archive.org/download/fifa-road-to-world-cup-98-the-19/FIFA-Road-To-World-Cup-98-The-19.pdf
FIFA 64	https://archive.org/download/fifa-soccer-64-1997-ucolor/FIFA-Soccer-64-1997Ucolor.pdf
Fighter Destiny 2	https://archive.org/download/fighter-destiny-2-2000-ucolor/Fighter-Destiny-2-2000Ucolor.pdf
Fighters Destiny	https://archive.org/download/fighters-destiny-1998-ucolor/Fighters-Destiny-1998Ucolor.pdf
Fighting Force 64	https://archive.org/download/fighting-force-64-1999-ucolor/Fighting-Force-64-1999Ucolor.pdf
Flying Dragon	https://archive.org/download/flying-dragon-1998-ucolor/Flying-Dragon-1998Ucolor.pdf
Fox Sports College Hoops '99	https://archive.org/download/fox-sports-college-hoops-99-1998/Fox-Sports-College-Hoops-99-1998.pdf
Golden Nugget 64	https://archive.org/download/golden-nugget-64-nus-ngne-usa/Golden-Nugget-64-NUS-NGNE-USA.pdf
Harvest Moon 64	https://archive.org/download/harvest-moon-64-manual-n-64/Harvest_Moon_64_-_Manual_-_N64.pdf
Hercules - The Legendary Journeys	https://archive.org/download/hercules-the-legendary-journeys/Hercules-The-Legendary-Journeys.pdf
Hexen	https://archive.org/download/hexen-nus-nhxe-usa/Hexen-NUS-NHXE-USA.pdf
Hydro Thunder	https://archive.org/download/hydro-thunder-nus-nhte-usa/Hydro-Thunder-NUS-NHTE-USA.pdf
Iggy's Reckin' Balls	https://archive.org/download/iggys-reckin-balls-1998-u/Iggys-Reckin-Balls-1998U.pdf
Indy Racing 2000	https://archive.org/download/indy-racing-2000-nus-nice-usa/Indy-Racing-2000-NUS-NICE-USA.pdf
International Superstar Soccer 64	https://archive.org/download/international-superstar-soccer-64/International-Superstar-Soccer-64.pdf
International Superstar Soccer '98	https://archive.org/download/international-superstar-soccer-98/International-Superstar-Soccer-98.pdf
Jeopardy!	https://archive.org/download/jeopardy-nus-njoe-usa/Jeopardy-NUS-NJOE-USA.pdf
Jeremy McGrath Supercross 2000	https://archive.org/download/jeremy-mc-grath-supercross-2000-n/Jeremy-McGrath-Supercross-2000-N.pdf
Daffy Duck Starring as Duck Dodgers	https://archive.org/download/looney-tunes-duck-dodgers-starri/Looney-Tunes-Duck-Dodgers-Starri.pdf
Madden NFL 99	https://archive.org/download/madden-nfl-99-nus-n-9-me-usa/Madden-NFL-99-NUS-N9ME-USA.pdf
Magical Tetris Challenge	https://archive.org/download/magical-tetris-challenge-nus-nmt/Magical-Tetris-Challenge-NUS-NMT.pdf
Michael Owen's WLS 2000	https://archive.org/download/mia-hamm-soccer-64-nus-nhme-usa/Mia-Hamm-Soccer-64-NUS-NHME-USA.pdf
Mike Piazza's Strike Zone	https://archive.org/download/mike-piazzas-strike-zone-nus-nmbe/Mike-Piazzas-StrikeZone-NUS-NMBE.pdf
Monaco Grand Prix - Racing Simulation 2	https://archive.org/download/monaco-grand-prix-nus-nmge-usa/Monaco-Grand-Prix-NUS-NMGE-USA.pdf
NBA Courtside 2 featuring Kobe Bryant	https://archive.org/download/nba-courtside-2-featuring-kobe-b/NBA-Courtside-2-featuring-Kobe-B.pdf
NBA in the Zone 2000	https://archive.org/download/nba-in-the-zone-2000-n64-manual-nus-nwze-usa/NBA In The Zone 2000 N64 Manual %5BNUS-NWZE-USA%5D.pdf
NBA Pro 99	https://archive.org/download/nba-in-the-zone-99-n64-manual-nus-nb2e-usa/NBA In The Zone %2799 N64 Manual %5BNUS-NB2E-USA%5D.pdf
NBA Jam 2000	https://archive.org/download/nba-jam-2000-n64-manual-nus-njae-usa/NBA Jam 2000 N64 Manual %5BNUS-NJAE-USA%5D.pdf
NFL Blitz - Special Edition	https://archive.org/download/nfl-blitz-special-edition-n64-manual-nus-nsze-usa/NFL Blitz Special Edition N64 Manual %5BNUS-NSZE-USA%5D.pdf
NHL Pro 99	https://archive.org/download/nhl-blades-of-steel-99-n64-manual-nus-nhoe-usa/NHL Blades of Steel %2799 N64 Manual %5BNUS-NHOE-USA%5D.pdf
NHL Breakaway 99	https://archive.org/download/nhl-breakaway-99-n64-manual-nus-nh9e-usa/NHL Breakaway 99 N64 Manual %5BNUS-NH9E-USA%5D.pdf
Tetrisphere	https://archive.org/download/Nintendo64GameManuals/Tetrisphere_-_Manual_-_N64.pdf
WWF WrestleMania 2000	https://archive.org/download/Nintendo64GameManuals/WwfWrestlemania2000u.pdf
007 - The World Is Not Enough	https://archive.org/download/Nintendo64Manuals_201812/007 - The World Is Not Enough (USA).pdf
GoldenEye 007	https://archive.org/download/Nintendo64Manuals_201812/007 - GoldenEye %28USA%29.pdf
1080 Snowboarding	https://archive.org/download/Nintendo64Manuals_201812/1080 Snowboarding (Japan, USA) (En,Ja).pdf
AeroGauge	https://archive.org/download/Nintendo64Manuals_201812/AeroGauge (USA).pdf
Aidyn Chronicles - The First Mage	https://archive.org/download/Nintendo64Manuals_201812/Aidyn Chronicles - The First Mage (USA).pdf
All-Star Baseball 99	https://archive.org/download/Nintendo64Manuals_201812/All-Star Baseball '99 (USA).pdf
All-Star Baseball 2000	https://archive.org/download/Nintendo64Manuals_201812/All-Star Baseball 2000 (USA).pdf
Armorines - Project S.W.A.R.M.	https://archive.org/download/Nintendo64Manuals_201812/Armorines - Project S.W.A.R.M. (USA).pdf
Army Men - Air Combat	https://archive.org/download/Nintendo64Manuals_201812/Army Men - Air Combat (USA).pdf
Army Men - Sarge's Heroes	https://archive.org/download/Nintendo64Manuals_201812/Army Men - Sarge's Heroes (USA).pdf
Army Men - Sarge's Heroes 2	https://archive.org/download/Nintendo64Manuals_201812/Army Men - Sarge's Heroes 2 (USA).pdf
Automobili Lamborghini	https://archive.org/download/Nintendo64Manuals_201812/Automobili Lamborghini (USA).pdf
Banjo-Kazooie	https://archive.org/download/Nintendo64Manuals_201812/Banjo-Kazooie (USA) (Rev A).pdf
Banjo-Tooie	https://archive.org/download/Nintendo64Manuals_201812/Banjo-Tooie (USA).pdf
BattleTanx - Global Assault	https://archive.org/download/Nintendo64Manuals_201812/BattleTanx - Global Assault (USA).pdf
BattleTanx	https://archive.org/download/Nintendo64Manuals_201812/BattleTanx (USA).pdf
Beetle Adventure Racing!	https://archive.org/download/Nintendo64Manuals_201812/Beetle Adventure Racing! (USA) (En,Fr,De).pdf
Bio F.R.E.A.K.S.	https://archive.org/download/Nintendo64Manuals_201812/Bio F.R.E.A.K.S. (USA).pdf
Blast Corps	https://archive.org/download/Nintendo64Manuals_201812/Blast Corps (USA) (Rev A).pdf
Body Harvest	https://archive.org/download/Nintendo64Manuals_201812/Body Harvest (USA).pdf
Bomberman 64	https://archive.org/download/Nintendo64Manuals_201812/Bomberman 64 (USA).pdf
Bug's Life, A	https://archive.org/download/Nintendo64Manuals_201812/Bug's Life, A (USA).pdf
California Speed	https://archive.org/download/Nintendo64Manuals_201812/California Speed (USA).pdf
Castlevania - Legacy of Darkness	https://archive.org/download/Nintendo64Manuals_201812/Castlevania - Legacy of Darkness (USA).pdf
Castlevania	https://archive.org/download/Nintendo64Manuals_201812/Castlevania (USA) (Rev B).pdf
Chameleon Twist	https://archive.org/download/Nintendo64Manuals_201812/Chameleon Twist (USA).pdf
Chopper Attack	https://archive.org/download/Nintendo64Manuals_201812/Chopper Attack (USA).pdf
Clay Fighter 63 1-3	https://archive.org/download/Nintendo64Manuals_201812/Clay Fighter 63 1-3 (USA).pdf
Command & Conquer	https://archive.org/download/Nintendo64Manuals_201812/Command & Conquer (USA).pdf
Conker's Bad Fur Day	https://archive.org/download/Nintendo64Manuals_201812/Conker's Bad Fur Day (USA).pdf
Cruis'n USA	https://archive.org/download/Nintendo64Manuals_201812/Cruis'n USA (USA) (Rev B).pdf
Cruis'n World	https://archive.org/download/Nintendo64Manuals_201812/Cruis'n World (USA).pdf
Diddy Kong Racing	https://archive.org/download/Nintendo64Manuals_201812/Diddy Kong Racing (USA) (En,Fr) (Rev A).pdf
Donkey Kong 64	https://archive.org/download/Nintendo64Manuals_201812/Donkey Kong 64 (USA).pdf
Doom 64	https://archive.org/download/Nintendo64Manuals_201812/Doom 64 (USA) (Rev A).pdf
Dr. Mario 64	https://archive.org/download/Nintendo64Manuals_201812/Dr. Mario 64 (USA).pdf
Duke Nukem - Zero Hour	https://archive.org/download/Nintendo64Manuals_201812/Duke Nukem - Zero Hour (USA).pdf
Duke Nukem 64	https://archive.org/download/Nintendo64Manuals_201812/Duke Nukem 64 (USA).pdf
ECW Hardcore Revolution	https://archive.org/download/Nintendo64Manuals_201812/ECW Hardcore Revolution (USA).pdf
Sesame Street - Elmo's Letter Adventure	https://archive.org/download/Nintendo64Manuals_201812/Elmo's Letter Adventure (USA).pdf
Excitebike 64	https://archive.org/download/Nintendo64Manuals_201812/Excitebike 64 (USA).pdf
Extreme-G	https://archive.org/download/Nintendo64Manuals_201812/Extreme-G (USA).pdf
Extreme-G XG2	https://archive.org/download/Nintendo64Manuals_201812/Extreme-G XG2 (USA).pdf
F-1 World Grand Prix	https://archive.org/download/Nintendo64Manuals_201812/F-1 World Grand Prix (USA).pdf
F-Zero X	https://archive.org/download/Nintendo64Manuals_201812/F-Zero X (USA).pdf
Forsaken	https://archive.org/download/Nintendo64Manuals_201812/Forsaken 64 (USA).pdf
Gauntlet Legends	https://archive.org/download/Nintendo64Manuals_201812/Gauntlet Legends (USA).pdf
Gex 3 - Deep Cover Gecko	https://archive.org/download/Nintendo64Manuals_201812/Gex 3 - Deep Cover Gecko (USA).pdf
Gex 64 - Enter the Gecko	https://archive.org/download/Nintendo64Manuals_201812/Gex 64 - Enter the Gecko (USA).pdf
Glover	https://archive.org/download/Nintendo64Manuals_201812/Glover (USA).pdf
Goemon - Mononoke Sugoroku	https://archive.org/download/Nintendo64Manuals_201812/Goemon's Great Adventure (USA).pdf
GT 64 - Championship Edition	https://archive.org/download/Nintendo64Manuals_201812/GT64 - Championship Edition (USA).pdf
Hey You, Pikachu!	https://archive.org/download/Nintendo64Manuals_201812/Hey You, Pikachu! (USA).pdf
Hot Wheels - Turbo Racing	https://archive.org/download/Nintendo64Manuals_201812/Hot Wheels - Turbo Racing (USA).pdf
Hybrid Heaven	https://archive.org/download/Nintendo64Manuals_201812/Hybrid Heaven (USA).pdf
Indiana Jones and the Infernal Machine	https://archive.org/download/Nintendo64Manuals_201812/Indiana Jones and the Infernal Machine (USA).pdf
International Superstar Soccer 2000	https://archive.org/download/Nintendo64Manuals_201812/International Superstar Soccer 2000 (USA) (En,Es).pdf
International Track & Field - Summer Games	https://archive.org/download/Nintendo64Manuals_201812/International Track & Field 2000 (USA).pdf
Jet Force Gemini	https://archive.org/download/Nintendo64Manuals_201812/Jet Force Gemini (USA).pdf
Ken Griffey Jr.'s Slugfest	https://archive.org/download/Nintendo64Manuals_201812/Ken Griffey Jr.'s Slugfest (USA).pdf
Killer Instinct Gold	https://archive.org/download/Nintendo64Manuals_201812/Killer Instinct Gold (USA) (Rev B).pdf
Kirby 64 - The Crystal Shards	https://archive.org/download/Nintendo64Manuals_201812/Kirby 64 - The Crystal Shards (USA).pdf
Knife Edge - Nose Gunner	https://archive.org/download/Nintendo64Manuals_201812/Knife Edge - Nose Gunner (USA).pdf
Knockout Kings 2000	https://archive.org/download/Nintendo64Manuals_201812/Knockout Kings 2000 (USA).pdf
Kobe Bryant in NBA Courtside	https://archive.org/download/Nintendo64Manuals_201812/Kobe Bryant's NBA Courtside (USA).pdf
Legend of Zelda, The - Majora's Mask	https://archive.org/download/Nintendo64Manuals_201812/Legend of Zelda, The - Majora's Mask (USA).pdf
Legend of Zelda, The - Ocarina of Time	https://archive.org/download/Nintendo64Manuals_201812/Legend of Zelda, The - Ocarina of Time (USA) (Rev B).pdf
LEGO Racers	https://archive.org/download/Nintendo64Manuals_201812/LEGO Racers (USA) (En,Fr,De,Es,It,Nl,Sv,No,Da,Fi).pdf
Lode Runner 3-D	https://archive.org/download/Nintendo64Manuals_201812/Lode Runner 3-D (USA).pdf
Mace - The Dark Age	https://archive.org/download/Nintendo64Manuals_201812/Mace - The Dark Age (USA).pdf
Madden Football 64	https://archive.org/download/Nintendo64Manuals_201812/Madden Football 64 (USA).pdf
Madden NFL 2000	https://archive.org/download/Nintendo64Manuals_201812/Madden NFL 2000 (USA).pdf
Madden NFL 2001	https://archive.org/download/Nintendo64Manuals_201812/Madden NFL 2001 (USA).pdf
Madden NFL 2002	https://archive.org/download/Nintendo64Manuals_201812/Madden NFL 2002 (USA).pdf
Major League Baseball Featuring Ken Griffey Jr.	https://archive.org/download/Nintendo64Manuals_201812/Major League Baseball featuring Ken Griffey Jr. (USA).pdf
Mario Golf	https://archive.org/download/Nintendo64Manuals_201812/Mario Golf (USA).pdf
Mario Kart 64	https://archive.org/download/Nintendo64Manuals_201812/Mario Kart 64 (USA).pdf
Mario Party	https://archive.org/download/Nintendo64Manuals_201812/Mario Party (USA).pdf
Mario Party 2	https://archive.org/download/Nintendo64Manuals_201812/Mario Party 2 (USA).pdf
Mario Party 3	https://archive.org/download/Nintendo64Manuals_201812/Mario Party 3 (USA).pdf
Mario Tennis	https://archive.org/download/Nintendo64Manuals_201812/Mario Tennis (USA).pdf
Mega Man 64	https://archive.org/download/Nintendo64Manuals_201812/Mega Man 64 (USA).pdf
Mickey's Speedway USA	https://archive.org/download/Nintendo64Manuals_201812/Mickey's Speedway USA (USA).pdf
Micro Machines 64 Turbo	https://archive.org/download/Nintendo64Manuals_201812/Micro Machines 64 Turbo (USA).pdf
Midway's Greatest Arcade Hits - Volume 1	https://archive.org/download/Nintendo64Manuals_201812/Midway's Greatest Arcade Hits - Volume 1 (USA).pdf
Milo's Astro Lanes	https://archive.org/download/Nintendo64Manuals_201812/Milo's Astro Lanes (USA).pdf
Mischief Makers	https://archive.org/download/Nintendo64Manuals_201812/Mischief Makers (USA) (Rev A).pdf
Mission - Impossible	https://archive.org/download/Nintendo64Manuals_201812/Mission Impossible (USA).pdf
Monopoly	https://archive.org/download/Nintendo64Manuals_201812/Monopoly (USA).pdf
Monster Truck Madness 64	https://archive.org/download/Nintendo64Manuals_201812/Monster Truck Madness 64 (USA).pdf
Mortal Kombat 4	https://archive.org/download/Nintendo64Manuals_201812/Mortal Kombat 4 (USA).pdf
Mortal Kombat Mythologies - Sub-Zero	https://archive.org/download/Nintendo64Manuals_201812/Mortal Kombat Mythologies - Sub-Zero (USA).pdf
Mortal Kombat Trilogy	https://archive.org/download/Nintendo64Manuals_201812/Mortal Kombat Trilogy (USA) (Rev B).pdf
MRC - Multi-Racing Championship	https://archive.org/download/Nintendo64Manuals_201812/MRC - Multi Racing Championship (USA).pdf
Ms. Pac-Man - Maze Madness	https://archive.org/download/Nintendo64Manuals_201812/Ms. Pac-Man - Maze Madness (USA).pdf
Mystical Ninja Starring Goemon	https://archive.org/download/Nintendo64Manuals_201812/Mystical Ninja Starring Goemon (USA).pdf
Nagano Winter Olympics '98	https://archive.org/download/Nintendo64Manuals_201812/Nagano Winter Olympics '98 (USA).pdf
Namco Museum 64	https://archive.org/download/Nintendo64Manuals_201812/Namco Museum 64 (USA).pdf
NASCAR 2000	https://archive.org/download/Nintendo64Manuals_201812/NASCAR 2000 (USA).pdf
NASCAR 99	https://archive.org/download/Nintendo64Manuals_201812/NASCAR 99 (USA).pdf
NBA Hangtime	https://archive.org/download/Nintendo64Manuals_201812/NBA Hangtime (USA).pdf
NBA Pro 98	https://archive.org/download/Nintendo64Manuals_201812/NBA in the Zone '98 (USA).pdf
NBA Jam 99	https://archive.org/download/Nintendo64Manuals_201812/NBA Jam 99 (USA).pdf
NBA Live 2000	https://archive.org/download/Nintendo64Manuals_201812/NBA Live 2000 (USA) (En,Fr,De,Es).pdf
NBA Live 99	https://archive.org/download/Nintendo64Manuals_201812/NBA Live 99 (USA) (En,Fr,De,Es,It).pdf
NBA Showtime - NBA on NBC	https://archive.org/download/Nintendo64Manuals_201812/NBA Showtime - NBA on NBC (USA).pdf
New Tetris, The	https://archive.org/download/Nintendo64Manuals_201812/New Tetris, The (USA).pdf
NFL Blitz	https://archive.org/download/Nintendo64Manuals_201812/NFL Blitz (USA).pdf
NFL Blitz 2000	https://archive.org/download/Nintendo64Manuals_201812/NFL Blitz 2000 (USA).pdf
NFL Blitz 2001	https://archive.org/download/Nintendo64Manuals_201812/NFL Blitz 2001 (USA).pdf
NFL Quarterback Club 2000	https://archive.org/download/Nintendo64Manuals_201812/NFL Quarterback Club 2000 (USA).pdf
NFL QB Club 2001	https://archive.org/download/Nintendo64Manuals_201812/NFL Quarterback Club 2001 (USA).pdf
NFL Quarterback Club 98	https://archive.org/download/Nintendo64Manuals_201812/NFL Quarterback Club 98 (USA).pdf
NFL Quarterback Club 99	https://archive.org/download/Nintendo64Manuals_201812/NFL Quarterback Club 99 (USA).pdf
NHL 99	https://archive.org/download/Nintendo64Manuals_201812/NHL 99 (USA).pdf
NHL Breakaway 98	https://archive.org/download/Nintendo64Manuals_201812/NHL Breakaway 98 (USA).pdf
Nightmare Creatures	https://archive.org/download/Nintendo64Manuals_201812/Nightmare Creatures (USA).pdf
Ogre Battle 64 - Person of Lordly Caliber	https://archive.org/download/Nintendo64Manuals_201812/Ogre Battle 64 - Person of Lordly Caliber (USA) (Rev A).pdf
Paper Mario	https://archive.org/download/Nintendo64Manuals_201812/Paper Mario (USA).pdf
Penny Racers	https://archive.org/download/Nintendo64Manuals_201812/Penny Racers (USA).pdf
Perfect Dark	https://archive.org/download/Nintendo64Manuals_201812/Perfect Dark (USA) (Rev A).pdf
Pilotwings 64	https://archive.org/download/Nintendo64Manuals_201812/Pilotwings 64 (USA).pdf
Pokemon Puzzle League	https://archive.org/download/Nintendo64Manuals_201812/Pokemon Puzzle League (USA).pdf
Pokemon Snap	https://archive.org/download/Nintendo64Manuals_201812/Pokemon Snap (USA).pdf
Pokemon Stadium	https://archive.org/download/Nintendo64Manuals_201812/Pokemon Stadium (USA) (Rev A).pdf
Pokemon Stadium 2	https://archive.org/download/Nintendo64Manuals_201812/Pokemon Stadium 2 (USA).pdf
Quake II	https://archive.org/download/Nintendo64Manuals_201812/Quake II (USA).pdf
Holy Magic Century	https://archive.org/download/Nintendo64Manuals_201812/Quest 64 (USA).pdf
Rampage - World Tour	https://archive.org/download/Nintendo64Manuals_201812/Rampage - World Tour (USA).pdf
Rampage 2 - Universal Tour	https://archive.org/download/Nintendo64Manuals_201812/Rampage 2 - Universal Tour (USA).pdf
Rayman 2 - The Great Escape	https://archive.org/download/Nintendo64Manuals_201812/Rayman 2 - The Great Escape (USA) (En,Fr,De,Es,It).pdf
Re-Volt	https://archive.org/download/Nintendo64Manuals_201812/Re-Volt (USA).pdf
Ready 2 Rumble Boxing	https://archive.org/download/Nintendo64Manuals_201812/Ready 2 Rumble Boxing (USA).pdf
Resident Evil 2	https://archive.org/download/Nintendo64Manuals_201812/Resident Evil 2 (USA) (Rev A).pdf
Road Rash 64	https://archive.org/download/Nintendo64Manuals_201812/Road Rash 64 (USA).pdf
RR64 - Ridge Racer 64	https://archive.org/download/Nintendo64Manuals_201812/RR64 - Ridge Racer 64 (USA).pdf
Rugrats - Treasure Hunt	https://archive.org/download/Nintendo64Manuals_201812/Rugrats - Scavenger Hunt (USA).pdf
Rugrats in Paris - The Movie	https://archive.org/download/Nintendo64Manuals_201812/Rugrats in Paris - The Movie (USA).pdf
Rush 2 - Extreme Racing USA	https://archive.org/download/Nintendo64Manuals_201812/Rush 2 - Extreme Racing USA (USA).pdf
S.C.A.R.S.	https://archive.org/download/Nintendo64Manuals_201812/S.C.A.R.S. (USA).pdf
San Francisco Rush - Extreme Racing	https://archive.org/download/Nintendo64Manuals_201812/San Francisco Rush - Extreme Racing (USA) (En,Fr,De).pdf
San Francisco Rush 2049	https://archive.org/download/Nintendo64Manuals_201812/San Francisco Rush 2049 (USA).pdf
Shadow Man	https://archive.org/download/Nintendo64Manuals_201812/Shadow Man (USA).pdf
Shadowgate 64 - Trials of the Four Towers	https://archive.org/download/Nintendo64Manuals_201812/Shadowgate 64 - Trials of the Four Towers (USA) (En,Es).pdf
Snowboard Kids	https://archive.org/download/Nintendo64Manuals_201812/Snowboard Kids (USA).pdf
Snowboard Kids 2	https://archive.org/download/Nintendo64Manuals_201812/Snowboard Kids 2 (USA).pdf
South Park - Chef's Luv Shack	https://archive.org/download/Nintendo64Manuals_201812/South Park - Chef's Luv Shack (USA).pdf
South Park	https://archive.org/download/Nintendo64Manuals_201812/South Park (USA).pdf
SpaceStation Silicon Valley	https://archive.org/download/Nintendo64Manuals_201812/SpaceStation Silicon Valley (USA).pdf
Spider-Man	https://archive.org/download/Nintendo64Manuals_201812/Spider-Man (USA).pdf
Lylatwars	https://archive.org/download/Nintendo64Manuals_201812/Star Fox 64 (USA) (Rev A).pdf
Star Wars - Rogue Squadron	https://archive.org/download/Nintendo64Manuals_201812/Star Wars - Rogue Squadron (USA) (Rev A).pdf
Star Wars - Shadows of the Empire	https://archive.org/download/Nintendo64Manuals_201812/Star Wars - Shadows of the Empire (USA) (Rev B).pdf
Star Wars Episode I - Racer	https://archive.org/download/Nintendo64Manuals_201812/Star Wars Episode I - Racer (USA).pdf
StarCraft 64	https://archive.org/download/Nintendo64Manuals_201812/StarCraft 64 (USA).pdf
Super Mario 64	https://archive.org/download/Nintendo64Manuals_201812/Super Mario 64 (USA).pdf
Super Smash Bros.	https://archive.org/download/Nintendo64Manuals_201812/Super Smash Bros. (USA).pdf
Superman	https://archive.org/download/Nintendo64Manuals_201812/Superman (USA) (En,Fr,Es).pdf
Tigger's Honey Hunt	https://archive.org/download/Nintendo64Manuals_201812/Tigger's Honey Hunt (USA).pdf
Tom and Jerry in Fists of Furry	https://archive.org/download/Nintendo64Manuals_201812/Tom and Jerry in Fists of Furry (USA).pdf
Tom Clancy's Rainbow Six	https://archive.org/download/Nintendo64Manuals_201812/Tom Clancy's Rainbow Six (USA).pdf
Tonic Trouble	https://archive.org/download/Nintendo64Manuals_201812/Tonic Trouble (USA) (Rev A).pdf
Tony Hawk's Skateboarding	https://archive.org/download/Nintendo64Manuals_201812/Tony Hawk's Pro Skater (USA) (Rev A).pdf
Tony Hawk's Pro Skater 2	https://archive.org/download/Nintendo64Manuals_201812/Tony Hawk's Pro Skater 2 (USA).pdf
Tony Hawk's Pro Skater 3	https://archive.org/download/Nintendo64Manuals_201812/Tony Hawk's Pro Skater 3 (USA).pdf
Top Gear Overdrive	https://archive.org/download/Nintendo64Manuals_201812/Top Gear Overdrive (USA).pdf
Top Gear Rally	https://archive.org/download/Nintendo64Manuals_201812/Top Gear Rally (USA).pdf
Top Gear Rally 2	https://archive.org/download/Nintendo64Manuals_201812/Top Gear Rally 2 (USA).pdf
Toy Story 2 - Buzz Lightyear to the Rescue!	https://archive.org/download/Nintendo64Manuals_201812/Toy Story 2 (USA).pdf
Turok - Dinosaur Hunter	https://archive.org/download/Nintendo64Manuals_201812/Turok - Dinosaur Hunter (USA) (Rev B).pdf
Turok - Rage Wars	https://archive.org/download/Nintendo64Manuals_201812/Turok - Rage Wars (USA).pdf
Turok 2 - Seeds of Evil	https://archive.org/download/Nintendo64Manuals_201812/Turok 2 - Seeds of Evil (USA) (Rev A).pdf
Twisted Edge - Snowboarding	https://archive.org/download/Nintendo64Manuals_201812/Twisted Edge - Extreme Snowboarding (USA).pdf
V-Rally Edition 99	https://archive.org/download/Nintendo64Manuals_201812/V-Rally Edition 99 (USA).pdf
Vigilante 8	https://archive.org/download/Nintendo64Manuals_201812/Vigilante 8 (USA).pdf
Virtual Chess 64	https://archive.org/download/Nintendo64Manuals_201812/Virtual Chess 64 (USA) (En,Fr,Es).pdf
Waialae Country Club - True Golf Classics	https://archive.org/download/Nintendo64Manuals_201812/Waialae Country Club - True Golf Classics (USA) (Rev A).pdf
War Gods	https://archive.org/download/Nintendo64Manuals_201812/War Gods (USA).pdf
Wave Race 64 - Kawasaki Jet Ski	https://archive.org/download/Nintendo64Manuals_201812/Wave Race 64 (USA) (Rev A).pdf
Wayne Gretzky's 3D Hockey '98	https://archive.org/download/Nintendo64Manuals_201812/Wayne Gretzky's 3D Hockey '98 (USA).pdf
Wayne Gretzky's 3D Hockey	https://archive.org/download/Nintendo64Manuals_201812/Wayne Gretzky's 3D Hockey (USA) (Rev A).pdf
WCW vs. nWo - World Tour	https://archive.org/download/Nintendo64Manuals_201812/WCW vs. nWo - World Tour (USA) (Rev A).pdf
WCW-nWo Revenge	https://archive.org/download/Nintendo64Manuals_201812/WCW-nWo Revenge (USA).pdf
Wetrix	https://archive.org/download/Nintendo64Manuals_201812/Wetrix (USA) (En,Fr,De,Es,It,Nl).pdf
Wheel of Fortune	https://archive.org/download/Nintendo64Manuals_201812/Wheel of Fortune (USA).pdf
Operation WinBack	https://archive.org/download/Nintendo64Manuals_201812/WinBack - Covert Operations (USA).pdf
Wipeout 64	https://archive.org/download/Nintendo64Manuals_201812/Wipeout 64 (USA).pdf
World Driver Championship	https://archive.org/download/Nintendo64Manuals_201812/World Driver Championship (USA).pdf
WWF Attitude	https://archive.org/download/Nintendo64Manuals_201812/WWF Attitude (USA).pdf
WWF No Mercy	https://archive.org/download/Nintendo64Manuals_201812/WWF No Mercy (USA) (Rev A).pdf
WWF War Zone	https://archive.org/download/Nintendo64Manuals_201812/WWF War Zone (USA).pdf
Yoshi's Story	https://archive.org/download/Nintendo64Manuals_201812/Yoshi's Story (USA) (En,Ja).pdf
Nuclear Strike 64	https://archive.org/download/nuclear-strike-64-nus-ncee-usa/Nuclear Strike 64 %28NUS-NCEE-USA%29.pdf
Off Road Challenge	https://archive.org/download/off-road-challenge-n64-manual-nus-nofe-usa/Off Road Challenge N64 Manual %5BNUS-NOFE-USA%5D.pdf
Olympic Hockey 98	https://archive.org/download/olympic-hockey-98-n64-manual-nus-nhne-usa/Olympic Hockey Nagano 98 N64 Manual %5BNUS-NHNE-USA%5D.pdf
Paperboy	https://archive.org/download/paperboy-u-nype-usa-1/Paperboy_U-NYPE-USA %281%29.pdf
PGA European Tour Golf	https://archive.org/download/pga-european-tour-n64-manual-nus-neae-usa/PGA European Tour N64 Manual %5BNUS-NEAE-USA%5D.pdf
Polaris SnoCross	https://archive.org/download/polaris-snocross-n64-manual-nus-npxe-usa/Polaris SnoCross N64 Manual %5BNUS-NPXE-USA%5D.pdf
Power Rangers - Lightspeed Rescue	https://archive.org/download/power-rangers-lightspeed-rescue-n64-manual-nus-npue-usa/Power Rangers Lightspeed Rescue N64 Manual %5BNUS-NPUE-USA%5D.pdf
Quake	https://archive.org/download/quake-nus-nqke-usa/Quake %28NUS-NQKE-USA%29.pdf
Rally Challenge 2000	https://archive.org/download/rally-challenge-2000-n64-manual-nus-npqe-usa/Rally Challenge 2000 N64 Manual %5BNUS-NPQE-USA%5D.pdf
Rat Attack	https://archive.org/download/rat-attack-n64-manual-nus-nrte-usa/Rat Attack%21 N64 Manual %5BNUS-NRTE-USA%5D.pdf
Razor Freestyle Scooter	https://archive.org/download/razor-freestyle-scooter-n64-manual-nus-nfqe-usa/Razor Freestyle Scooter N64 Manual %5BNUS-NFQE-USA%5D.pdf
Ready 2 Rumble Boxing - Round 2	https://archive.org/download/ready-2-rumble-boxing-round-2-n64-manual-nus-n22e-usa/Ready 2 Rumble Boxing- Round 2 N64 Manual %5BNUS-N22E-USA%5D.pdf
Roadsters	https://archive.org/download/roadsters-1999-ucolor/Roadsters-1999Ucolor.pdf
Robotron 64	https://archive.org/download/robotron-64-nus-nrxe-usa/Robotron 64 %28NUS-NRXE-USA%29.pdf
Rocket - Robot on Wheels	https://archive.org/download/rocket-robot-on-wheels-n64-manual-nus-nsue-usa/Rocket- Robot On Wheels N64 Manual %5BNUS-NSUE-USA%5D.pdf
Scooby-Doo! - Classic Creep Capers	https://archive.org/download/scooby-doo-classic-creep-capers-n64-manual-nus-nsye-usa/Scooby Doo%21 Classic Creep Capers N64 Manual %5BNUS-NSYE-USA%5D.pdf
South Park Rally	https://archive.org/download/south-park-rally-n64-manual-nus-npre-usa/South Park Rally N64 Manual %5BNUS-NPRE-USA%5D.pdf
Space Invaders	https://archive.org/download/space-invaders-n-64-manual-nus-nive-usa/Space Invaders N64 Manual %5BNUS-NIVE-USA%5D.pdf
Star Soldier - Vanishing Earth	https://archive.org/download/star-soldier-vanishing-earth-n64-manual-nus-ns6e-usa/Star Soldier Vanishing Earth N64 Manual %5BNUS-NS6E-USA%5D.pdf
Star Wars Episode I - Battle for Naboo	https://archive.org/download/star-wars-episode-i-battle-for-n/Star-Wars-Episode-I-Battle-For-N.pdf
Starshot - Space Circus Fever	https://archive.org/download/starshot-space-circus-fever-n64-manual-nus-nsce-usa/Starshot- Space Circus Fever N64 Manual %5BNUS-NSCE-USA%5D.pdf
Stunt Racer 64	https://archive.org/download/stunt-racer-64-n64-manual-nus-nr3e-usa/Stunt Racer 64 N64 Manual %5BNUS-NR3E-USA%5D.pdf
Super Bowling	https://archive.org/download/super-bowling-n64-manual-nus-nbwe-usa/Super Bowling N64 Manual %5BNUS-NBWE-USA%5D.pdf
Supercross 2000	https://archive.org/download/supercross-2000-n64-manual-nus-nsxe-usa/Supercross 2000 N64 Manual %5BNUS-NSXE-USA%5D.pdf
Powerpuff Girls, The - Chemical X-Traction	https://archive.org/download/the-powerpuff-girls-chemical-x-traction-n-64-manual-nus-npqe-usa/The Powerpuff Girls- Chemical X-Traction N64 Manual %5BNUS-NPQE-USA%5D.pdf
Top Gear Hyper Bike	https://archive.org/download/top-gear-hyper-bike-n64-manual-nus-ngbe-usa/Top Gear Hyper-Bike N64 Manual %5BNUS-NGBE-USA%5D.pdf
Transformers - Beast Wars Transmetals	https://archive.org/download/transformers-beast-wars-transmetals-n64-manual-nus-nohe-usa/Transformers Beast Wars - Transmetals N64 Manual %5BNUS-NOHE-USA%5D.pdf
Triple Play 2000	https://archive.org/download/triple-play-2000-n64-manual-nus-n3pe-usa/Triple Play 2000 N64 Manual %5BNUS-N3PE-USA%5D.pdf
Turok 3 - Shadow of Oblivion	https://archive.org/download/turok-3-shadow-of-oblivion-nus-ntke-usa/Turok 3 - Shadow Of Oblivion %28NUS-NTKE-USA%29.pdf
Vigilante 8 - 2nd Offense	https://archive.org/download/vigilante-8-2nd-offense-n64-manual-nus-nvge-usa/Vigilante 8 2nd Offense N64 Manual %5BNUS-NVGE-USA%5D.pdf
Virtual Pool 64	https://archive.org/download/virtual-pool-64-n64-manual-nus-nvre-usa/Virtual Pool 64 N64 Manual %5BNUS-NVRE-USA%5D.pdf
WCW Backstage Assault	https://archive.org/download/wcw-backstage-assault-n64-manual-nus-nwve-usa/WCW Backstage Assault N64 Manual %5BNUS-NWVE-USA%5D.pdf
WCW Mayhem	https://archive.org/download/wcw-mayhem-n64-manual-nus-nwme-usa/WCW Mayhem N64 Manual %5BNUS-NWME-USA%5D.pdf
WCW Nitro	https://archive.org/download/wcw-nitro-n64-manual-nus-nw3e-usa/WCW Nitro N64 Manual %5BNUS-NW3E-USA%5D.pdf
World Cup 98	https://archive.org/download/world-cup-98-nus-n-8-we-usa/World Cup 98 %28NUS-N8WE-USA%29.pdf
Worms Armageddon	https://archive.org/download/worms-armageddon-nus-nade-usa/Worms Armageddon %28NUS-NADE-USA%29.pdf
Xena - Warrior Princess - The Talisman of Fate	https://archive.org/download/xena-warrior-princess-the-talisman-of-fate-n64-manual-nus-nxfe-usa/Xena Warrior Princess - The Talisman of Fate N64 Manual %5BNUS-NXFE-USA%5D.pdf
Fushigi no Dungeon - Fuurai no Shiren 2 - Oni Shuurai! Shiren Jou!	https://archive.org/download/tornekonodaiboukenfushiginodungeonsfchiresscans/Torneko no Daibouken - Fushigi no Dungeon - Manual %28Searchable%29.pdf
